2025-05-28 12:14:41,064 - INFO - Klasörler oluþturuldu: C:\Users\islim\OneDrive\Masaüstü\istanbul_trafik_analizi\backend\data, C:\Users\islim\OneDrive\Masaüstü\istanbul_trafik_analizi\backend\data\photos
2025-05-28 12:14:41,064 - INFO - API queries_quota: 60
2025-05-28 12:14:41,840 - INFO - Google Maps API baþarýyla baþlatýldý
2025-05-28 12:14:41,840 - INFO - Oteller aranýyor...
2025-05-28 12:14:42,483 - INFO - API'dan dönen sonuç sayýsý: 20
2025-05-28 12:14:45,272 - INFO - API'dan dönen sonuç sayýsý: 20
2025-05-28 12:14:48,179 - INFO - API'dan dönen sonuç sayýsý: 20
2025-05-28 12:14:48,179 - INFO - Toplam çekilen mekan: 60
2025-05-28 12:14:48,382 - INFO - Detay çekilen mekan: Kavi Seaside Hotel
2025-05-28 12:14:49,945 - INFO - Fotoðraf indirildi: C:\Users\islim\OneDrive\Masaüstü\istanbul_trafik_analizi\backend\data\photos\AXQCQNSzeAWjRoq3HxpdjnV-t1L1SGp1fCAFg3Cn6DOtXpfA1WpSYUHmK7fEdcmIDtMeiJGseHE4Cdygz9VK4VdRAuRwL7sM7uuF.jpg
2025-05-28 12:14:51,457 - INFO - Fotoðraf indirildi: C:\Users\islim\OneDrive\Masaüstü\istanbul_trafik_analizi\backend\data\photos\AXQCQNQFaeWvjrNby5m5FlvW9ZTLDlK219YQ7GgPHbTVr5iNVOIloMr2l5uDYLl3rzaC7yessBQrZdYkhIk1hV4U7h7cZK5L3QWf.jpg
2025-05-28 12:14:52,900 - INFO - Fotoðraf indirildi: C:\Users\islim\OneDrive\Masaüstü\istanbul_trafik_analizi\backend\data\photos\AXQCQNTtPWJLQOasE0U-d-juddCPBS3lqLOYipqS_8NnYt3zmuBTb5HyLWUqNnpW2vyjS4ENjeFYE64ZDVL4ITSw1fQ7eoGbxKVl.jpg
2025-05-28 12:14:54,119 - INFO - Fotoðraf indirildi: C:\Users\islim\OneDrive\Masaüstü\istanbul_trafik_analizi\backend\data\photos\AXQCQNRAlYsnwGzELkImPds00BsA3FPwolLiljt4ahEEsnAzI1cHMhQOYEk7Lo9QgB8e-UnygiLSF9Wbysm1YN0GsTo9YPQtdXC3.jpg
2025-05-28 12:14:55,300 - INFO - Fotoðraf indirildi: C:\Users\islim\OneDrive\Masaüstü\istanbul_trafik_analizi\backend\data\photos\AXQCQNRsyeGenLPRIkIIG2hxOP2SnUUX1LpFRslzg838dlEaHPV10l6HnFWZK4lvR1yYgL8dPgzMsJUlNLG2kgoNVKHpioi7v2TL.jpg
2025-05-28 12:14:57,025 - INFO - Fotoðraf indirildi: C:\Users\islim\OneDrive\Masaüstü\istanbul_trafik_analizi\backend\data\photos\AXQCQNRJ5CrVMbg7kqF7vcMEaGMk6mVImZuCkaVdksI-_r3zXTLLcjwrz5SGs3c723fIM5SNnvQzQT_02LlkOD4_cIBPWmy3xjx9.jpg
2025-05-28 12:14:58,484 - INFO - Fotoðraf indirildi: C:\Users\islim\OneDrive\Masaüstü\istanbul_trafik_analizi\backend\data\photos\AXQCQNSz7MWYSmGZsGoGQugV_YHaVCQk23eKf6knvu16PA5vNlj-oD-KiZ3pfd7_EYRZlORlbKiBAQZ72holSOI5iyDGe9zrWPKi.jpg
2025-05-28 12:14:59,668 - INFO - Fotoðraf indirildi: C:\Users\islim\OneDrive\Masaüstü\istanbul_trafik_analizi\backend\data\photos\AXQCQNTlnmyPdJFnP4_VqJmNlPuDcryDy1WgxoCgJ-DupuXJgQs9-hLo-j7e4GuIUmHed9GqehEMNEQeY0bY9-5qbR-cRN5V32xt.jpg
2025-05-28 12:15:01,093 - INFO - Fotoðraf indirildi: C:\Users\islim\OneDrive\Masaüstü\istanbul_trafik_analizi\backend\data\photos\AXQCQNSVXMd3w8mF7yluFvYsbDcuwFsMUr35X-ZuA1EHKiSEY71nFs3mTwyoUbJjkfhMgK2PoE3M8yBL3nlJq-VN_9SqWkDbRldc.jpg
2025-05-28 12:15:02,476 - INFO - Fotoðraf indirildi: C:\Users\islim\OneDrive\Masaüstü\istanbul_trafik_analizi\backend\data\photos\AXQCQNQNXtinSrnw33FwCc6pOvsvAy_YkzGSZrUXBKAk7cC8FcIAOfL8eNNrfn_EIBXTUy3DFoCLeHKVsSDB-gVosULDNw7pjvkg.jpg
2025-05-28 12:15:02,476 - INFO - Mekan iþlendi: Kavi Seaside Hotel
2025-05-28 12:15:04,645 - INFO - Detay çekilen mekan: Aruna Hotel Ýstanbul
2025-05-28 12:15:05,869 - INFO - Fotoðraf indirildi: C:\Users\islim\OneDrive\Masaüstü\istanbul_trafik_analizi\backend\data\photos\AXQCQNR--twEcFdvpIKB1qBdjiKLmxioSdqCAhVDzF5Md6vC7Vu2mixoF96tifFEz5_hMTUB2RtHwJNVvBjQ2pzie7zZya4Le6le.jpg
2025-05-28 12:15:07,239 - INFO - Fotoðraf indirildi: C:\Users\islim\OneDrive\Masaüstü\istanbul_trafik_analizi\backend\data\photos\AXQCQNTvn-iTv8TR2q8_UUKjaynKKNmyD73Tupq4eBS2pYu53pa_kfCAwz-g8WnbiCOI-wVSehh6id6CwP690ToIZkNx5T5_dizG.jpg
2025-05-28 12:15:08,265 - INFO - Fotoðraf indirildi: C:\Users\islim\OneDrive\Masaüstü\istanbul_trafik_analizi\backend\data\photos\AXQCQNSloPrhgp7y_1K0duwnr6TyiWuSslpNDJLFPQEEUapo24nHv-KtXfQp7m97-TvZbAqeWlHZwpDeinonqObfmxnWIGPfLFlC.jpg
2025-05-28 12:15:09,675 - INFO - Fotoðraf indirildi: C:\Users\islim\OneDrive\Masaüstü\istanbul_trafik_analizi\backend\data\photos\AXQCQNQblJ6rLKgpAFlxk92zWFfub49xCfAHcv8Q4fpE2VgSx4EBe7O3JIXqr0fFuH0BQBrC9G3YHKnlrxQE4WfVIL9Mvaw6dKOb.jpg
2025-05-28 12:15:10,911 - INFO - Fotoðraf indirildi: C:\Users\islim\OneDrive\Masaüstü\istanbul_trafik_analizi\backend\data\photos\AXQCQNQmAcyJJH6uLoNSVhhIJlqd4Q1_uyxxRazAKwQNzAfw-FXoMXdMN_PoDch2CPzGE8H_IZewD4aJ_Of3m99x165NPs91STMi.jpg
2025-05-28 12:15:12,242 - INFO - Fotoðraf indirildi: C:\Users\islim\OneDrive\Masaüstü\istanbul_trafik_analizi\backend\data\photos\AXQCQNSDu4qcQwPNCz_W0PIAOA3P-OUmwFXEvgObutIhHyAhGnyelhKeGTpSnNotfha0erRLXiHiaqGCotUFKR4NTwhqj-ho7DX_.jpg
2025-05-28 12:15:14,181 - INFO - Fotoðraf indirildi: C:\Users\islim\OneDrive\Masaüstü\istanbul_trafik_analizi\backend\data\photos\AXQCQNRGC7qGQs3is3RCHbt9tRJOE7KRnlJaQ-fdVKmh-mgPFQT_Be8bc4ka1efwsb6KYLMvW3HTQuQjKwfRa8sA8ATs0tjxaq5x.jpg
2025-05-28 12:15:15,379 - INFO - Fotoðraf indirildi: C:\Users\islim\OneDrive\Masaüstü\istanbul_trafik_analizi\backend\data\photos\AXQCQNSN_S9_PYl0GsIYzlBLLKUAGXOdStu0CH6Dmt3mctSH6Ahkrz3urIzSKdDvLkMb83MjdocTuWqlKs_joUXbqqgmVJlDgWIb.jpg
2025-05-28 12:15:16,689 - INFO - Fotoðraf indirildi: C:\Users\islim\OneDrive\Masaüstü\istanbul_trafik_analizi\backend\data\photos\AXQCQNREQXPGgx1-Uc5XuWoe9a8mcAY-Ent77kNFZpP0hdLpla80r5xuXN922AHyMctCFmNFlE9p9G6qwGtfrht4AVsE9yvGrsYx.jpg
2025-05-28 12:15:18,020 - INFO - Fotoðraf indirildi: C:\Users\islim\OneDrive\Masaüstü\istanbul_trafik_analizi\backend\data\photos\AXQCQNSIdQJsw-XfWlq0H3mbV5uiBhrV7knpmR7sdDzS20zuznkJOO_nZRz8rKIe1uNi0ftkd81ndlY1nnW_J76tTS7-2VkWibqF.jpg
2025-05-28 12:15:18,026 - INFO - Mekan iþlendi: Aruna Hotel Ýstanbul
2025-05-28 12:15:20,211 - INFO - Detay çekilen mekan: KOCAK PENSION OTEL
2025-05-28 12:15:21,126 - INFO - Fotoðraf indirildi: C:\Users\islim\OneDrive\Masaüstü\istanbul_trafik_analizi\backend\data\photos\AXQCQNSWaRmty2XI-G3oa-H43aXTvm9ZGxj73PsXNKejT8ak9kU46H0qFKTmWCs3vnVSnjboQ-N4o_cYs_DoY65dAPv6S48h1BRd.jpg
2025-05-28 12:15:22,390 - INFO - Fotoðraf indirildi: C:\Users\islim\OneDrive\Masaüstü\istanbul_trafik_analizi\backend\data\photos\AXQCQNTnykIQN6rkkpQowtNwJs9Q4ptE9NvvjSTrrHTHN2Xpcj3ARSgmtSuTarL9j9OYN6PR2GcSYvnQcin8PKeuJ8m3nZmbHMPQ.jpg
2025-05-28 12:15:23,738 - INFO - Fotoðraf indirildi: C:\Users\islim\OneDrive\Masaüstü\istanbul_trafik_analizi\backend\data\photos\AXQCQNTf-Dhh5mejYbIEOXCo6HPRxI3ATatOu-5OLOicQS4QNNe42kD07sVEFLP7DIeu46nAyWpe0Ew9y3Ntrh5yHdmr_4jSWVf0.jpg
2025-05-28 12:15:25,316 - INFO - Fotoðraf indirildi: C:\Users\islim\OneDrive\Masaüstü\istanbul_trafik_analizi\backend\data\photos\AXQCQNR6oSxyyribsLGiqwqw0OYax-fLSX-MmKyQD8MsmBXq6Pjq0Y3OsbhMTTiI4coaeOdFrWd-R7OgaDBjad81pMSd8hWNAS0R.jpg
2025-05-28 12:15:26,546 - INFO - Fotoðraf indirildi: C:\Users\islim\OneDrive\Masaüstü\istanbul_trafik_analizi\backend\data\photos\AXQCQNTmuGqIqSSwCJGUmtI8mRVwnHmDhBerm_kVkMIxEM2_COUDAinguxpA0tWtLXP2OhHrvZKke48_PQw8xwtP3QhezXXCAiI4.jpg
2025-05-28 12:15:27,741 - INFO - Fotoðraf indirildi: C:\Users\islim\OneDrive\Masaüstü\istanbul_trafik_analizi\backend\data\photos\AXQCQNRhfO3a5-VtfaieRTnZEJe-LJjVvkTXp3p4xFx-916H9AbwchD2lnAXJNzspzeyvPM4j35yUYYuwgGfIet0e68ojBdW0i5w.jpg
2025-05-28 12:15:29,481 - INFO - Fotoðraf indirildi: C:\Users\islim\OneDrive\Masaüstü\istanbul_trafik_analizi\backend\data\photos\AXQCQNTNlKM6pi1X0noIfBJPqUbx6EqmtLgh03t8UbZAU6GYLB2K1xbiIg7LblhGxEgPQM40JD5znXY77skzPA88WmP4IyUvsurx.jpg
2025-05-28 12:15:30,927 - INFO - Fotoðraf indirildi: C:\Users\islim\OneDrive\Masaüstü\istanbul_trafik_analizi\backend\data\photos\AXQCQNRwFWg6BPScw-l9ZGfaJWUY3Wh97v5mDJShdUCaciv5sitxWhJ16IMQthBN_6DP1k-VZRbIehq517QPnheVqZv01IF1eHHQ.jpg
2025-05-28 12:15:32,325 - INFO - Fotoðraf indirildi: C:\Users\islim\OneDrive\Masaüstü\istanbul_trafik_analizi\backend\data\photos\AXQCQNS-JSzb_ztT-pbYdT64f7bUA-3xuyigeYxB1T4F3itNvwtCKC1G4V32MDC-qnpP9p4mL12vLlsuRtVplY_LqNV2a0Icf4hj.jpg
2025-05-28 12:15:33,424 - INFO - Fotoðraf indirildi: C:\Users\islim\OneDrive\Masaüstü\istanbul_trafik_analizi\backend\data\photos\AXQCQNQBlLSWp0688Ro5TdHCw228CwTq1YwhVFg9Gyjiv5uQ94n-8HvW7ze4wIultHltyMcBJkKh6Hw5DWLsmVNNfWZJ4F0jUrMQ.jpg
2025-05-28 12:15:33,424 - INFO - Mekan iþlendi: KOCAK PENSION OTEL
2025-05-28 12:15:35,630 - INFO - Detay çekilen mekan: ERCÝYES HOTEL
2025-05-28 12:15:37,286 - INFO - Fotoðraf indirildi: C:\Users\islim\OneDrive\Masaüstü\istanbul_trafik_analizi\backend\data\photos\AXQCQNQgO0zA9HZZ0-LcxMcyjUMNUkeR41ubeecrDbL0FLhjAmnr522xKsomfe3axKxAMB8o0ULdV_D9RIcvhbcVuIj-2l806VoK.jpg
2025-05-28 12:15:38,613 - INFO - Fotoðraf indirildi: C:\Users\islim\OneDrive\Masaüstü\istanbul_trafik_analizi\backend\data\photos\AXQCQNRdqVR56z0AEWXqchPiJb6dYLWeiXjlPMJU18UbbHG2C8_vcmXjLtZ9Xy1eIXV4aUV129_Qep8sb93RaHQj0DFQvjodqadd.jpg
2025-05-28 12:15:40,361 - INFO - Fotoðraf indirildi: C:\Users\islim\OneDrive\Masaüstü\istanbul_trafik_analizi\backend\data\photos\AXQCQNQ2B-RuyJk8fg8pdx70alh5_LSOp_-N8FIWvTZ88wf6mB4op-rxOBnF93brtgyrLvkVm1jSLSKzeW6pAILVJLgnsigveFxF.jpg
2025-05-28 12:15:42,290 - INFO - Fotoðraf indirildi: C:\Users\islim\OneDrive\Masaüstü\istanbul_trafik_analizi\backend\data\photos\AXQCQNRz8iiMJWDcx-mBv0JbR_Sqorcnftb9jx-ppTMaojxkjA6dXWY2_SLhY-2TBtbCwXDFg1DyF5zs9Dq4n0TqwvWfD0OQAQYK.jpg
2025-05-28 12:15:43,768 - INFO - Fotoðraf indirildi: C:\Users\islim\OneDrive\Masaüstü\istanbul_trafik_analizi\backend\data\photos\AXQCQNTTwesUrNBwO2cDmzp4WaYUwZnM04GYYJrcICDrP7GJTjM9uYlfEKFRkGHSssJXh4v1u6s9yNmnjHdpnL1Dnw7Dwz3V6oj1.jpg
2025-05-28 12:15:45,161 - INFO - Fotoðraf indirildi: C:\Users\islim\OneDrive\Masaüstü\istanbul_trafik_analizi\backend\data\photos\AXQCQNSeKSBqkiryR8QnXto43Ov0x1wkdmticMJAZCanwCIwiZK2NFWz4xwID1kpIxXbrCPsQSSq4HwRGhniAee6DIpgxfV41RJR.jpg
2025-05-28 12:15:47,189 - INFO - Fotoðraf indirildi: C:\Users\islim\OneDrive\Masaüstü\istanbul_trafik_analizi\backend\data\photos\AXQCQNSFvzcz6OMtNw5uERZ5dOAEeyBHZE-uRLC-UAsuWmumVoREc56RQAHM9k2n1fc7cHr6NC9tvrOlSaUkm9FvXZK9VNXHlMYO.jpg
2025-05-28 12:15:48,741 - INFO - Fotoðraf indirildi: C:\Users\islim\OneDrive\Masaüstü\istanbul_trafik_analizi\backend\data\photos\AXQCQNT0NZd758jw-ThDCXGulgwjfQ3Una1bIBywCfapUpXTCgzxYDY8z6hui3n4UlUbyHag9ASsLSb-pDUEbYzXUeExhgABe-qW.jpg
2025-05-28 12:15:50,529 - INFO - Fotoðraf indirildi: C:\Users\islim\OneDrive\Masaüstü\istanbul_trafik_analizi\backend\data\photos\AXQCQNRI-FdpYt5YMhpIRTWvmZMfJvYImMwLvira4lA6l8RFb6Vjod8sZHJK0vGQ9_BWvMIx4NrmIB3bA1szuzzKRO7SieKAO8fX.jpg
2025-05-28 12:15:52,188 - INFO - Fotoðraf indirildi: C:\Users\islim\OneDrive\Masaüstü\istanbul_trafik_analizi\backend\data\photos\AXQCQNQrGco3uqXp0lYpEezyvLIsACzQ85YHofFqZKnOaAWsJQ4CLzP5aS2Uuwo7b5x2n5S6373KuykOnmsmM3DVnTyybLj9zdV0.jpg
2025-05-28 12:15:52,203 - INFO - Mekan iþlendi: ERCÝYES HOTEL
2025-05-28 12:15:54,347 - INFO - Detay çekilen mekan: Diyar Hotel
2025-05-28 12:15:55,233 - INFO - Fotoðraf indirildi: C:\Users\islim\OneDrive\Masaüstü\istanbul_trafik_analizi\backend\data\photos\AXQCQNQ15L0ylqBsqkdNVSI8WJBEa5eK_W_HYVwL8hEQYIsSJW2HXj21WtYodyWKFykWPwqJcbglXPYufA9SMSPOVGUzxtsS1daZ.jpg
2025-05-28 12:15:56,144 - INFO - Fotoðraf indirildi: C:\Users\islim\OneDrive\Masaüstü\istanbul_trafik_analizi\backend\data\photos\AXQCQNQQYl1j5eVS3VK-WNgMislh18I7brHrZtGumTmKIBenRgqWfTAdROvh562tkBekoXtb7VFlxMhXwjoatpRYqm0481Nh68By.jpg
2025-05-28 12:15:57,103 - INFO - Fotoðraf indirildi: C:\Users\islim\OneDrive\Masaüstü\istanbul_trafik_analizi\backend\data\photos\AXQCQNThFVIcSrAG5L5MDpaUpyQPHjU_KK8iT1QJO-dY7UqJMoC6CtEr9wcf-MSbWIrmtOfeX_WzWEtfMGPFTz0ahsg8AEFQ7PIE.jpg
2025-05-28 12:15:58,173 - INFO - Fotoðraf indirildi: C:\Users\islim\OneDrive\Masaüstü\istanbul_trafik_analizi\backend\data\photos\AXQCQNSCnROYrwNqT_HouiZ91frSqqcQvhvjbNDDurixrsKbWfYszFbF04pM4L05zWifMMDrzAQFXJ6-22Q681AX5xaoSTn9zs3M.jpg
2025-05-28 12:15:59,252 - INFO - Fotoðraf indirildi: C:\Users\islim\OneDrive\Masaüstü\istanbul_trafik_analizi\backend\data\photos\AXQCQNQC0YOZhAqMF8Pq6v8rs3LEybRpcc0RSZKWDGyrXpu5EO83BdHAsdOS3He5km_asfnysoCTLb_adjyVHetGEctzSLUhrAXP.jpg
2025-05-28 12:16:00,250 - INFO - Fotoðraf indirildi: C:\Users\islim\OneDrive\Masaüstü\istanbul_trafik_analizi\backend\data\photos\AXQCQNRf_sk9yRNGN3KypnruVpz4lEwRNu2Y8UkPuBmOXEtSAmwJ1xIA7aHE7ogy_WYMv8t4UQ5-983TGijcbMb8mInTYZRgApLb.jpg
2025-05-28 12:16:01,151 - INFO - Fotoðraf indirildi: C:\Users\islim\OneDrive\Masaüstü\istanbul_trafik_analizi\backend\data\photos\AXQCQNQqrK0TVVrCFEMriwfqe6JHMuqvCi2zNHoQ7EAyqRK1Q8DJGkKj4UHZ4fAMn3p5dvenRfKHSWpglBC-qUzwJCVHIzZOVsHE.jpg
2025-05-28 12:16:02,178 - INFO - Fotoðraf indirildi: C:\Users\islim\OneDrive\Masaüstü\istanbul_trafik_analizi\backend\data\photos\AXQCQNTJOCtC_XW-TOjJwSdUvoUOyrkQbLliTmPpBXNJfTpWRE9-ObCpLqkvwYke_JCtX6b8BFKL84jVGnWKAcYzhDoSJRI05Stb.jpg
2025-05-28 12:16:03,588 - INFO - Fotoðraf indirildi: C:\Users\islim\OneDrive\Masaüstü\istanbul_trafik_analizi\backend\data\photos\AXQCQNRbJ3-0rRj5dILwF4yryDo-VfzAhJKcHGCIOwKEkMt7mbCqE5NK7Tych52ZsekP7C7cnmur3ilXoqEfllXqNqSeOPFbVY2Y.jpg
2025-05-28 12:16:04,905 - INFO - Fotoðraf indirildi: C:\Users\islim\OneDrive\Masaüstü\istanbul_trafik_analizi\backend\data\photos\AXQCQNTffRHgDRqtsigS2Ln3uiMzd6YHKEhjgkIAEDXNGGVEJ3Tdt3Thi3sxyCZy6Hbz02yaVZ1XmvUH5ljTTpUXaqzBOrDjD_L8.jpg
2025-05-28 12:16:04,924 - INFO - Mekan iþlendi: Diyar Hotel
2025-05-28 12:16:07,113 - INFO - Detay çekilen mekan: Stay Inn Taksim Hostel
2025-05-28 12:16:08,343 - INFO - Fotoðraf indirildi: C:\Users\islim\OneDrive\Masaüstü\istanbul_trafik_analizi\backend\data\photos\AXQCQNSnTap6NxAX4WSEvcqvsqMDhwV_7qpUTqFYtBK1nRPKFS1luXjWtkDHReSi4XGNgDmz099aJEJlPo3YCpEHKvx7ixITBqG6.jpg
2025-05-28 12:16:09,542 - INFO - Fotoðraf indirildi: C:\Users\islim\OneDrive\Masaüstü\istanbul_trafik_analizi\backend\data\photos\AXQCQNRDxrwljagAHp5I5aShzpvIlna2c-RjbJNT_mxXL_Ns6ukW9lYcJEHs66eJN_OFeGMVJzfqxDYclt6jv5mcarAdo4B0Jrjb.jpg
2025-05-28 12:16:10,720 - INFO - Fotoðraf indirildi: C:\Users\islim\OneDrive\Masaüstü\istanbul_trafik_analizi\backend\data\photos\AXQCQNQYG7k1mWEdNEv2Ze1WTpgsWpqmWtkhH-1RsTas-InG3oaZIorNXuhgjzQSL7k6uSQxAfRB9deXh8zP9jpJeMW-b6evoI6V.jpg
2025-05-28 12:16:12,050 - INFO - Fotoðraf indirildi: C:\Users\islim\OneDrive\Masaüstü\istanbul_trafik_analizi\backend\data\photos\AXQCQNS1FfHJWTMcfmt2XzF91sB6DuaRf0oHRNGmOWAAmcy47AmICzEVujpbm34YTcwDlCOCgQmewlNwufdTnf-aYLl0LKvA-Hni.jpg
2025-05-28 12:16:13,478 - INFO - Fotoðraf indirildi: C:\Users\islim\OneDrive\Masaüstü\istanbul_trafik_analizi\backend\data\photos\AXQCQNTsZz43mwvHDhM5CyA_mX8vOqRvIw7rAJLja_QbV6b5rI8uzTOMXv-oGtyTCYtohEX8iqNoeG8StBfghOJOGqjBVsgJFmWK.jpg
2025-05-28 12:16:14,727 - INFO - Fotoðraf indirildi: C:\Users\islim\OneDrive\Masaüstü\istanbul_trafik_analizi\backend\data\photos\AXQCQNRkhuPH02k11nCIL7gsXpDHK19VHVZBFGJc6oqSfMsAFfV3Bp9cAVrA4Vf07HAClevwFtwRqQWkLJ-eeL5lyNHM44S0Y_2P.jpg
2025-05-28 12:16:15,956 - INFO - Fotoðraf indirildi: C:\Users\islim\OneDrive\Masaüstü\istanbul_trafik_analizi\backend\data\photos\AXQCQNQrtlUTyWOB6_Rt21MLfZhYkNMANEIGGA0cj3iZVNbygjf-_37bM6AsgpzRBhJJOQWTbxlKSlFLnruL6aquvekxYcVCm6qD.jpg
2025-05-28 12:16:16,985 - INFO - Fotoðraf indirildi: C:\Users\islim\OneDrive\Masaüstü\istanbul_trafik_analizi\backend\data\photos\AXQCQNRmYiY0hlJrn1dYnSH7P6AizAfPryODy-oEQCIT6f9ZCeMoWqZRycQJs-NE0WArEssXusytppQl4ENokZmmmchJMNAulr0H.jpg
2025-05-28 12:16:18,268 - INFO - Fotoðraf indirildi: C:\Users\islim\OneDrive\Masaüstü\istanbul_trafik_analizi\backend\data\photos\AXQCQNRjn4K1YzqfXjogF5W-o3QTl_fhpwnuzwm1O--9-K7qmsa1SF91RGwgkWz2pXH0tncpeyyvkToXp5-uMhpiQsWPvIdSI7Hk.jpg
2025-05-28 12:16:19,977 - INFO - Fotoðraf indirildi: C:\Users\islim\OneDrive\Masaüstü\istanbul_trafik_analizi\backend\data\photos\AXQCQNTlfgoVKF7hI5ft3l1NA2u9Pg5LfJaac50ZLSj7BsoJp1fbR_5l77OWqRtqiOnqBivJjqF900Y5U4KWjJ1mDn_B2BmWqdGz.jpg
2025-05-28 12:16:19,979 - INFO - Mekan iþlendi: Stay Inn Taksim Hostel
2025-05-28 12:16:22,126 - INFO - Detay çekilen mekan: Hotel Fatih
2025-05-28 12:16:23,103 - INFO - Fotoðraf indirildi: C:\Users\islim\OneDrive\Masaüstü\istanbul_trafik_analizi\backend\data\photos\AXQCQNT6ZuWWXicnjHW3BoAdwIpww7WN8VOb83if3_1iCb0vwscpxpXIPy4sYC5x8-tvRH14oUMR8QcXZqTM3HguhJcVUvQ4LPuk.jpg
2025-05-28 12:16:24,350 - INFO - Fotoðraf indirildi: C:\Users\islim\OneDrive\Masaüstü\istanbul_trafik_analizi\backend\data\photos\AXQCQNSDbkJ9j00U-Q6QKpYoqvQljY-nekG0Kfn_wsMQF5tAhXwV8aq6lGvVzeYN50ooBAIXdDPJ85_C4lDzK34YGo7pxh-wj1iH.jpg
2025-05-28 12:16:25,719 - INFO - Fotoðraf indirildi: C:\Users\islim\OneDrive\Masaüstü\istanbul_trafik_analizi\backend\data\photos\AXQCQNTxzd1bnxzEJgQF0JonNl_VCmYG6f8GLoTpxuI3yQ-yHRlnu5gVkeml0CxV7aMI1_GF01GhHIbFV4mKtX_F1H9NaHizCch8.jpg
2025-05-28 12:16:26,842 - INFO - Fotoðraf indirildi: C:\Users\islim\OneDrive\Masaüstü\istanbul_trafik_analizi\backend\data\photos\AXQCQNQ5yyKQoJEvreilFFB5alDmNL9FA4Ke9r4EFMExznFF0sQ6oQiWyoITxL9buk4cP7A3LIeX_3jahPtIVzxuJQ0inO6mjGdR.jpg
2025-05-28 12:16:27,990 - INFO - Fotoðraf indirildi: C:\Users\islim\OneDrive\Masaüstü\istanbul_trafik_analizi\backend\data\photos\AXQCQNRFrzW9h6Nhlg2B33fInZidDNNJwfz4S5wgrdedYxYVmCXezDfTpx35oH9IZxkl9nNwzk70z1pk-wmmggpyfiuxxr_mst7Q.jpg
2025-05-28 12:16:29,159 - INFO - Fotoðraf indirildi: C:\Users\islim\OneDrive\Masaüstü\istanbul_trafik_analizi\backend\data\photos\AXQCQNRofC8mEf5dwsWqsElZGtii07xftGbCv4Sz4WfqEnRgT0GnN_IinlvU0ZO_cwuCwLtU9ppUAVn-lz0kS5lzp1dgKdw9Gdch.jpg
2025-05-28 12:16:30,676 - INFO - Fotoðraf indirildi: C:\Users\islim\OneDrive\Masaüstü\istanbul_trafik_analizi\backend\data\photos\AXQCQNShQpIHwyYPcqtCO13aoSs832O4sBHyPvFSRv8g9I_RtOZGcK8wnkU2ofHCzYaOCAVWgbieqeBR40f68JoPSLdwuZqOQN4X.jpg
2025-05-28 12:16:31,969 - INFO - Fotoðraf indirildi: C:\Users\islim\OneDrive\Masaüstü\istanbul_trafik_analizi\backend\data\photos\AXQCQNThem1zzS3waFVZaAVfrXZHcbJ0A2cj2DnaQMYPo1h1d2Y3nhMAGEo83L-yVa6CbNMZfBqmaC4FakOWsnLEshsqQECWYq1U.jpg
2025-05-28 12:16:33,374 - INFO - Fotoðraf indirildi: C:\Users\islim\OneDrive\Masaüstü\istanbul_trafik_analizi\backend\data\photos\AXQCQNRASGubE-lj-62aOnmANcjiv7QA_FMJed8f_guGLH7jYnyzDRYJj-i8dDH8S17x371RTHvxBwNnnoYp1YCbW-7UhSe5k43Q.jpg
2025-05-28 12:16:34,773 - INFO - Fotoðraf indirildi: C:\Users\islim\OneDrive\Masaüstü\istanbul_trafik_analizi\backend\data\photos\AXQCQNSAuhn3HYVaLYdFQCODxc-ZrzxY83Q4jiC7WpzBw_RCxU3J60sH6x5SDEaghjBnujzG4qjbznJGWStrATz7imUE9EV3C0ji.jpg
2025-05-28 12:16:34,777 - INFO - Mekan iþlendi: Hotel Fatih
2025-05-28 12:16:36,919 - INFO - Detay çekilen mekan: Istanbul Palace Hotel
2025-05-28 12:16:37,926 - INFO - Fotoðraf indirildi: C:\Users\islim\OneDrive\Masaüstü\istanbul_trafik_analizi\backend\data\photos\AXQCQNQWTYhaTa1tIXKTzSNpTV_FPQqlfOFPbOgeAFOU1W2xq-x2Dyakbj5kcmhnb8UKXUtmR9TNCK6M7RWJAQFl_Z0OO0pnzpLI.jpg
2025-05-28 12:16:38,824 - INFO - Fotoðraf indirildi: C:\Users\islim\OneDrive\Masaüstü\istanbul_trafik_analizi\backend\data\photos\AXQCQNQhbRqCtWEfb8VOpOnEqNlJ2ouMr2Aclv8Hh0C5Vh-LelvZ4YPLgTeG7fERgAJ73CELFPuqXkv07n6W0Qe1lly7AklcyWR2.jpg
2025-05-28 12:16:39,886 - INFO - Fotoðraf indirildi: C:\Users\islim\OneDrive\Masaüstü\istanbul_trafik_analizi\backend\data\photos\AXQCQNSbBo7XnposE3DQTDzIATjdDTiNdWP0cfOwlxRnnjxKKBow9wXBDrHXKWm6YcF9Y1W3hWMCiQ_bZ_MRddcu_KXZT-tAr_sw.jpg
2025-05-28 12:16:41,386 - INFO - Fotoðraf indirildi: C:\Users\islim\OneDrive\Masaüstü\istanbul_trafik_analizi\backend\data\photos\AXQCQNR-SBgfwGFNU1sZCZMY_PgfNH4cFIIw5EnvzDw4saI41as9coTqIfwx2I8SRZy5IHRDHHVWl7G7OgxYFi1C3L9IdzBriRUe.jpg
2025-05-28 12:16:42,773 - INFO - Fotoðraf indirildi: C:\Users\islim\OneDrive\Masaüstü\istanbul_trafik_analizi\backend\data\photos\AXQCQNRr8BVwYuajz-GywlydF-vmT05yJI1gIs-bhZaCmVRpHIiMGbTS2AuV_3HlUevgxV5V7vxoKc7UaUpJc_z8cwugWS7664Va.jpg
2025-05-28 12:16:44,376 - INFO - Fotoðraf indirildi: C:\Users\islim\OneDrive\Masaüstü\istanbul_trafik_analizi\backend\data\photos\AXQCQNQFx72BIJJnnbdg6Lulgs1Ta-beA490jiz_wJI6BSDGuA0Tfxjaj3TamsDgBWEelEkLhQSMgDBf_L0mX4YQur7er546ZIRq.jpg
2025-05-28 12:16:45,676 - INFO - Fotoðraf indirildi: C:\Users\islim\OneDrive\Masaüstü\istanbul_trafik_analizi\backend\data\photos\AXQCQNTjelhY7a_JMEBWNdn5bl2kLH0GyCkdZBHVqdPp3s27K9fnOHhm7Gkg2Ku0PwM77qCJ9TGEMyS3Lf0Nyld_xZOK9iFOoxGu.jpg
2025-05-28 12:16:47,389 - INFO - Fotoðraf indirildi: C:\Users\islim\OneDrive\Masaüstü\istanbul_trafik_analizi\backend\data\photos\AXQCQNQ-mDvNWz_ewOOnL2ePveRXt7TZMI9-w0Mxton5LRhTdz0_zL5pBUA2ykNpNPXOOhoTgqd8YS20hj3kmx9O0mrEwpExqKx3.jpg
2025-05-28 12:16:49,168 - INFO - Fotoðraf indirildi: C:\Users\islim\OneDrive\Masaüstü\istanbul_trafik_analizi\backend\data\photos\AXQCQNQlqvVv42OPPPYBk6XsEKeFBw3b6sPY-47YmvICojH7PA9s7PsgCd-_Ip6GbajZ6gvzZ856IGDgNIjeAB_H9Bm8j5lhDxN9.jpg
2025-05-28 12:16:50,554 - INFO - Fotoðraf indirildi: C:\Users\islim\OneDrive\Masaüstü\istanbul_trafik_analizi\backend\data\photos\AXQCQNRiTqGF6DQH5RO4urRkj0mrReBI--nGVEt4f9GSJlTfm5D6EO2lzcfoCk82mphyJ5QCG0vQAIImU5OqTkBbedXS2mKeBT16.jpg
2025-05-28 12:16:50,558 - INFO - Mekan iþlendi: Istanbul Palace Hotel
2025-05-28 12:16:52,714 - INFO - Detay çekilen mekan: Sultanahmet Nu Hotel
2025-05-28 12:16:54,094 - INFO - Fotoðraf indirildi: C:\Users\islim\OneDrive\Masaüstü\istanbul_trafik_analizi\backend\data\photos\AXQCQNSsviq20JQXvbZyLSqw--4a_O8nk7uS3bUY0Z-2YoCj_ZJshiH8PIGBks1BVTsnxTxvpkRHXBdJQm8X6zcIoOhYpq0CRn81.jpg
2025-05-28 12:16:55,129 - INFO - Fotoðraf indirildi: C:\Users\islim\OneDrive\Masaüstü\istanbul_trafik_analizi\backend\data\photos\AXQCQNS3VPeH0REZkWL0setVkNXa0XM1ey3qQRlk-u_AHMTHvP2ltno2rNsKuMR6jLUDUDc3Z8oLc6oLT7j39MEla1yOkEjYcygq.jpg
2025-05-28 12:16:56,350 - INFO - Fotoðraf indirildi: C:\Users\islim\OneDrive\Masaüstü\istanbul_trafik_analizi\backend\data\photos\AXQCQNQcglXmRin6Uwrcp-JvA2La_3R4Dwekr_hnoDHBzDg_C37XQ-z2-UBWXzskukAMsE16yKy-bh_968g-uKSQsjbmA7-4FPSf.jpg
2025-05-28 12:16:58,437 - INFO - Fotoðraf indirildi: C:\Users\islim\OneDrive\Masaüstü\istanbul_trafik_analizi\backend\data\photos\AXQCQNQKXnsSopPtRdouwza_Aeqfq4E77r--1-BEnpVVU_c3PQIviLsHaxy9bE_brazUJE0_hu3pl6XA1PfYXYi3xF0vopcsf3d2.jpg
2025-05-28 12:16:59,551 - INFO - Fotoðraf indirildi: C:\Users\islim\OneDrive\Masaüstü\istanbul_trafik_analizi\backend\data\photos\AXQCQNQ0oI2Xk31Ex0Ir17a7uub4Z_0KUsONF-ofq_FSkLTxmOxqjG-k8lYB5L43NXxNws7Azz6J3ydKQw8S9mNlDYXCCDlpV-ki.jpg
2025-05-28 12:17:00,898 - INFO - Fotoðraf indirildi: C:\Users\islim\OneDrive\Masaüstü\istanbul_trafik_analizi\backend\data\photos\AXQCQNRA0QpvLDafPohHYFt4yvHF3IY5i8yKnCcc9vYTzEgBfoDagG62v0WhyNX_MAL7l1mzT7DyR0Qe7fz7_tMZOf70f508Gej8.jpg
2025-05-28 12:17:01,911 - INFO - Fotoðraf indirildi: C:\Users\islim\OneDrive\Masaüstü\istanbul_trafik_analizi\backend\data\photos\AXQCQNRnW0pHwxh0oLkYpGxSYck0DjHLZjRLU9JWVMXhWUYfRUMntcZTr_B3Xhvsx3XcPcqLeYlikhBgT-a1gg34gx-5lWMNtMEH.jpg
2025-05-28 12:17:03,484 - INFO - Fotoðraf indirildi: C:\Users\islim\OneDrive\Masaüstü\istanbul_trafik_analizi\backend\data\photos\AXQCQNS7SS_ehKZVVJvPmn_I9IcuTJNA4Tb5bUC5D5NeUauggkLk3lZ6QU9hOBSBzlMrYcApyvW4Zyv0Y4JxuJa7OrNhgnZIP6bn.jpg
2025-05-28 12:17:04,750 - INFO - Fotoðraf indirildi: C:\Users\islim\OneDrive\Masaüstü\istanbul_trafik_analizi\backend\data\photos\AXQCQNT63C6e2t17w1Ozwy9rC23SnIUDZp8vjp_a1seZ8R5XufEPUZM6NmT20j8W7rMZrVHlaSL0BIQWXwkGf6bfdrKsKduK90o3.jpg
2025-05-28 12:17:05,933 - INFO - Fotoðraf indirildi: C:\Users\islim\OneDrive\Masaüstü\istanbul_trafik_analizi\backend\data\photos\AXQCQNSI9wlUQIQ-OdPZ_kYZgBvwMbf3UA_29d2pxGkYTZBMsvjxo828lZsXP9JOkx3E4IzFQbnUF-yiYVJFadhV-5p7OodiTJQZ.jpg
2025-05-28 12:17:05,942 - INFO - Mekan iþlendi: Sultanahmet Nu Hotel
2025-05-28 12:17:08,116 - INFO - Detay çekilen mekan: Mates Port Hotel
2025-05-28 12:17:09,341 - INFO - Fotoðraf indirildi: C:\Users\islim\OneDrive\Masaüstü\istanbul_trafik_analizi\backend\data\photos\AXQCQNSVPck6cC-EfDQSi7XgMsh15nIzNmFOptfnxfuX52gGb_YnPPXnFR6CimJCWOTeKS73BFAEkcSWBpkQMgEh85f9T3d0YJbK.jpg
2025-05-28 12:17:10,638 - INFO - Fotoðraf indirildi: C:\Users\islim\OneDrive\Masaüstü\istanbul_trafik_analizi\backend\data\photos\AXQCQNQikYE9FOrHNHUCzGpKwtv8MVJsXdrmmUaoAxWa-ocmzBgytfVr1GBigo_4huCBDZSDh0bUjnrVLBDq2AgWj9lGBNuLi7_p.jpg
2025-05-28 12:17:11,834 - INFO - Fotoðraf indirildi: C:\Users\islim\OneDrive\Masaüstü\istanbul_trafik_analizi\backend\data\photos\AXQCQNQ3zTT-lsZsW38PiIixlJjsqpyxhInFvh2cHcRclyzR6yiu0-XkrfY5qlHH1wf9UyWgMocI7dHd2tutfgmR-hn5Ib3W2NXT.jpg
2025-05-28 12:17:12,864 - INFO - Fotoðraf indirildi: C:\Users\islim\OneDrive\Masaüstü\istanbul_trafik_analizi\backend\data\photos\AXQCQNTgDZKjhgtqNuEud44wJ8HuFAxINqPYyTYzvWxM8k3Q7gPFcvHgUFSEUDCZ9EREllWoaCRSNJ4j01-ZlIJc6kmJzTTNmtW8.jpg
2025-05-28 12:17:14,164 - INFO - Fotoðraf indirildi: C:\Users\islim\OneDrive\Masaüstü\istanbul_trafik_analizi\backend\data\photos\AXQCQNSEiZHrIp7ynOMdyaFE7M2l7CHR2Ib-vLJc4NCJ3RtKaNTHS4JCM2HZ9U5ieSTWuqU44mkZ9PcmIw4HY7iY3r5dCNvNvkR6.jpg
2025-05-28 12:17:15,274 - INFO - Fotoðraf indirildi: C:\Users\islim\OneDrive\Masaüstü\istanbul_trafik_analizi\backend\data\photos\AXQCQNRIRZqS8r-CbpsYN6UtFnYo9OKK6zzEccWGzunZXdkj536yNj-8Sh12vtV_WCVWibzDb5FAgDMY9gEtvuEt15m0m5dcgutz.jpg
2025-05-28 12:17:16,749 - INFO - Fotoðraf indirildi: C:\Users\islim\OneDrive\Masaüstü\istanbul_trafik_analizi\backend\data\photos\AXQCQNTNheIZYpIbiLVQ9Pf3WtLWBg4c0w5iuYlDsl26v4Hb1hZpKoGxB0jryH2sqpewJdGeK8gBn6sfVnTe8D9MgGUcmd_FPh0v.jpg
2025-05-28 12:17:18,141 - INFO - Fotoðraf indirildi: C:\Users\islim\OneDrive\Masaüstü\istanbul_trafik_analizi\backend\data\photos\AXQCQNT9aAOhGjAfAduDEidZs22r1WHG4EAl_5y-uvZqFGOFX6f9GwNGP3D04fqDKHenEHoxIadaa7-944pjcM1byttKWCmEzOvH.jpg
2025-05-28 12:17:19,431 - INFO - Fotoðraf indirildi: C:\Users\islim\OneDrive\Masaüstü\istanbul_trafik_analizi\backend\data\photos\AXQCQNQlFrrrXfVMI8rD7S6j81wLg4RaaZust5LbW5JCUeoBgUs6EVyitWzWoM8Vi9xVA2KLfp871hMD3bhAo9LAbwcKnqg3Iwpp.jpg
2025-05-28 12:17:20,982 - INFO - Fotoðraf indirildi: C:\Users\islim\OneDrive\Masaüstü\istanbul_trafik_analizi\backend\data\photos\AXQCQNQhmCIbK5uNincyFor5ACjZxWMeibs6XLEjmPVsd4mTaitboK_faq42t9-W3g4uc2fYH8uh4rO4BvbUrRMm8XIToA4NXx71.jpg
2025-05-28 12:17:21,000 - INFO - Mekan iþlendi: Mates Port Hotel
2025-05-28 12:17:23,144 - INFO - Detay çekilen mekan: THE LÝMA SUÝTES KADIKÖY
2025-05-28 12:17:24,150 - INFO - Fotoðraf indirildi: C:\Users\islim\OneDrive\Masaüstü\istanbul_trafik_analizi\backend\data\photos\AXQCQNSLd2_tcD7A7Ath2kJAQr5drzWy8uXhSLjab237ZmUFp6CyHZYP8PgVYrpM65b5RIwYJxhojZdxG98zoQMia9-DpqLQE_6k.jpg
2025-05-28 12:17:25,562 - INFO - Fotoðraf indirildi: C:\Users\islim\OneDrive\Masaüstü\istanbul_trafik_analizi\backend\data\photos\AXQCQNRE_8HbqQ6Dnvb2q1dVKhOUPkTE8I72vEbtjXQMywUio9gM4nKVaLqWLXk13qQOftC9R-HEufe03MOHM0UxBsgGbvz3_1iV.jpg
2025-05-28 12:17:26,576 - INFO - Fotoðraf indirildi: C:\Users\islim\OneDrive\Masaüstü\istanbul_trafik_analizi\backend\data\photos\AXQCQNTlloGU86WuxGpZ6Ui7IzWPkjuzeIGun9ZV0fQTPPVEK_tcXhaw8A_Xk_DgW4f3083iWQGa27B8wEoa-qi_YkdE9nKlf0xp.jpg
2025-05-28 12:17:27,673 - INFO - Fotoðraf indirildi: C:\Users\islim\OneDrive\Masaüstü\istanbul_trafik_analizi\backend\data\photos\AXQCQNSI9JxHvO70HXUPyGZ-YR4QowyoRXvlo6J4KAl8KPq51Dh9d59or8s9wiifFJTBwbH_YmoFFW4VHvIgwLMef_rKSfAe_qLT.jpg
2025-05-28 12:17:28,971 - INFO - Fotoðraf indirildi: C:\Users\islim\OneDrive\Masaüstü\istanbul_trafik_analizi\backend\data\photos\AXQCQNTizjyNvUNfJqo90h0u65gsRnVKYkHhVTHjK4arKg_LOn1Cm1ejY4Aa0JNTXFwJOdl0toG17RStONLJpWO5MkyHBnXHHKcb.jpg
2025-05-28 12:17:30,681 - INFO - Fotoðraf indirildi: C:\Users\islim\OneDrive\Masaüstü\istanbul_trafik_analizi\backend\data\photos\AXQCQNSBDvyvpMe7nCQ9P4xYt5HzbBnQjT6SdxyeL3-cUCM5yro_aQUG8aTvs9EJ4-cScmryQg02cCXFCgwaZAgM2sMw0fNptju0.jpg
2025-05-28 12:17:32,085 - INFO - Fotoðraf indirildi: C:\Users\islim\OneDrive\Masaüstü\istanbul_trafik_analizi\backend\data\photos\AXQCQNTf384E7JJggIZmKu8boTYsB2EeFPveCrt_zBtbkD7kw3_LtH1H4mdKlCwernn47N6Ss6gxe4pfuimqHYx4zO0F-wlCNX71.jpg
2025-05-28 12:17:33,463 - INFO - Fotoðraf indirildi: C:\Users\islim\OneDrive\Masaüstü\istanbul_trafik_analizi\backend\data\photos\AXQCQNRJZWFgo1fMlEtKchY4KGhvNfpPpOgGUBa5KaDrvKaIeOEdPSwDQNMvvl_bJx4UNETlNaPArmbIvTr9D7IVzq5O1WddYQPv.jpg
2025-05-28 12:17:34,491 - INFO - Fotoðraf indirildi: C:\Users\islim\OneDrive\Masaüstü\istanbul_trafik_analizi\backend\data\photos\AXQCQNT2UXDWqA73e4i3hrKZTLgXP0TEa8NIIJ72CVtwK5XYZFngnzIN_4bg0Qix0bLA-T-c9A8ewL4govB98vSpBTlMAQbtjH8N.jpg
2025-05-28 12:17:35,878 - INFO - Fotoðraf indirildi: C:\Users\islim\OneDrive\Masaüstü\istanbul_trafik_analizi\backend\data\photos\AXQCQNRyFUTpzbWd8Eq2Lq0oOaKHDlF4lRFBrBCsslGEHtLOdtyT-vPRGEs7iQodd8N-lHvbE83CQ4J78X_yvQmQRQ45_ZEsPUpV.jpg
2025-05-28 12:17:35,884 - INFO - Mekan iþlendi: THE LÝMA SUÝTES KADIKÖY
2025-05-28 12:17:38,030 - INFO - Detay çekilen mekan: Pasaport Pier Ýstanbul
2025-05-28 12:17:39,092 - INFO - Fotoðraf indirildi: C:\Users\islim\OneDrive\Masaüstü\istanbul_trafik_analizi\backend\data\photos\AXQCQNQmhXz_OhEdoRvjsPYaiBpefA6gOIxi64XOkuAPWBpBwWSPlNOCcklYHYPD5SidBFd17CeH6g_YYqMYrQlGaU4qI6SxqMDQ.jpg
2025-05-28 12:17:40,188 - INFO - Fotoðraf indirildi: C:\Users\islim\OneDrive\Masaüstü\istanbul_trafik_analizi\backend\data\photos\AXQCQNR6kaLu73R_uPkBSt4bcg1wwb2ahueKN_cbpjptMr56r41jpVjfF5ZmD10e5FVtivTLko5orSvUd6pEAj7cgoqF88Dis4JH.jpg
2025-05-28 12:17:41,828 - INFO - Fotoðraf indirildi: C:\Users\islim\OneDrive\Masaüstü\istanbul_trafik_analizi\backend\data\photos\AXQCQNSvpc99fB6F-N96cdYELQCSjr_UsUXkmXXDTh17PEsJfTLebHTsghe7FYGOMIhEZN8SocV1VOq3mA9yiBKYBDw9Aqb5LWHL.jpg
2025-05-28 12:17:43,014 - INFO - Fotoðraf indirildi: C:\Users\islim\OneDrive\Masaüstü\istanbul_trafik_analizi\backend\data\photos\AXQCQNR0Y1k0feWpxgvY4rfwCDiTILRvCLpawjEBbvv65qOU8lUMVOmbV6iHz7MenGjUW9Z0vPMqQidLrbstPeLBWSpLNfAdyj1a.jpg
2025-05-28 12:17:44,161 - INFO - Fotoðraf indirildi: C:\Users\islim\OneDrive\Masaüstü\istanbul_trafik_analizi\backend\data\photos\AXQCQNQUxP5KWkdk1oRdDlp4G4kCwzBtHalre0CJ-DDSJaMcuJ9VC7NxT-OCtns1_qbYovdM-yrvStoKPNEq8apdeRQUf-f0FIE_.jpg
2025-05-28 12:17:45,351 - INFO - Fotoðraf indirildi: C:\Users\islim\OneDrive\Masaüstü\istanbul_trafik_analizi\backend\data\photos\AXQCQNR3oS0ke0LE12EemYW6ztLf5VCbsdwI9ps0CRtsxzVPSv1nY_TIumuUYDHnmeMpzzx-RknL6CT9QM0eVhSku3z_Rt3bwaOf.jpg
2025-05-28 12:17:46,596 - INFO - Fotoðraf indirildi: C:\Users\islim\OneDrive\Masaüstü\istanbul_trafik_analizi\backend\data\photos\AXQCQNSQiLvqQsn339vdirqFK-G6HNXOp3UlaIckyhxoKK1-21M2aXN607SuFNYUPF9Kcyu9J2sZQH2o9uP2smQ8v04QWzkx6iao.jpg
2025-05-28 12:17:47,868 - INFO - Fotoðraf indirildi: C:\Users\islim\OneDrive\Masaüstü\istanbul_trafik_analizi\backend\data\photos\AXQCQNTDrMIEIdNq2_5s5i8iU0g6pGoDwz9P_A4WI4BUYUhUOPZ4z40HTxLWbPz9I5p4xEuWND0D_iJrJjxPbQ46oWNBYL8LuEHc.jpg
2025-05-28 12:17:49,081 - INFO - Fotoðraf indirildi: C:\Users\islim\OneDrive\Masaüstü\istanbul_trafik_analizi\backend\data\photos\AXQCQNQmyZ75jjxk6KB4819tCfv_7nKSGIn7vOdGRxUohA31z3XwTbE-TALX1XLi9ggjgDEsvdec-2Jy6elbyg9EFcIUlgPPGFl4.jpg
2025-05-28 12:17:50,637 - INFO - Fotoðraf indirildi: C:\Users\islim\OneDrive\Masaüstü\istanbul_trafik_analizi\backend\data\photos\AXQCQNQSvxQMrgEEWoBUFNGREi3ah_UmOfBtFFYeWhIDpI9S2_bVhR_fT4hSDwlJHzf29HWWeDNvD5NwqVqpEJxSGaLikmnF3gr2.jpg
2025-05-28 12:17:50,637 - INFO - Mekan iþlendi: Pasaport Pier Ýstanbul
2025-05-28 12:17:52,902 - INFO - Detay çekilen mekan: Istanbul Harmony Hostel
2025-05-28 12:17:54,646 - INFO - Fotoðraf indirildi: C:\Users\islim\OneDrive\Masaüstü\istanbul_trafik_analizi\backend\data\photos\AXQCQNQt-ZSk_AQSNF2uWKv3efd_lKkPjjUhW_tbv6RbtbZUA5Mbh1OJFVbVrtKAPYQ6-pL52szz0kkurU1RtWzjdp5EaB2bZV5c.jpg
2025-05-28 12:17:55,998 - INFO - Fotoðraf indirildi: C:\Users\islim\OneDrive\Masaüstü\istanbul_trafik_analizi\backend\data\photos\AXQCQNSvy-ulRjRNPQs0W-KsfkcHVT8jykUlDUaWIz3I5W3HI-leAeDDz3pNImzPyhaOVBUv-FYZF7v3jNTCDUiNR_4CDrPzb85S.jpg
2025-05-28 12:17:57,623 - INFO - Fotoðraf indirildi: C:\Users\islim\OneDrive\Masaüstü\istanbul_trafik_analizi\backend\data\photos\AXQCQNTD318rCOBiCzV21jxPYTwfl1p4-unkc33ZC5WZ_ER7Z4Pfa1o3lzH3SOTDM_b6AotzgOOH2QtdpmRYOS5f4xQehkQM3hOV.jpg
2025-05-28 12:17:58,966 - INFO - Fotoðraf indirildi: C:\Users\islim\OneDrive\Masaüstü\istanbul_trafik_analizi\backend\data\photos\AXQCQNRiMVFTYtqKARDsFW2BsNr4CPjDd9hqtybGIc2iz0PxeXnJiXwD_r6uWGCazjvnSVW-S8MX7uLVvd67P-HL468VnlUqDUZf.jpg
2025-05-28 12:18:00,268 - INFO - Fotoðraf indirildi: C:\Users\islim\OneDrive\Masaüstü\istanbul_trafik_analizi\backend\data\photos\AXQCQNR7z0Wva246XjOtCC5-yh_tX-BJQcjgyIcNFy242x9AFQbal25PsIMg9vv1HbYl8r_pjuuQvp0c6DOIOwStXhg8f1ZaqLhu.jpg
2025-05-28 12:18:01,529 - INFO - Fotoðraf indirildi: C:\Users\islim\OneDrive\Masaüstü\istanbul_trafik_analizi\backend\data\photos\AXQCQNQiqHOlIICHGplcsAdV9FRphGj3wt8_976ORAPL02s3JhLs8P7QjVMaigpFXJphVoB4bCeutJf9uJ4LQejUokowHW23GAbs.jpg
2025-05-28 12:18:02,643 - INFO - Fotoðraf indirildi: C:\Users\islim\OneDrive\Masaüstü\istanbul_trafik_analizi\backend\data\photos\AXQCQNStAiJGQIN6ORIiQLdsMAP0bLER3zLhjcsVGmOIZqwp5I8lKV7AXz9dLUUFjcMhb9Iv__11RmK20xBIB4VuTbe3Kspez-ln.jpg
2025-05-28 12:18:04,267 - INFO - Fotoðraf indirildi: C:\Users\islim\OneDrive\Masaüstü\istanbul_trafik_analizi\backend\data\photos\AXQCQNRrWhoenpvVackrbxHHHEsM2F3A_s1NjoZrNAM3i8_k-WUNImGOkGUK7NkKpfJj8Pnk4xTeBrKKU_Vy6oziC9Y57-sfWcwV.jpg
2025-05-28 12:18:05,650 - INFO - Fotoðraf indirildi: C:\Users\islim\OneDrive\Masaüstü\istanbul_trafik_analizi\backend\data\photos\AXQCQNQXD5FOHq1NwucQk8UWQRPQkVMtyuhre5kALz7iFxDB7QXRVyBIFQj9-Lu2mJJ8cmuM-I1LYjAeiwRl0xcYjRydMgE_DFTo.jpg
2025-05-28 12:18:07,144 - INFO - Fotoðraf indirildi: C:\Users\islim\OneDrive\Masaüstü\istanbul_trafik_analizi\backend\data\photos\AXQCQNRVWx7NIFSsfbrq74p50IOj-ZSBeKpB3QAQrugCKNrWFvGLiNwy3pzu44jrEwe1lW9LbTlIBZ2usxOhGnVTrvrgdg69mUex.jpg
2025-05-28 12:18:07,144 - INFO - Mekan iþlendi: Istanbul Harmony Hostel
2025-05-28 12:18:09,300 - INFO - Detay çekilen mekan: RÝVERSÝDE HOTEL
2025-05-28 12:18:10,504 - INFO - Fotoðraf indirildi: C:\Users\islim\OneDrive\Masaüstü\istanbul_trafik_analizi\backend\data\photos\AXQCQNTqmyFynMI1UwFNcQJuI63Lg3Ic6CD0eJYr-dXecWYlVSF3kJOX0jjGWJLZ8TqRH0ngJU4Xytii5tK1SFBohI5UOKRpq78E.jpg
2025-05-28 12:18:11,684 - INFO - Fotoðraf indirildi: C:\Users\islim\OneDrive\Masaüstü\istanbul_trafik_analizi\backend\data\photos\AXQCQNQ0F1q0pN6nLG65zzXmgPS4svCavZXQ9vjRwcpONmCV8MVuMp1us5o8_r7MD1yXXkHy6L9-I02mPz7hgURmrcBrvOuwF0-U.jpg
2025-05-28 12:18:12,748 - INFO - Fotoðraf indirildi: C:\Users\islim\OneDrive\Masaüstü\istanbul_trafik_analizi\backend\data\photos\AXQCQNTvlSeMVQetRJ4rjqZzn3wlQc3wp7sLjl8jBUSRCwG3BiyrtPFc-N5ovIKFQGLvP_TSF372XBRaC-Di64Wn7BVIXcfQKfPK.jpg
2025-05-28 12:18:13,778 - INFO - Fotoðraf indirildi: C:\Users\islim\OneDrive\Masaüstü\istanbul_trafik_analizi\backend\data\photos\AXQCQNSGMZmLJcSK7eNI3hjt20A9EkXaxK11RVENLa3FEimUjD5iBtbTKWsIIogScZVRVZ3XCU07bTLi8Fa8fFr6DqFKl0_1z2PH.jpg
2025-05-28 12:18:14,778 - INFO - Fotoðraf indirildi: C:\Users\islim\OneDrive\Masaüstü\istanbul_trafik_analizi\backend\data\photos\AXQCQNRzru3XdsO-QUwDj0c8vYG9GhHDhjEijehHTtgT76iK9wXD-FoUBaohKRxXuCZt5ufGFDm5Z8tdFxVzZfDuPOLjZKowo6og.jpg
2025-05-28 12:18:16,248 - INFO - Fotoðraf indirildi: C:\Users\islim\OneDrive\Masaüstü\istanbul_trafik_analizi\backend\data\photos\AXQCQNS2uDs1juPCI54aF_eoeWJpubBMY-HcsbsUALcVyhihHU_0cwb1fe3tOHjFZmX6smPLNL8liTQsFhcOKjxBbJxB7ngE86gl.jpg
2025-05-28 12:18:18,027 - INFO - Fotoðraf indirildi: C:\Users\islim\OneDrive\Masaüstü\istanbul_trafik_analizi\backend\data\photos\AXQCQNSm7n3yXMs80SD7IzpAHT7IN-_8OQeqfxzDXUkQmWs2qrRNsvEJ2X0CHtzJGojBsp22PARulZXaTxecLWOdAHNQGl9ZLnnq.jpg
2025-05-28 12:18:19,507 - INFO - Fotoðraf indirildi: C:\Users\islim\OneDrive\Masaüstü\istanbul_trafik_analizi\backend\data\photos\AXQCQNTJqg26fk-1qjLodI2xXxEwvmCoFwHBUSVTKc8v3AKNLTAhaZSPX0rrwH2y3LynkIEzz6bLKp-1Oh7pwNiiyb3p0TnrWi1T.jpg
2025-05-28 12:18:20,707 - INFO - Fotoðraf indirildi: C:\Users\islim\OneDrive\Masaüstü\istanbul_trafik_analizi\backend\data\photos\AXQCQNSLslqNVRZbrSVFxuE_x2jFPQXTJNreDRP_9CFL5dcZqwVFJb0oPgNB1PINVUKh3_ZO_ZNIEG1RaGd4jZ56swy_-NP0olER.jpg
2025-05-28 12:18:22,433 - INFO - Fotoðraf indirildi: C:\Users\islim\OneDrive\Masaüstü\istanbul_trafik_analizi\backend\data\photos\AXQCQNQsrrBO--GbfLjZ1-43-PTpK5NficarKz5sCTOqNF3-jitYwqDSVZlXonvqnnW5jb-K73Y-xORmLkwI_ZF9py-llEpea-WL.jpg
2025-05-28 12:18:22,437 - INFO - Mekan iþlendi: RÝVERSÝDE HOTEL
2025-05-28 12:18:24,648 - INFO - Detay çekilen mekan: ErenleR HoTeL & HosTeL
2025-05-28 12:18:25,845 - INFO - Fotoðraf indirildi: C:\Users\islim\OneDrive\Masaüstü\istanbul_trafik_analizi\backend\data\photos\AXQCQNSIRlUW240kjWpGVvIBQJd7PUDBpz2f0jXhnfJ_L319qAxY3ootw0Utgror_t1pqLq4RA6BTqx9sAXvyclp6CgiNt7QrQwk.jpg
2025-05-28 12:18:27,068 - INFO - Fotoðraf indirildi: C:\Users\islim\OneDrive\Masaüstü\istanbul_trafik_analizi\backend\data\photos\AXQCQNSirzOi6NEkaC1yj7ZMxWO3ULAyyQfgUeFWE5dd-k2VFmQiD_sBZRlovH7M3tbV8oXkpsvX-cXPNK83yfCLvG6Qn7HZjDyR.jpg
2025-05-28 12:18:28,657 - INFO - Fotoðraf indirildi: C:\Users\islim\OneDrive\Masaüstü\istanbul_trafik_analizi\backend\data\photos\AXQCQNTjh46U_RwAXG2eTXaHKyLHIZ55UkIWREORbyIJkHG8JhiY8Lv1ity5fGvQ9O37iWxNZE6CMVlDNTVAaS809fgWjgB_U-8C.jpg
2025-05-28 12:18:29,906 - INFO - Fotoðraf indirildi: C:\Users\islim\OneDrive\Masaüstü\istanbul_trafik_analizi\backend\data\photos\AXQCQNRyXMifO3Oo2p9KCjjRSObg2Pa6LvoH6I2r52lqwJnH3ey0eEow7Bb2VVh5ymNlxouZV019k40Uv7dKIuZgDvSZ4E47nX-N.jpg
2025-05-28 12:18:31,091 - INFO - Fotoðraf indirildi: C:\Users\islim\OneDrive\Masaüstü\istanbul_trafik_analizi\backend\data\photos\AXQCQNTzZWLjcxK4SZyx-96R5Cbh45zyhvi9zJvvachNCwfpSDDsK8bFl4WAxMofxY6o6NrR8Wnms1iyJ8A9Ca20FgfYfLtgDPdQ.jpg
2025-05-28 12:18:32,776 - INFO - Fotoðraf indirildi: C:\Users\islim\OneDrive\Masaüstü\istanbul_trafik_analizi\backend\data\photos\AXQCQNRG-rN46W54IApIe3YaCzpedJTv3t7IfiG6O3Pi_5fGQ3q4jAIwzpdoVzoQdBKIx2XDxve97nr3V3QT4s5USvWdkQTAqfQ3.jpg
2025-05-28 12:18:34,415 - INFO - Fotoðraf indirildi: C:\Users\islim\OneDrive\Masaüstü\istanbul_trafik_analizi\backend\data\photos\AXQCQNSglQ3dE8Z6OkzRyP4n-Ia4XTgIO9CKGxuQozAUOm-uhCr7QFzfAaIQyrHQbPM7gzsrEvnMcaDuhGrFmagXM-rB8O9s5KK7.jpg
2025-05-28 12:18:35,771 - INFO - Fotoðraf indirildi: C:\Users\islim\OneDrive\Masaüstü\istanbul_trafik_analizi\backend\data\photos\AXQCQNScZXfmu2LSoy-PuvY8lqm3KEQSTRR0_th5udJ6f-Ie1OnysLMIF_sHIS5yQEoHFxhjWzW2oBOdboPA3Do3foirewJRV4zn.jpg
2025-05-28 12:18:36,915 - INFO - Fotoðraf indirildi: C:\Users\islim\OneDrive\Masaüstü\istanbul_trafik_analizi\backend\data\photos\AXQCQNToCI-WrYVRk3HYPs8Dy8VG7S5Sfrxh0oYPy62a0Ox3_kBcsfUEKOskKpKtOHLY9ZsHK7BeMPPg2WpX5Wj2Bx0t-Lxyu8Kj.jpg
2025-05-28 12:18:37,975 - INFO - Fotoðraf indirildi: C:\Users\islim\OneDrive\Masaüstü\istanbul_trafik_analizi\backend\data\photos\AXQCQNR_uzugcheeDO4gUrmL5mccnbAeSDnAGYxRdbY0jZsTAVi_QKJcd10DBB0YKKH8foZts9kkf_51SXLH9OgfQ7rfxyjJJsFU.jpg
2025-05-28 12:18:37,981 - INFO - Mekan iþlendi: ErenleR HoTeL & HosTeL
2025-05-28 12:18:40,143 - INFO - Detay çekilen mekan: ÖZ DÜNYA HOTEL
2025-05-28 12:18:41,087 - INFO - Fotoðraf indirildi: C:\Users\islim\OneDrive\Masaüstü\istanbul_trafik_analizi\backend\data\photos\AXQCQNR98RFiif2aELrT3SDN7EGDeHRfVEDm418s8gPlkFrD2d8yUWe_URaPRpCf82hnyj1Z3eDZoKkWJdikubIziTqEXGz20e8K.jpg
2025-05-28 12:18:42,263 - INFO - Fotoðraf indirildi: C:\Users\islim\OneDrive\Masaüstü\istanbul_trafik_analizi\backend\data\photos\AXQCQNSsq6nca9RshTBbeU4ePlqgFP6lnuaEV5_O77v0kZJLDNXDB7y-p7AWb9_qakbA2hXjuTciGwsuJmUjwhK-553nG_w0Raue.jpg
2025-05-28 12:18:43,269 - INFO - Fotoðraf indirildi: C:\Users\islim\OneDrive\Masaüstü\istanbul_trafik_analizi\backend\data\photos\AXQCQNS3YTTwrQdKWvE-VXGIG-l_Pnilcb4e3au7jMTsSjn9uuS29D_FqhQIdpYMMRbKDv110lTapN1u-UJZE2oT8sjTJG_qjZj4.jpg
2025-05-28 12:18:44,726 - INFO - Fotoðraf indirildi: C:\Users\islim\OneDrive\Masaüstü\istanbul_trafik_analizi\backend\data\photos\AXQCQNQEsfCDGe9HFZZD0uryJrtm3Wegv_nMPt6a6l7ARP7VBvNJ6OfeEC8ScMpExXC2YPyUBD-xkRl4a8Lf8vcdHguPX6PYf7nq.jpg
2025-05-28 12:18:45,823 - INFO - Fotoðraf indirildi: C:\Users\islim\OneDrive\Masaüstü\istanbul_trafik_analizi\backend\data\photos\AXQCQNRrNdJkgU85BBDcmat1hBLWxOxhqjFE9tT6ySV_p2rBKn8vtzerh0mMYCUiYp5LZTWU4TyV3sHmnOt_Gtde84wcy6MtoK1L.jpg
2025-05-28 12:18:46,986 - INFO - Fotoðraf indirildi: C:\Users\islim\OneDrive\Masaüstü\istanbul_trafik_analizi\backend\data\photos\AXQCQNSUKl5mQ4o_r3JssEq_I4AHn1rukzDQIaMHS1622P9dG7EtkEdQQkvxtMHDPQ1-VT50BpfFCsPAxVBujBEcdRUwLs7PL3ds.jpg
2025-05-28 12:18:48,184 - INFO - Fotoðraf indirildi: C:\Users\islim\OneDrive\Masaüstü\istanbul_trafik_analizi\backend\data\photos\AXQCQNTd6Y_nnT2RDyizMZXndSqRwRqJkxg7WnXSAtE4DiADiXZIF3oMqbhtlp3NO14YQosaW2OuEeSCON-Gal4IhJgtbjy4FUr8.jpg
2025-05-28 12:18:49,180 - INFO - Fotoðraf indirildi: C:\Users\islim\OneDrive\Masaüstü\istanbul_trafik_analizi\backend\data\photos\AXQCQNT8kYtpqwXYc4yQtZqdgAbDVmH9duipWjgHdRFsr_vIdWBX9v7LncOCGp-2C7fn5YMGvP9xmkllXoby7_EkETTyp1tJeT_k.jpg
2025-05-28 12:18:50,144 - INFO - Fotoðraf indirildi: C:\Users\islim\OneDrive\Masaüstü\istanbul_trafik_analizi\backend\data\photos\AXQCQNTJCjoDk0RUOhv9-4hZCE_YdsJk9nEeVNxXpf0g9uK-QOFxCaj0Mxvqw0j90cNeAwEEw7pJLXS3WQCywJM4hfFY7kWoVgCA.jpg
2025-05-28 12:18:51,373 - INFO - Fotoðraf indirildi: C:\Users\islim\OneDrive\Masaüstü\istanbul_trafik_analizi\backend\data\photos\AXQCQNSW6P8VjDtpm1yBoRc5W7QsLWlOJ3u5bDpeQmq_rts2X5CURnKT6BP-PeMHRwpdLh7qh7fz4lxGrjggpKrcecqZH11mrEu0.jpg
2025-05-28 12:18:51,375 - INFO - Mekan iþlendi: ÖZ DÜNYA HOTEL
2025-05-28 12:18:53,546 - INFO - Detay çekilen mekan: þah hotel fatih
2025-05-28 12:18:54,866 - INFO - Fotoðraf indirildi: C:\Users\islim\OneDrive\Masaüstü\istanbul_trafik_analizi\backend\data\photos\AXQCQNRgfAdfbheVS0h2d8M3q7MzU7sGQQ7k3AfSA2YbrZvBOEG_DO8VdLjZr1uFssUyyTYRic0X9yTVy3mu5Lah4KjavSsRGy0M.jpg
2025-05-28 12:18:56,061 - INFO - Fotoðraf indirildi: C:\Users\islim\OneDrive\Masaüstü\istanbul_trafik_analizi\backend\data\photos\AXQCQNSDk_-Kv_DpNUjFgTp0_dFeRv2fsMIWrmvMUU_VTzwkqf54JJ0sGansD6iRfHdcJYp2qKRo24y2KJclutCAW0VFn0AX2Wts.jpg
2025-05-28 12:18:57,225 - INFO - Fotoðraf indirildi: C:\Users\islim\OneDrive\Masaüstü\istanbul_trafik_analizi\backend\data\photos\AXQCQNTZP8cajElCulX8NlwD9kCvyWMNcm6lvupcF5RLpSZmOG1qqoVXmRgW0XiU8CE1kfNdgf5jIS9Lro8f8q5OLNuuYGigeqWO.jpg
2025-05-28 12:18:58,915 - INFO - Fotoðraf indirildi: C:\Users\islim\OneDrive\Masaüstü\istanbul_trafik_analizi\backend\data\photos\AXQCQNTYINaHQ72uZkYJ0V64rQuZVV6gGHcP8l8XRJ9y_JlLAVOpkLZJY6DQ10p_KN8VqY-tSM_xOdyx1pHVp2fbX_Uvc_YbsWMU.jpg
2025-05-28 12:19:00,083 - INFO - Fotoðraf indirildi: C:\Users\islim\OneDrive\Masaüstü\istanbul_trafik_analizi\backend\data\photos\AXQCQNR_IGM_nGQ-X5mZIsQBU70aGchS5MG_ET2bB-snf7pNK7G__PQL7B09itpgVp8ZcrunXF0a21fLmAUwXYBLBt1taDIQiti-.jpg
2025-05-28 12:19:01,231 - INFO - Fotoðraf indirildi: C:\Users\islim\OneDrive\Masaüstü\istanbul_trafik_analizi\backend\data\photos\AXQCQNSLKrgePCnyrMGr8bni1ZhZoufNDcUpLlDWFbIIGYsrUVK_cPSdydnkQh82b0ZUZK7BbwT5lTcVJZP4wErQEoLavlWLjv2R.jpg
2025-05-28 12:19:02,379 - INFO - Fotoðraf indirildi: C:\Users\islim\OneDrive\Masaüstü\istanbul_trafik_analizi\backend\data\photos\AXQCQNQX4Tsj6YX9Mebxn0jCeJDIfF31IokW2lPAuo-Sdz8UI3_F1QcZsmwqVcuZknqDQVl8iymEMpKoj0lOrhNvX_oqeNMANHyc.jpg
2025-05-28 12:19:03,690 - INFO - Fotoðraf indirildi: C:\Users\islim\OneDrive\Masaüstü\istanbul_trafik_analizi\backend\data\photos\AXQCQNSBgbQBoLUmZm1EKiEGG9y5ErRTSm2r6XC8tyb824XiGPgWOnfe-f-RROpSU1dK1DWpiOcNunyXcrae3D0rwieRlX_2cvM0.jpg
2025-05-28 12:19:04,880 - INFO - Fotoðraf indirildi: C:\Users\islim\OneDrive\Masaüstü\istanbul_trafik_analizi\backend\data\photos\AXQCQNSkeOgOeIm4sjzpVE439JqAl8NBQDbAGj3lugh3Nf6zXU7kiXAgDv_xqv-U8SYlqckY-UUtNA3KBR_VUAIuIqwKLjcZ9wru.jpg
2025-05-28 12:19:05,950 - INFO - Fotoðraf indirildi: C:\Users\islim\OneDrive\Masaüstü\istanbul_trafik_analizi\backend\data\photos\AXQCQNRC_YtgPRRPtnwO-2-XhW7RLuq1ArbfbQZG7yEPBTrnBI0AQ3ErML2pfjrMcRN9OMNCnF5z6mPnFV1VhiV_5F8UpUyRQVx_.jpg
2025-05-28 12:19:05,966 - INFO - Mekan iþlendi: þah hotel fatih
2025-05-28 12:19:08,116 - INFO - Detay çekilen mekan: Ethnica Old City Hotel
2025-05-28 12:19:09,357 - INFO - Fotoðraf indirildi: C:\Users\islim\OneDrive\Masaüstü\istanbul_trafik_analizi\backend\data\photos\AXQCQNRQZsaNXEG_oSm4cEMTba5QOSIjfVurj9oFT29TGpGnrucXAZZDgRjg4OQQRIbHabcQS8SVyho04olC4IROD2AgaE7ILfTZ.jpg
2025-05-28 12:19:10,421 - INFO - Fotoðraf indirildi: C:\Users\islim\OneDrive\Masaüstü\istanbul_trafik_analizi\backend\data\photos\AXQCQNS8ocK_Hr8GkFDfQswhq6QRIMoDOejfzhLAOtB1CFTDZzOkLBfZanKXif24Djl_huQn1TcdnuIcllfTyqR39FbSoudcMeHh.jpg
2025-05-28 12:19:11,768 - INFO - Fotoðraf indirildi: C:\Users\islim\OneDrive\Masaüstü\istanbul_trafik_analizi\backend\data\photos\AXQCQNQ0phHs_FohPMRJ_4V3opIrsPku2_JDhPRmclMEchNz0ZB0AQGmu0hkyLpeNWqTbxpHcYaluxUfhzjdedRThzEm_RcLFoq1.jpg
2025-05-28 12:19:13,070 - INFO - Fotoðraf indirildi: C:\Users\islim\OneDrive\Masaüstü\istanbul_trafik_analizi\backend\data\photos\AXQCQNRimF6HoF_gfeYmgN0GLFLHBbESxiE91jACTN9uv5VGiXzolWYXkMcqFDuuPfNV-lnMGxlW1ae2caoxRVAa5ctOMtYRtVlS.jpg
2025-05-28 12:19:14,626 - INFO - Fotoðraf indirildi: C:\Users\islim\OneDrive\Masaüstü\istanbul_trafik_analizi\backend\data\photos\AXQCQNTUU8t4WtK_4Ye-c-UCeJa3eBBcwQrkUULbxVQ7-Nwt-tK6bg6UkJwEvfXqLcFfg81JX1Efy2PXQHXvZXSJq-bROIR0xnNt.jpg
2025-05-28 12:19:16,171 - INFO - Fotoðraf indirildi: C:\Users\islim\OneDrive\Masaüstü\istanbul_trafik_analizi\backend\data\photos\AXQCQNSddfOvfTHuXVN-1va5AMeJ2LJvZajKntyTVWs5lcOhLanMVNtE_J9J7-miEPo6PowzbxNuVElX6j4ToHzyC91IlPqPvb1p.jpg
2025-05-28 12:19:17,369 - INFO - Fotoðraf indirildi: C:\Users\islim\OneDrive\Masaüstü\istanbul_trafik_analizi\backend\data\photos\AXQCQNSiyG5qpfggTCW5CqbAtgLgT2fWQA3nLkIkbeRfcSZvzkJQGOn7ThvF3JEAg3ZElsIUwCWUAFafHFi-1u5PaFLEHiC9qv-k.jpg
2025-05-28 12:19:18,428 - INFO - Fotoðraf indirildi: C:\Users\islim\OneDrive\Masaüstü\istanbul_trafik_analizi\backend\data\photos\AXQCQNS5FehCmHb2OqDKkE-g4iDIweqviF3MG7Socbm_lrdPa-K82Tr3CHV4RiXhH4T567Ugn9wpXb552xtmmUDyNmg4SnbHxCJM.jpg
2025-05-28 12:19:19,875 - INFO - Fotoðraf indirildi: C:\Users\islim\OneDrive\Masaüstü\istanbul_trafik_analizi\backend\data\photos\AXQCQNQYzjfc7b69_vrvmkSSi-oDWHBWybsOmqhxc5XIGiTxmje6MYYJTd0271AXasdvOK0WLjqhz6ZXX_rc87qDNSOFeaIuwlYr.jpg
2025-05-28 12:19:20,974 - INFO - Fotoðraf indirildi: C:\Users\islim\OneDrive\Masaüstü\istanbul_trafik_analizi\backend\data\photos\AXQCQNRm-4_luADNWN79uWDnBsWILETyQydaOzFAyqN8F14YozN2K-4mZ8-YeSfIOTFJPAEXJuUBAQVOH8BuIj_C3Qkv9pRxP5ug.jpg
2025-05-28 12:19:20,975 - INFO - Mekan iþlendi: Ethnica Old City Hotel
2025-05-28 12:19:23,167 - INFO - Detay çekilen mekan: Rodin Hotel & Hostel
2025-05-28 12:19:24,364 - INFO - Fotoðraf indirildi: C:\Users\islim\OneDrive\Masaüstü\istanbul_trafik_analizi\backend\data\photos\AXQCQNSwST2at0gmozboCr8r356N7_zD1i5a33use8PuvgCytK7CTVaMWjmVusKDqBKDvpN5zt2W3u8qVS0QuQhB2w2fN_PgQZjy.jpg
2025-05-28 12:19:25,954 - INFO - Fotoðraf indirildi: C:\Users\islim\OneDrive\Masaüstü\istanbul_trafik_analizi\backend\data\photos\AXQCQNSiOIcYTzjbk88UFs-kGWmr1gh-DVum3VazCct9Eg5A6ihSNX9vjiBaOTDXSMztZOvM5Ya_HL1z5iF9QjXRsaNJ8gN87yiw.jpg
2025-05-28 12:19:27,043 - INFO - Fotoðraf indirildi: C:\Users\islim\OneDrive\Masaüstü\istanbul_trafik_analizi\backend\data\photos\AXQCQNSPt0W4Uj8saifZqyLtlDNVy2Cu0f9Co50lcxCSbr6hWvTzKPltbTXiVp4OEbcs7ww-FqyqzCyHrwdv6GxhYEO1YFpxAbkT.jpg
2025-05-28 12:19:28,563 - INFO - Fotoðraf indirildi: C:\Users\islim\OneDrive\Masaüstü\istanbul_trafik_analizi\backend\data\photos\AXQCQNScLxTHQgiG75AO5bkpDbjgXkqyRLQsDC_6LFzeUdGwVmMcUNCbFaw3KO4aod7LWWp32hQo34EWVAt2siXel_zzii3RLG1A.jpg
2025-05-28 12:19:29,592 - INFO - Fotoðraf indirildi: C:\Users\islim\OneDrive\Masaüstü\istanbul_trafik_analizi\backend\data\photos\AXQCQNTYsFKOBe3ypUgBTvnWCC58dRUsdpYrk3H2PXbg0PSZxVnn5rl_K1cjltYPDyUgjOReL5RtGVGQIcusQpjmW1FL-ZbWegrQ.jpg
2025-05-28 12:19:31,111 - INFO - Fotoðraf indirildi: C:\Users\islim\OneDrive\Masaüstü\istanbul_trafik_analizi\backend\data\photos\AXQCQNT-7PxiD-q7-IG75AOO3Pwicl2pn1go0I5jJ-OsuozrSSCz_fT10-Pr5Dinspcp7LJzjTTNOZXrw4h3yAYUK5EhKW4JhH00.jpg
2025-05-28 12:19:32,619 - INFO - Fotoðraf indirildi: C:\Users\islim\OneDrive\Masaüstü\istanbul_trafik_analizi\backend\data\photos\AXQCQNQd37rHMzECI1qKKvvOFIhf8T9jP7rAgKSvc0TAfmNr266y2f5UrIAsL2KI80-vNiuI85oZVBYnMX0EuQRI-iI54aFdS5GQ.jpg
2025-05-28 12:19:33,960 - INFO - Fotoðraf indirildi: C:\Users\islim\OneDrive\Masaüstü\istanbul_trafik_analizi\backend\data\photos\AXQCQNRM_2Pg7DWib73TMhMvHNTGikO1DSf5J1Uxh-HN8NTjh3cndvs_lnfNhZS6Wc0CQE1Xxuro5jYcANMy_tnuU6lMdZonxZWy.jpg
2025-05-28 12:19:35,388 - INFO - Fotoðraf indirildi: C:\Users\islim\OneDrive\Masaüstü\istanbul_trafik_analizi\backend\data\photos\AXQCQNRRXvu74xPxKH_hql-Efci5LzFU3bnkVVuIsjj9ysRCPykWS7Qw74qphYaMsJE3sZzkL-QYTGW19gOOxvZITH8bbhhwNFJg.jpg
2025-05-28 12:19:36,929 - INFO - Fotoðraf indirildi: C:\Users\islim\OneDrive\Masaüstü\istanbul_trafik_analizi\backend\data\photos\AXQCQNSNuoj9fagZgjICwat_56GlQr1NtkPnGCfr_jZns_9K9LsZfYHZ5Vdr-HM2tiCcHLs6mJhLvzCO99nPLlK2l07PDhzYZvt_.jpg
2025-05-28 12:19:36,933 - INFO - Mekan iþlendi: Rodin Hotel & Hostel
2025-05-28 12:19:39,104 - INFO - Detay çekilen mekan: Immortelle Hotel
2025-05-28 12:19:40,271 - INFO - Fotoðraf indirildi: C:\Users\islim\OneDrive\Masaüstü\istanbul_trafik_analizi\backend\data\photos\AXQCQNSEe2TIvTWLjyEBAJGbCcmRnCBZv54m_FEdD_u4sN6PMIWZLmD4A2QD1-dxYEauV0K7iOF1OejLIEgfFLPXHdMA2TogyfsJ.jpg
2025-05-28 12:19:41,611 - INFO - Fotoðraf indirildi: C:\Users\islim\OneDrive\Masaüstü\istanbul_trafik_analizi\backend\data\photos\AXQCQNTzV3641jiExuZ_31p6wpq4AE3QnOto3POVPksMmc54TOP01Vawd6gpthS2phfQcQCR6qP2Brq18g4t4wwXA1eaCpB17Jts.jpg
2025-05-28 12:19:42,858 - INFO - Fotoðraf indirildi: C:\Users\islim\OneDrive\Masaüstü\istanbul_trafik_analizi\backend\data\photos\AXQCQNRH44EVqLBFW5PvtjHEH_guUqn69CzX-0AErU5nED_mfA9r9WvLntDpCxJImh2-xr-dmu2Rf9oGcr30cN_pyvhjqjXT4w37.jpg
2025-05-28 12:19:44,057 - INFO - Fotoðraf indirildi: C:\Users\islim\OneDrive\Masaüstü\istanbul_trafik_analizi\backend\data\photos\AXQCQNRCTa6ibv-VucLiARTI0khWG9e4pxKcA0PB30KyBbKsu6gDw3wFc4n6yLzO-jn633W4Qrj8_v00fU_GiaXgY-MsSDdJEr-W.jpg
2025-05-28 12:19:45,155 - INFO - Fotoðraf indirildi: C:\Users\islim\OneDrive\Masaüstü\istanbul_trafik_analizi\backend\data\photos\AXQCQNREYEuVT4ZRrzy4RZA9s0r_w6elGhFE1gYqcImLKHypZP-jkR4z_GJU7VvuU14kbL7BUo_M7vaiuhemLeQ0ZKR3YRckeeCr.jpg
2025-05-28 12:19:46,402 - INFO - Fotoðraf indirildi: C:\Users\islim\OneDrive\Masaüstü\istanbul_trafik_analizi\backend\data\photos\AXQCQNRlUYSHyfP8cMKvfX7jZFW4ql4Vgb1X7QMmq7cR1joNrixRY7ASkAqsyCZo4C1UnZ82pldjU5gPiDKLA3qqoz3tIUmRNgEy.jpg
2025-05-28 12:19:47,875 - INFO - Fotoðraf indirildi: C:\Users\islim\OneDrive\Masaüstü\istanbul_trafik_analizi\backend\data\photos\AXQCQNSf8ibxfDxNyIHR4rekrNbqR7be-f52EOThxFW1ZspOrGsIjAyk88-MJBerITVKTLrxO0bujnrdZGoIquGEJ0qYVRDNVwUp.jpg
2025-05-28 12:19:48,983 - INFO - Fotoðraf indirildi: C:\Users\islim\OneDrive\Masaüstü\istanbul_trafik_analizi\backend\data\photos\AXQCQNSQW02CtcV9kkUGFhQxvWYKlK7cwwfJKw3S2xvXt9808dYL9AUSJWjDNUhkezwk0tAKG3m0Wllxa6bMQi5dJ5VQcwPSI43Q.jpg
2025-05-28 12:19:50,219 - INFO - Fotoðraf indirildi: C:\Users\islim\OneDrive\Masaüstü\istanbul_trafik_analizi\backend\data\photos\AXQCQNQj9VnEVOHMiJvdT9jGtBDUjDga01gkeGecCHcONnii8yCPpD-A44zohwY3ih08_8P_8QguHiUaZHEb9OG9yq1odx1ZEaII.jpg
2025-05-28 12:19:51,517 - INFO - Fotoðraf indirildi: C:\Users\islim\OneDrive\Masaüstü\istanbul_trafik_analizi\backend\data\photos\AXQCQNRIpWYtdp6-3dYNNDiYRCdBMY6Q2zPGu52CQRpAuceXuyD-57tNQagwi_fyjIqTRWqSV6HN8fEf7DR1vLZxK-soth6IFD-k.jpg
2025-05-28 12:19:51,521 - INFO - Mekan iþlendi: Immortelle Hotel
2025-05-28 12:19:53,663 - INFO - Detay çekilen mekan: Blue Ottoman Hotel
2025-05-28 12:19:54,917 - INFO - Fotoðraf indirildi: C:\Users\islim\OneDrive\Masaüstü\istanbul_trafik_analizi\backend\data\photos\AXQCQNS-3ZBRT1KAcDDBL8PXTK-BxlRtXKX_wHGg_H67eeJX3uqJE5szg6TPwriojiTlfGiJntgdwxHJW5BhEsWrfOmlYzFMWr5C.jpg
2025-05-28 12:19:56,276 - INFO - Fotoðraf indirildi: C:\Users\islim\OneDrive\Masaüstü\istanbul_trafik_analizi\backend\data\photos\AXQCQNTupdreluz9yT9Yo6qr28DgdGIG9S_xc1SluJ63QYsUIXc6c0E7NxZJRqHDwtgpdCUuDNvVvRmsu-qTlmZAcZK3AaKb17Br.jpg
2025-05-28 12:19:58,024 - INFO - Fotoðraf indirildi: C:\Users\islim\OneDrive\Masaüstü\istanbul_trafik_analizi\backend\data\photos\AXQCQNQsaydBbYaDBUEp4pmnVAZ6ALNh1IFoYrhZY_KL-9WN20Mx1IjAJ517XQqXrh0xirG1H7eE0f1diJ48oMG6RVDFITJzCnXy.jpg
2025-05-28 12:19:59,796 - INFO - Fotoðraf indirildi: C:\Users\islim\OneDrive\Masaüstü\istanbul_trafik_analizi\backend\data\photos\AXQCQNQ68kIsKwddCYp1hwPEaQrmRLyGTfwa55Ks7z9-7IvxUoY-JMBnNtftEM8iEs9De7HTCrY_dZEBEcWZMiJDbSudDRfi4XXv.jpg
2025-05-28 12:20:01,533 - INFO - Fotoðraf indirildi: C:\Users\islim\OneDrive\Masaüstü\istanbul_trafik_analizi\backend\data\photos\AXQCQNQexyZqxvmxuGve56_ur0lLTL0PvobVed1QeyIK90YYN6zV1wyOSLAx_GRJvn9UWOBdAX41tRC4wwxpkA4CSvmvVJGLtaf1.jpg
2025-05-28 12:20:02,911 - INFO - Fotoðraf indirildi: C:\Users\islim\OneDrive\Masaüstü\istanbul_trafik_analizi\backend\data\photos\AXQCQNSEIRM6vTgPFb-l2Wh6uFkVmAYx63DVX_VSaKwD4cE1roK-YNWtGuaXmdQhDz-caLLFOq8M68p9S1zGyBsqXpb3zHWXkvr3.jpg
2025-05-28 12:20:04,481 - INFO - Fotoðraf indirildi: C:\Users\islim\OneDrive\Masaüstü\istanbul_trafik_analizi\backend\data\photos\AXQCQNSH1BOekYOTDNO0fnbx-ioWVcPvwa8dIUfxp_i8qVbbACXhK-znox5yrFQUk4xqsrW71IEhKrdNi3swgaXsxXN-7OVP4-s7.jpg
2025-05-28 12:20:06,009 - INFO - Fotoðraf indirildi: C:\Users\islim\OneDrive\Masaüstü\istanbul_trafik_analizi\backend\data\photos\AXQCQNTzQjb1GNYS76m5J5Ss1MW8oL7cyOLKRqA0kRZYH_aoxTzvPVkYB9eKZGzfpRrW-qo98ylffxvyneeQDmT8ZUtLabkhj5Wo.jpg
2025-05-28 12:20:07,463 - INFO - Fotoðraf indirildi: C:\Users\islim\OneDrive\Masaüstü\istanbul_trafik_analizi\backend\data\photos\AXQCQNSjm8xAVKbvwjYpVHH06RuLO6OjjQC26c_qJG6bxXF1kzWdrrvs054pyiTDlV3X9hgT3nDoYXWk0wGPCm-_-M6kq3tN_lvx.jpg
2025-05-28 12:20:09,126 - INFO - Fotoðraf indirildi: C:\Users\islim\OneDrive\Masaüstü\istanbul_trafik_analizi\backend\data\photos\AXQCQNQt4uXlAeUMvONlAEGbfWHA8EjJI3LL5RnT7foglV1F09791iK4btwqCmpXUUTlu-i5SfcwvtStio8h_UK7EJRWCus8UNyl.jpg
2025-05-28 12:20:09,126 - INFO - Mekan iþlendi: Blue Ottoman Hotel
2025-05-28 12:20:11,308 - INFO - Detay çekilen mekan: Hotel Arinna
2025-05-28 12:20:12,515 - INFO - Fotoðraf indirildi: C:\Users\islim\OneDrive\Masaüstü\istanbul_trafik_analizi\backend\data\photos\AXQCQNTZV9MwOh_AhbVlN_vQfETcVyBz5JNMilg-yOe4JsxrA9GRi03JBPpGR21EBrFmxEyNoMV3GR2DRnSIdUz-XtZuNoZJ1ei5.jpg
2025-05-28 12:20:13,648 - INFO - Fotoðraf indirildi: C:\Users\islim\OneDrive\Masaüstü\istanbul_trafik_analizi\backend\data\photos\AXQCQNRnDGaXkIU4C3rdDVsbXD9w-0iPPlzjjErfDzRH3Ld31fx370t3d-VEmVCpDqzss_w3At19rkvvfscGoFp6ARnuPlXIHZx2.jpg
2025-05-28 12:20:14,910 - INFO - Fotoðraf indirildi: C:\Users\islim\OneDrive\Masaüstü\istanbul_trafik_analizi\backend\data\photos\AXQCQNTGfST-ubDRQuHNCyELkvFlxoxpVWs8sMV-7JEZpdWm9M82CD7t2NjgkTkcjMXfM1j-0MGtyQZGK7X8LDWiaPmdGZC6O4Fk.jpg
2025-05-28 12:20:16,384 - INFO - Fotoðraf indirildi: C:\Users\islim\OneDrive\Masaüstü\istanbul_trafik_analizi\backend\data\photos\AXQCQNTDoxVL-YhgA50Ss-LBV8kPo4gV3NenIgkkVJ3vHEIDrXru-wHseL3XZ0bHfzgMoofv5ORRnbjVgwne4JZo5G8tSMbXTuRX.jpg
2025-05-28 12:20:17,418 - INFO - Fotoðraf indirildi: C:\Users\islim\OneDrive\Masaüstü\istanbul_trafik_analizi\backend\data\photos\AXQCQNS-MIc4K5q1Xzo3xIkda3b5AcB-3MNrLP5qCWyfJJ_IPljt_49KdmqfEwvcaMU3O_uvGYM-rTL3Jk7B3eq8sQm7-zlFEUsn.jpg
2025-05-28 12:20:18,615 - INFO - Fotoðraf indirildi: C:\Users\islim\OneDrive\Masaüstü\istanbul_trafik_analizi\backend\data\photos\AXQCQNQrOiac5sXxziomeAKo2aXEGsDRArTjmQVSN2aRPD9QTGFCepqI98zPYW11uVM8tstsxqEz_pWy7JpqVjR5FkLhW2k8jWM3.jpg
2025-05-28 12:20:20,040 - INFO - Fotoðraf indirildi: C:\Users\islim\OneDrive\Masaüstü\istanbul_trafik_analizi\backend\data\photos\AXQCQNQL0XSOJAakVhpcTuWXyWKOMyTWuzfIvXPT0nzdCAJLCFY9XcjfgbzMwb19QKUDzUO0DfUA9dWgfQtXAdtv084YtgSP5SIg.jpg
2025-05-28 12:20:21,431 - INFO - Fotoðraf indirildi: C:\Users\islim\OneDrive\Masaüstü\istanbul_trafik_analizi\backend\data\photos\AXQCQNT3E245ZzLZH7PleyT8pjHKd69ej83BmPhkwKJQ5TqLE67Jk0JznNlKdC2-6Jm-efK9a9Tw-_cbCgrxDwyt_7mZUD1CVzxs.jpg
2025-05-28 12:20:22,670 - INFO - Fotoðraf indirildi: C:\Users\islim\OneDrive\Masaüstü\istanbul_trafik_analizi\backend\data\photos\AXQCQNSibQZbXkGfd_LPUCG1_DlPovtDj6EC5TdCCx-It--aAzgBKEQmP9O8vfaU3GwzYyM3ouI2kvnL_tNwGnTiCuQEUwqku1g_.jpg
2025-05-28 12:20:23,867 - INFO - Fotoðraf indirildi: C:\Users\islim\OneDrive\Masaüstü\istanbul_trafik_analizi\backend\data\photos\AXQCQNTOpKETNLDloKqEBr4TYa-OVaS9dQgPtR3RucOLTbnSh1EtZAoujk93FCIe-5o6fwCb7s7x73Dz8m9eoW_RJ1zzJa6_LamA.jpg
2025-05-28 12:20:23,873 - INFO - Mekan iþlendi: Hotel Arinna
2025-05-28 12:20:26,042 - INFO - Detay çekilen mekan: Ýstanbul Comfort Hotel
2025-05-28 12:20:27,058 - INFO - Fotoðraf indirildi: C:\Users\islim\OneDrive\Masaüstü\istanbul_trafik_analizi\backend\data\photos\AXQCQNSREvCWW8gR0iOYdoyLpQLVxN_JTDhjdOLfj7egDiymmRguPZ63-_5safcG3sE53UkVsB--ZTu4f6SL-UH_aefdniSt0ecM.jpg
2025-05-28 12:20:28,055 - INFO - Fotoðraf indirildi: C:\Users\islim\OneDrive\Masaüstü\istanbul_trafik_analizi\backend\data\photos\AXQCQNSfCgXzeG23mUg29ctFLKwDXMxnMwxJvw5Cb7AKJRVKQYW2Lb5noE1vqS0n2MZGFzJjRAY34YHRR7bMecHxBu4_2p5Ga4oi.jpg
2025-05-28 12:20:29,205 - INFO - Fotoðraf indirildi: C:\Users\islim\OneDrive\Masaüstü\istanbul_trafik_analizi\backend\data\photos\AXQCQNQTYF5HYIp-T5i8_qBLPQJ6zT0RlRN3hby7aw_rqTROGcC7ov2DWAMelo38Ac6CebjRhTRKmGTCh1CR2tqbr-faFswZRVnp.jpg
2025-05-28 12:20:30,254 - INFO - Fotoðraf indirildi: C:\Users\islim\OneDrive\Masaüstü\istanbul_trafik_analizi\backend\data\photos\AXQCQNQ4s_GdqdXObn4dFSAa2HosGjhA_KrtjdTS6_dc9LHawtCKFVfFzVtERzJW3PuNdJ5k6pzM8RnM6TDoi3PDsVBru4y0l3PY.jpg
2025-05-28 12:20:31,760 - INFO - Fotoðraf indirildi: C:\Users\islim\OneDrive\Masaüstü\istanbul_trafik_analizi\backend\data\photos\AXQCQNQoRnqBK-p4mAfunxfWL5bHxsJn5WsP0wCCdEb_SWNxeRyoO-foMtV0q0R-ufr0FoR0WBF80wdwNhECjUBDBGznHhEFDZg9.jpg
2025-05-28 12:20:32,978 - INFO - Fotoðraf indirildi: C:\Users\islim\OneDrive\Masaüstü\istanbul_trafik_analizi\backend\data\photos\AXQCQNRYQ4VQGE3G2QhRmmQs0bwj7emTjGHA39kjghfJoKJ3En7rt-Jo6d9pZ1Hf5CZtSO6ctIgA7AY2qlk9m6Su8G1rmv6FXwMl.jpg
2025-05-28 12:20:34,367 - INFO - Fotoðraf indirildi: C:\Users\islim\OneDrive\Masaüstü\istanbul_trafik_analizi\backend\data\photos\AXQCQNTnLEfIsfkKRXuK7W2sJeGD43l_0Pobw92dM6KhlBy2O6gypJggoO2mNy9ENJR4O3J256JYYIALW9wsHBHyd8PdSlBPAY7i.jpg
2025-05-28 12:20:35,552 - INFO - Fotoðraf indirildi: C:\Users\islim\OneDrive\Masaüstü\istanbul_trafik_analizi\backend\data\photos\AXQCQNTQEDfg7E8z6yh0r9BPzYrFp1JKMPV65qXhRdF0YAMNApt4tbIOEdW925l31f14weXtoEJ9tpacjq6hUX6Du51Vw0MXvCXn.jpg
2025-05-28 12:20:37,352 - INFO - Fotoðraf indirildi: C:\Users\islim\OneDrive\Masaüstü\istanbul_trafik_analizi\backend\data\photos\AXQCQNTLTadxbSNBHytI9EbZBU4HJk8UvoKSX9Iawr6JiIu3t6Cygemg1VMM2qdykqDLcljracnum_zJEAdTJQQWifzUgeECm2S4.jpg
2025-05-28 12:20:38,750 - INFO - Fotoðraf indirildi: C:\Users\islim\OneDrive\Masaüstü\istanbul_trafik_analizi\backend\data\photos\AXQCQNTr7hBoK7f8ypq3C0Ikme1tWOAsTp_gPFDP9N91GjVrR7FXTkZDLpAkpu6NGRg9ryozp6ky3Rw3q7SjRboI3-YVyaRk3pjG.jpg
2025-05-28 12:20:38,753 - INFO - Mekan iþlendi: Ýstanbul Comfort Hotel
2025-05-28 12:20:40,900 - INFO - Detay çekilen mekan: Hotel Metropol
2025-05-28 12:20:42,274 - INFO - Fotoðraf indirildi: C:\Users\islim\OneDrive\Masaüstü\istanbul_trafik_analizi\backend\data\photos\AXQCQNTAbi599JWf2WSKxuLcMU_Q17PkHo8GdtWcW4qYlTo2GqAvA10gvA5Yv0WKbgL_aRgIv1KR1ExYTVxuYWFNfw5fR2MrdP6M.jpg
2025-05-28 12:20:43,555 - INFO - Fotoðraf indirildi: C:\Users\islim\OneDrive\Masaüstü\istanbul_trafik_analizi\backend\data\photos\AXQCQNSgux6teMVcPR-Lm4HydczAlaqlkv5tgeGWX8c_kFMC7n3d1ytMLNQSQei_ECAKX0JdFULq0JXetIqG7_sfkUO8w9OcmlaS.jpg
2025-05-28 12:20:44,611 - INFO - Fotoðraf indirildi: C:\Users\islim\OneDrive\Masaüstü\istanbul_trafik_analizi\backend\data\photos\AXQCQNRm-sZ-EFIxn85AdI0eg7ncmzrXciizAstUYNMhiZDB3CdcfjdT5Un5I5jCQXFZ2OXbHRi23Cxd5aaDk2q7_an4vNBVG3vn.jpg
2025-05-28 12:20:45,841 - INFO - Fotoðraf indirildi: C:\Users\islim\OneDrive\Masaüstü\istanbul_trafik_analizi\backend\data\photos\AXQCQNRmAlTujGYkBGTw-NPGe2CNuKzxWoTUJkHWAQT2AbmrsAJWm7mGacXxuLDR29DG6MmFG2wxMx1TMhzNv76w4yZ_zae77yzk.jpg
2025-05-28 12:20:47,082 - INFO - Fotoðraf indirildi: C:\Users\islim\OneDrive\Masaüstü\istanbul_trafik_analizi\backend\data\photos\AXQCQNR5lwaMyk3wBxfnlFcm7G37SGsNiO0Wsdh0OjQJ3mIj1VCf_-jv7JYFQM4r1_DXRNtC_tCX26It1XtKp8HHTZyeSGoGBjoJ.jpg
2025-05-28 12:20:48,523 - INFO - Fotoðraf indirildi: C:\Users\islim\OneDrive\Masaüstü\istanbul_trafik_analizi\backend\data\photos\AXQCQNQ0HEtZTgxzY2v-Za6CPlfWuJeDylurI1m1Fi1fJa5wLHO7ap0LcL0eblGn46DsZMnCRHaQBnA2NMqNk2Pr7BZZ1iWW27cx.jpg
2025-05-28 12:20:49,662 - INFO - Fotoðraf indirildi: C:\Users\islim\OneDrive\Masaüstü\istanbul_trafik_analizi\backend\data\photos\AXQCQNRVVjw4zt39v5wPJdZu7O9ERbR_Uhk_byaUfxgy8YTzXiXO_8s94jEoEmtdj3QU-L5b5Iqb49fWKqJVhLIfyY0sCsv5J2IR.jpg
2025-05-28 12:20:51,041 - INFO - Fotoðraf indirildi: C:\Users\islim\OneDrive\Masaüstü\istanbul_trafik_analizi\backend\data\photos\AXQCQNST8vU0-jqnJl4z4ZrgCVEZaQs-Z5ZKnjAp3DN0dhLYMmZT-FLthrmVnQfbLgd6rUsXq_tK9pjrTn1i5udhWbRGgLCv32Qb.jpg
2025-05-28 12:20:51,961 - INFO - Fotoðraf indirildi: C:\Users\islim\OneDrive\Masaüstü\istanbul_trafik_analizi\backend\data\photos\AXQCQNSrBvPWLzkGEQT4d3ygtg_yFrKb4Itb3lMdo15RmtKUvcSZQqufFNUY-xjSp1XTU6mBOpZGn2mwzxujEMZS3MsHptySjA-g.jpg
2025-05-28 12:20:53,448 - INFO - Fotoðraf indirildi: C:\Users\islim\OneDrive\Masaüstü\istanbul_trafik_analizi\backend\data\photos\AXQCQNRhoDeJ31Fm5h4jyJCjSA7LEdWmDOPwaL3bab6HgJ2YMcnBWtRV7Ef_Sr9nfqL2CtCcpT2FMDRDxz4e8j2k-1DrZjp5fn32.jpg
2025-05-28 12:20:53,457 - INFO - Mekan iþlendi: Hotel Metropol
2025-05-28 12:20:55,604 - INFO - Detay çekilen mekan: The Reina Istanbul
2025-05-28 12:20:57,023 - INFO - Fotoðraf indirildi: C:\Users\islim\OneDrive\Masaüstü\istanbul_trafik_analizi\backend\data\photos\AXQCQNTozjaCTh2F5ehs8gjCO5vqwIRt68EQz5TpKrwXzgUzQFloVaxi9KB7r5w1HCSk4LE6gTsylLMYQOaXWdXTYC30mQrwu6MS.jpg
2025-05-28 12:20:58,643 - INFO - Fotoðraf indirildi: C:\Users\islim\OneDrive\Masaüstü\istanbul_trafik_analizi\backend\data\photos\AXQCQNSd9coUwrnGOg5MyBUQWklyn3HJMjpWRnJyod0uOTqNzpQ5DSNXuWhBpmwF6VVEQWHJQHGFTevd05f2Hfk7ODXOIUWo3TqY.jpg
2025-05-28 12:20:59,935 - INFO - Fotoðraf indirildi: C:\Users\islim\OneDrive\Masaüstü\istanbul_trafik_analizi\backend\data\photos\AXQCQNTVZw0BDO-787qjGKk5n6-3SeK60UNuhrqm06ISWPMHHsBaDN2X2GlIME-kPcX7QW-i3TMTWu_0jBkGn3KkQc2CswCBL9Ne.jpg
2025-05-28 12:21:01,319 - INFO - Fotoðraf indirildi: C:\Users\islim\OneDrive\Masaüstü\istanbul_trafik_analizi\backend\data\photos\AXQCQNRbUASIPsmfBQsUdN2icEve2fqZ2Muq0s-Vg7uMhaAEoDmO2DuuO-tCrPYpag_FtZ-W03aV1AQR93qEXTLfKXyNfD1IfJgG.jpg
2025-05-28 12:21:02,426 - INFO - Fotoðraf indirildi: C:\Users\islim\OneDrive\Masaüstü\istanbul_trafik_analizi\backend\data\photos\AXQCQNTp-o1ze2oT-X2oH4zUTlB9xA17tfMiGZYqIM1_DRn1UoS3yzs6lctvHIWADHbee0cO6VdXFupbQbsx8ulwfB_LkEnKl5gg.jpg
2025-05-28 12:21:03,709 - INFO - Fotoðraf indirildi: C:\Users\islim\OneDrive\Masaüstü\istanbul_trafik_analizi\backend\data\photos\AXQCQNThRlmYP4hdfbYHiUOzDVnixwwmrr3yIEiazLbC-eqxZMjeQSrnv2ZrUVMjuHU6IbjdzqpsqL1TUGjyUd6Futpy8OfWTLEO.jpg
2025-05-28 12:21:05,000 - INFO - Fotoðraf indirildi: C:\Users\islim\OneDrive\Masaüstü\istanbul_trafik_analizi\backend\data\photos\AXQCQNTLB2RxLUy1zckFQjNGvVF0dbRDOQNVlio-xd0QTVHZr0WhCsFER8-wVKpUqiBFosnm6KqyO5J4JCJRyvdlxlfwqX1M9ef-.jpg
2025-05-28 12:21:06,251 - INFO - Fotoðraf indirildi: C:\Users\islim\OneDrive\Masaüstü\istanbul_trafik_analizi\backend\data\photos\AXQCQNTUBPp208uuSWs5xdyw2Tn3moMJ3yPycWVbg-jMpOe0Pjy3eyjRsxdcEALQ7bZO46nHjXBawANXkQefupqTVAlESf9N8P5a.jpg
2025-05-28 12:21:07,553 - INFO - Fotoðraf indirildi: C:\Users\islim\OneDrive\Masaüstü\istanbul_trafik_analizi\backend\data\photos\AXQCQNSF5w8u6Dnq2e22ldyXa8pICMhlR5KsdyuZrcrWg_ou6iirdD3wnOSXSBjqR5nZ1hR5AGN_dn4cxvkP_uTV29ef5mmY4D4a.jpg
2025-05-28 12:21:08,757 - INFO - Fotoðraf indirildi: C:\Users\islim\OneDrive\Masaüstü\istanbul_trafik_analizi\backend\data\photos\AXQCQNRJzhZdcXmm49DLSqDa-vjSpbF18G_Oq-S-a3Iqeei5UP6MTTPLXe8m9DQwsxcrJl-mB-LUGfUtLTTjWEPbn4CGG6hQeqBE.jpg
2025-05-28 12:21:08,763 - INFO - Mekan iþlendi: The Reina Istanbul
2025-05-28 12:21:10,923 - INFO - Detay çekilen mekan: Kadikoy Port Hotel
2025-05-28 12:21:12,207 - INFO - Fotoðraf indirildi: C:\Users\islim\OneDrive\Masaüstü\istanbul_trafik_analizi\backend\data\photos\AXQCQNTwR7Xz8idyoahrfAIixWvAbzM5xw_bDkoaFyodyksXd6GKRRlYVMQ369V4Nj6PbCKeBeZp3ZcWIdhvYNNB26xWTICscQ4y.jpg
2025-05-28 12:21:13,215 - INFO - Fotoðraf indirildi: C:\Users\islim\OneDrive\Masaüstü\istanbul_trafik_analizi\backend\data\photos\AXQCQNTE-_XMOigdh7wzxnln1WjI2s-e2FY_KKTw-SDpCTP31RSrnO3Ui7-8_HBSC26HBKpHApiZ9DXqmLekIMVpwWeLT70ea0qM.jpg
2025-05-28 12:21:14,465 - INFO - Fotoðraf indirildi: C:\Users\islim\OneDrive\Masaüstü\istanbul_trafik_analizi\backend\data\photos\AXQCQNT52apukYB8T9I_BmCqM7A_HJ78eqoKOZiuIq1ZDoOAsQ_oAx76XL9NUnGrwHxkiyYB6drLQZPSDrrXvdGU8dxpZ51VvYyU.jpg
2025-05-28 12:21:15,624 - INFO - Fotoðraf indirildi: C:\Users\islim\OneDrive\Masaüstü\istanbul_trafik_analizi\backend\data\photos\AXQCQNT3Kxy4jGIS-44y1Ndo-cyWu9qDEWz5gCZf7Y2H18QpTCCYnq4xoOQK6xfZRCX33N1n3Om4KfI2vrs3qdyDELUrzSlTgzhF.jpg
2025-05-28 12:21:16,587 - INFO - Fotoðraf indirildi: C:\Users\islim\OneDrive\Masaüstü\istanbul_trafik_analizi\backend\data\photos\AXQCQNTokqbq-K-SvfzTdRG8vduahVjllxmp2Hp0kb07-OgY8nkOtRFiPzDrGqfcE4fkvB3jChA1FueioPnPIg0jgDtqTjHpIw8i.jpg
2025-05-28 12:21:17,702 - INFO - Fotoðraf indirildi: C:\Users\islim\OneDrive\Masaüstü\istanbul_trafik_analizi\backend\data\photos\AXQCQNSc95ZCm6aoKdqKQgGAYDAhPCsEiee6v2BCeyDEKJqFypppeYVOGn8lfxE25jg_wLaJSaqA3RcC08sOzHYrqGTPslyWE0yt.jpg
2025-05-28 12:21:18,715 - INFO - Fotoðraf indirildi: C:\Users\islim\OneDrive\Masaüstü\istanbul_trafik_analizi\backend\data\photos\AXQCQNRZNJpop4ovZAQcHucphIgyfJCG2H7fK_ssiNAhnfaHm0LxzE1VDjhEcKYL-Oabuhs3IX7cU8hgYPHWZ3CXWi3Xpu8hjy9Z.jpg
2025-05-28 12:21:20,061 - INFO - Fotoðraf indirildi: C:\Users\islim\OneDrive\Masaüstü\istanbul_trafik_analizi\backend\data\photos\AXQCQNScdiV8MitEZ3cyx8sMWvPWGFIR4yOKr9ad5_vWsiYlF6d18h3eg0yog47wPY1Z76PIQE4o5EP9vmID27kBCSMRtlzX3Py8.jpg
2025-05-28 12:21:21,536 - INFO - Fotoðraf indirildi: C:\Users\islim\OneDrive\Masaüstü\istanbul_trafik_analizi\backend\data\photos\AXQCQNSV6fkKjhskz0dllyFrfg3JAiK5Rm86TYRyB0rPBGXzpZ019mACtVZRXsXgRrWziYxy0uNw2wg-XtnxATkPHLGICUljXLrZ.jpg
2025-05-28 12:21:22,504 - INFO - Fotoðraf indirildi: C:\Users\islim\OneDrive\Masaüstü\istanbul_trafik_analizi\backend\data\photos\AXQCQNTxFLrgdUEkvSm0XpidBjpqle4oyacn65D64Pz8s1ttsZBEsRWXEnuPXhQFdAOGtLApEC-wZp6hyYTyWYl4nRFbwEV3tm0c.jpg
2025-05-28 12:21:22,504 - INFO - Mekan iþlendi: Kadikoy Port Hotel
2025-05-28 12:21:24,656 - INFO - Detay çekilen mekan: Black Art Hotel
2025-05-28 12:21:25,949 - INFO - Fotoðraf indirildi: C:\Users\islim\OneDrive\Masaüstü\istanbul_trafik_analizi\backend\data\photos\AXQCQNTSgow23re5LiVtX8muTx-Z084Ug-PWjKQ8m208-jAgoEdFytfdOL-nmO0tcuyr9XxtX32tk4bCMjFWCINX9__G9sG5_AaB.jpg
2025-05-28 12:21:27,224 - INFO - Fotoðraf indirildi: C:\Users\islim\OneDrive\Masaüstü\istanbul_trafik_analizi\backend\data\photos\AXQCQNTZPly_xDEgqQL4WXZsDi3THjisFzjv-FPZjxThzI6hIau-_Gr20iO8zYkAUIydOEgleNPmhvWP2sFQ8ojxzaGNn1-HWUpA.jpg
2025-05-28 12:21:28,523 - INFO - Fotoðraf indirildi: C:\Users\islim\OneDrive\Masaüstü\istanbul_trafik_analizi\backend\data\photos\AXQCQNTJdgAOMdpiTwPmWBCyDEPrKlw4Jal9iG1uF0OxuoclD-yMHqs16J9kWA1XABcMcSRYLgdCIvLq4S-b7pT0ATJOnDfN_SJq.jpg
2025-05-28 12:21:29,735 - INFO - Fotoðraf indirildi: C:\Users\islim\OneDrive\Masaüstü\istanbul_trafik_analizi\backend\data\photos\AXQCQNRJmwb_eB3yW0YcMZScxj5I6VbUvGdn7zPe2uY_b1j-ocVCgMJBVZH3i4V1qGDGT3ciwfMVPAIkkBfzZaOyP9ewYGUMgoOc.jpg
2025-05-28 12:21:31,281 - INFO - Fotoðraf indirildi: C:\Users\islim\OneDrive\Masaüstü\istanbul_trafik_analizi\backend\data\photos\AXQCQNRmMCGg_pamVBAwSZYQ1_LIErBUWMapNtJ7IhRt1PcN3OhXNOv83YYh6J9lOf8jknC8hh7FdNKTglfHdwDI2DysTwoCY9uP.jpg
2025-05-28 12:21:32,743 - INFO - Fotoðraf indirildi: C:\Users\islim\OneDrive\Masaüstü\istanbul_trafik_analizi\backend\data\photos\AXQCQNSKOUC_OMPKhw12ym7FBgq_Z_D6zaPvf6x4gVY_045HJ-ykfZjbsOARMwWh8DbBay-RsRYHq81TD2uDPSAnbwnDsBnWgFoK.jpg
2025-05-28 12:21:33,804 - INFO - Fotoðraf indirildi: C:\Users\islim\OneDrive\Masaüstü\istanbul_trafik_analizi\backend\data\photos\AXQCQNSubydxdKBu-xoEqmD-p9q8w0oHurcGjYW5AOHRU8VyAmV-KQHwCa1LL10sPfHePzA5Sfk7mfbC4XXJdjlzC2zFo5oEmmGg.jpg
2025-05-28 12:21:35,119 - INFO - Fotoðraf indirildi: C:\Users\islim\OneDrive\Masaüstü\istanbul_trafik_analizi\backend\data\photos\AXQCQNScfGm3yoh4SfF8rg_PI6ENaBfcyDXwU-I555H_kNoq-Tfe33IjZ6QBecPP7VIQqmFKIjXGEyTGpD1QNryBXTqyMcdssYUa.jpg
2025-05-28 12:21:36,234 - INFO - Fotoðraf indirildi: C:\Users\islim\OneDrive\Masaüstü\istanbul_trafik_analizi\backend\data\photos\AXQCQNRjtNu3KCYmsbVzbl2ApKHNMoPw53e4cbCX7MWcoKBjuOrxoKrOWQgBQn6uXIqjqPMNne89VyfiQy6quIVzGTQRIZL8iMHo.jpg
2025-05-28 12:21:37,613 - INFO - Fotoðraf indirildi: C:\Users\islim\OneDrive\Masaüstü\istanbul_trafik_analizi\backend\data\photos\AXQCQNQgJYu37G7ZEMkOm9Wb6FsnNM-bhnrMCKqFbPf0iSgWzjdXfnCSFBz9naz2c_LBhqhXKDJV-nKU-oGKEDlfi5kszHcnAvrf.jpg
2025-05-28 12:21:37,617 - INFO - Mekan iþlendi: Black Art Hotel
2025-05-28 12:21:39,769 - INFO - Detay çekilen mekan: Rota Star Hotel Beyoðlu
2025-05-28 12:21:40,770 - INFO - Fotoðraf indirildi: C:\Users\islim\OneDrive\Masaüstü\istanbul_trafik_analizi\backend\data\photos\AXQCQNQ7z3_Ct4oSBBw2y8YGxrabz6Q5K8n_80UFZIhaFaLMlN2sqUhnzR-2Szvs6gKBm_iKldT9lodhPnFh-jd7RyUdm7kyaTbR.jpg
2025-05-28 12:21:41,828 - INFO - Fotoðraf indirildi: C:\Users\islim\OneDrive\Masaüstü\istanbul_trafik_analizi\backend\data\photos\AXQCQNR8JaIAJp9gC9kM34PQPuKN-5nhzN4tsxClQbqcxyk1pKw9JK1-GKZC5NKBb3WHI7DLfJGfr54mGGMu8D_5rW1KGs8butvP.jpg
2025-05-28 12:21:43,713 - INFO - Fotoðraf indirildi: C:\Users\islim\OneDrive\Masaüstü\istanbul_trafik_analizi\backend\data\photos\AXQCQNRs630ZSAXa091Ftn0MZ1EbhCVgKQpbBoyRvnj-UJOM5ejjYmidCWvVgivAojVjn9lIwFPWWzOwOG8BF0m1xEZvRyFJIgZ6.jpg
2025-05-28 12:21:44,712 - INFO - Fotoðraf indirildi: C:\Users\islim\OneDrive\Masaüstü\istanbul_trafik_analizi\backend\data\photos\AXQCQNTjq1Pkb5-gu8xuwkiiYKktGPcoBa-k8_ADFctx2L_Lo8ORXohNnz-AiloUgUQr9cYipdUYjt7AOJyqJLoc-KooJJ4YKyz1.jpg
2025-05-28 12:21:45,807 - INFO - Fotoðraf indirildi: C:\Users\islim\OneDrive\Masaüstü\istanbul_trafik_analizi\backend\data\photos\AXQCQNQLG3bgX--v3T1xqAtsPjaXfT2vhf_wf2Q7fgjhVxmrHaSRE3LlnZDonVy52GzpP2T0gWQKkbhznnYrJuSmbZXjGSl_G5lM.jpg
2025-05-28 12:21:47,207 - INFO - Fotoðraf indirildi: C:\Users\islim\OneDrive\Masaüstü\istanbul_trafik_analizi\backend\data\photos\AXQCQNRDXE_GbJxeFn3RE01eXnN9tipwCfS6NOoMx3XKhUjVWW3xdXBPlC8hmO2RhPdsgvcs_rGOi31WWugm77dVjYLHeTTa827I.jpg
2025-05-28 12:21:48,648 - INFO - Fotoðraf indirildi: C:\Users\islim\OneDrive\Masaüstü\istanbul_trafik_analizi\backend\data\photos\AXQCQNQQhJcesNwiAmNQWvtuxB83tMFQH11ywaK0ZSJ4uzzR4X-hRa3b1AiE2GqiN8zRQIl4zkkkQ3B__PAZjdYbtCFn0C8a0ryA.jpg
2025-05-28 12:21:49,782 - INFO - Fotoðraf indirildi: C:\Users\islim\OneDrive\Masaüstü\istanbul_trafik_analizi\backend\data\photos\AXQCQNSyf4CyRPzl36Axn_6tRSzR1KwfAaMMuvdKOeJKJuwXKdfK_oc-JRU3xNeOmkspYYpUHQzXmMVzfZftjdDne7Iuxj5bMmkA.jpg
2025-05-28 12:21:50,893 - INFO - Fotoðraf indirildi: C:\Users\islim\OneDrive\Masaüstü\istanbul_trafik_analizi\backend\data\photos\AXQCQNTbGjNifZkI2OV4LEPhv8Eo5Mnk0-iAsGAFLq_GF4Yft1b9p2qaEUFvrXDbMyPhxFqRoTGUH257WzUrlISRI56trpw6SqE1.jpg
2025-05-28 12:21:51,856 - INFO - Fotoðraf indirildi: C:\Users\islim\OneDrive\Masaüstü\istanbul_trafik_analizi\backend\data\photos\AXQCQNRExRwtqLo498QOSbhW1yk61MMc5Dh8AlqNXLBgt4lcUjBl5I9Uq3iTDVi4GnVitkTHivdbh6u-Q-kGcnY2N-JBTUyVs5Cr.jpg
2025-05-28 12:21:51,856 - INFO - Mekan iþlendi: Rota Star Hotel Beyoðlu
2025-05-28 12:21:54,008 - INFO - Detay çekilen mekan: Kalkedon Hostel
2025-05-28 12:21:55,386 - INFO - Fotoðraf indirildi: C:\Users\islim\OneDrive\Masaüstü\istanbul_trafik_analizi\backend\data\photos\AXQCQNTp4BiX1A5crjjj-18cYcLEZs935r-gRnQicHr0ZaN7ivjx7FmgtjXoz7ZoSUXwvJvnMADG-ROc8JzM46ug59x-JcGwCa6y.jpg
2025-05-28 12:21:56,376 - INFO - Fotoðraf indirildi: C:\Users\islim\OneDrive\Masaüstü\istanbul_trafik_analizi\backend\data\photos\AXQCQNTvl1rBXxrKZFAbwvBaM_E__qcCTbsf_zt3PjD623wtq83gzayCmDgitu1Fddsp3tcsiYhpsRUWcMGtt9wQLi2PSDyMG5ZC.jpg
2025-05-28 12:21:57,440 - INFO - Fotoðraf indirildi: C:\Users\islim\OneDrive\Masaüstü\istanbul_trafik_analizi\backend\data\photos\AXQCQNQXOLDsPn90OoPyyHlAO63n7D8K47dGHanhtMjkQWHKbDTpe0U3EOfcBes4tPxV5ZeccdlIHxIYhkcfiFEmkF7QKDJ24-H3.jpg
2025-05-28 12:21:58,750 - INFO - Fotoðraf indirildi: C:\Users\islim\OneDrive\Masaüstü\istanbul_trafik_analizi\backend\data\photos\AXQCQNRcnj_C9mwJmhxgeyyu6rYPlByIdDc75v2oVe9EHaNOQmyvjPkXmHi3jBThEjzxavyCS5ueT8HTnG7wpRixSLehP7lVXRkF.jpg
2025-05-28 12:22:00,196 - INFO - Fotoðraf indirildi: C:\Users\islim\OneDrive\Masaüstü\istanbul_trafik_analizi\backend\data\photos\AXQCQNQmDYlBYmfOdNwC34NSvyi6kaeoEObfvXId7Zd61HDqY-BaUzj2MCnNQyIG-KQQ7Rbxz0OoQvbCQ7pJhcCIH4hz6EIVku6D.jpg
2025-05-28 12:22:01,616 - INFO - Fotoðraf indirildi: C:\Users\islim\OneDrive\Masaüstü\istanbul_trafik_analizi\backend\data\photos\AXQCQNSalj-lKYi3FmZqjv842OX9ZCD5I0P-P9cSKL2HNKwTl1AX-2GXDdEm_iMJogOHQ1alu90KwjtiGMVodcU8w2ADOejUckDN.jpg
2025-05-28 12:22:02,810 - INFO - Fotoðraf indirildi: C:\Users\islim\OneDrive\Masaüstü\istanbul_trafik_analizi\backend\data\photos\AXQCQNR3wnz3pWvC12DE6NitActL5FMAAyB2fS6NtPooR-d7-t7ekmz7VafGg-fblspckxmBt3tfGg9RLGvSyeiK6WOj32RaXrYY.jpg
2025-05-28 12:22:04,131 - INFO - Fotoðraf indirildi: C:\Users\islim\OneDrive\Masaüstü\istanbul_trafik_analizi\backend\data\photos\AXQCQNRsH1lk9JnNskL72CKcHooeznErzSKZtzHmJuh9BsET9hTSOlEIzef0g8BnFxTfv9viZnRtKKMlp3lvWLH9IZS1VmRh62NZ.jpg
2025-05-28 12:22:05,828 - INFO - Fotoðraf indirildi: C:\Users\islim\OneDrive\Masaüstü\istanbul_trafik_analizi\backend\data\photos\AXQCQNRacHGGBTiOGgxFZJ4uraA7cUxJ3wuUZJ03F_EGl0efY6wbwdJCUvxKxlZh0Q-XoTPyr_4eASQSo3pqICwKBsUMOlnj0tFV.jpg
2025-05-28 12:22:07,268 - INFO - Fotoðraf indirildi: C:\Users\islim\OneDrive\Masaüstü\istanbul_trafik_analizi\backend\data\photos\AXQCQNQYfxaF88SOYVUMCv73RVq6s6hcYwFuz-UQyEwE_8XojziY7f9uXprR_Fu0gUsveLA48u59l1WGT_O_a-cw2jCqAnf7vXrV.jpg
2025-05-28 12:22:07,285 - INFO - Mekan iþlendi: Kalkedon Hostel
2025-05-28 12:22:09,469 - INFO - Detay çekilen mekan: YENÝ HOTEL
2025-05-28 12:22:10,918 - INFO - Fotoðraf indirildi: C:\Users\islim\OneDrive\Masaüstü\istanbul_trafik_analizi\backend\data\photos\AXQCQNRjyRRYO2mVbN5qc6lM6PJLjBmxOBZA-cbZjeWpS47HJ8PjQjKfx5M6ZFS9WE3cm0-hhYUHLZAA3loSbY14VYwfDo_Fawrm.jpg
2025-05-28 12:22:12,114 - INFO - Fotoðraf indirildi: C:\Users\islim\OneDrive\Masaüstü\istanbul_trafik_analizi\backend\data\photos\AXQCQNQaI4xDrAhVopMRcGczM-MTxepR7Amk04IZyfggZEukzNt2HFTUTDGrxYkIFc8iqOCOeqEAtlnN-jl2yu7YoUh9uGJXIqt0.jpg
2025-05-28 12:22:13,129 - INFO - Fotoðraf indirildi: C:\Users\islim\OneDrive\Masaüstü\istanbul_trafik_analizi\backend\data\photos\AXQCQNTSr0l54IrkOQ7R80yQ2HCpM0oBcnVRKmC_mAJWtcvZKwPl1HfPLB2s94Ua-kZZ0LCWz-cvarBM1GFiqj1zS8B2ho601KZ1.jpg
2025-05-28 12:22:14,373 - INFO - Fotoðraf indirildi: C:\Users\islim\OneDrive\Masaüstü\istanbul_trafik_analizi\backend\data\photos\AXQCQNQwgh3-WGSCL2sDCV-R37QHe6peIzP3NCeqWUzWWNZ70JqBS0qgSlu9KnapcR_hOcE3Ho9G5jymdG0wx5cHhsIbSZakID4n.jpg
2025-05-28 12:22:15,853 - INFO - Fotoðraf indirildi: C:\Users\islim\OneDrive\Masaüstü\istanbul_trafik_analizi\backend\data\photos\AXQCQNTlHES-mfUhYZRlKdVkWKJoP_NMM-oswx7V99M5XzxgmzjQZjOYAjFZbyGpJQC8Lzfgzm6I-ZUTfoRZe12wLOI2bhRJCzYv.jpg
2025-05-28 12:22:17,166 - INFO - Fotoðraf indirildi: C:\Users\islim\OneDrive\Masaüstü\istanbul_trafik_analizi\backend\data\photos\AXQCQNTaDkMCGyQ18waOwwAdH0pSPTWcS6snIbqVA8rgGT8MUtK9-Xg2LGxQ7PjV23AhbXOm1QCuPOn5zG7oJoKvOVVOEzK7StrL.jpg
2025-05-28 12:22:18,684 - INFO - Fotoðraf indirildi: C:\Users\islim\OneDrive\Masaüstü\istanbul_trafik_analizi\backend\data\photos\AXQCQNQWpPmYFnpNaF5yVdm1IRXcE5m4bcM36NjQb6rObpKZJxZT3di3mob_SRIpk6OW3RcY8g_ivv9QUH2s6z2iwyfutLjMQ6DI.jpg
2025-05-28 12:22:20,205 - INFO - Fotoðraf indirildi: C:\Users\islim\OneDrive\Masaüstü\istanbul_trafik_analizi\backend\data\photos\AXQCQNRyOAup69ghlz7qICmN3nh17eYbwjpABdvJptyAr-W4nyipGxOCq5yVvyWgttMZeoAqXCUEmP49KUtnBSPlRkMiCgaB-sK8.jpg
2025-05-28 12:22:21,619 - INFO - Fotoðraf indirildi: C:\Users\islim\OneDrive\Masaüstü\istanbul_trafik_analizi\backend\data\photos\AXQCQNRcZFfuFIYElks90D77dNc0Hv2Y3Pa6xU27io8WKZf31ai5t2cCmQRXT_axJDOe6WHBJ91qLvi8xncsk7mtb1cPzlcNXQc-.jpg
2025-05-28 12:22:22,892 - INFO - Fotoðraf indirildi: C:\Users\islim\OneDrive\Masaüstü\istanbul_trafik_analizi\backend\data\photos\AXQCQNSj649uozzhW3tkU1yatlyaJsbcsSX-r9v5LvcPd76nTV6v41ur6Weiba-BzaI9D9rfo1sH2Tsnc8B5A98zILBSpcKjgkM_.jpg
2025-05-28 12:22:22,895 - INFO - Mekan iþlendi: YENÝ HOTEL
2025-05-28 12:22:25,073 - INFO - Detay çekilen mekan: Valens Boutique Hotel
2025-05-28 12:22:26,801 - INFO - Fotoðraf indirildi: C:\Users\islim\OneDrive\Masaüstü\istanbul_trafik_analizi\backend\data\photos\AXQCQNSUWJjIpfzz-9n6qUdw27mA0vC84ly8oYb8svseECvTwbf3eyiUxT94tsfRK9ZV4vRC-WFUBGepP_NCMXCx9Yl_NbD0hyhx.jpg
2025-05-28 12:22:28,226 - INFO - Fotoðraf indirildi: C:\Users\islim\OneDrive\Masaüstü\istanbul_trafik_analizi\backend\data\photos\AXQCQNT-JPKQXBeMAoXNoHRIOcGy1TBlC1gYAZMeo2fOTMjBrEeRjHA9mzW14Qf9aRg7IBOwtN98A9rpCPCUVLIE1irb9AK7HEXK.jpg
2025-05-28 12:22:29,558 - INFO - Fotoðraf indirildi: C:\Users\islim\OneDrive\Masaüstü\istanbul_trafik_analizi\backend\data\photos\AXQCQNToa6rhqTpmxZru3nqsZ-nPFifJHAu-IVhmOYplVSNaLTM4fptaOvs8W6M3voPfmufl15sXqyk91N2m76_xPtX_Ty8eIxV7.jpg
2025-05-28 12:22:31,004 - INFO - Fotoðraf indirildi: C:\Users\islim\OneDrive\Masaüstü\istanbul_trafik_analizi\backend\data\photos\AXQCQNQznneMdeCKELfRYPUfMwVjx9BO38T8YtdlLLMYBOgusEiOjC8ket6fwCa_dy0C3YreGWmxZbJycxg-bUXvXgxWzfscn-U7.jpg
2025-05-28 12:22:32,354 - INFO - Fotoðraf indirildi: C:\Users\islim\OneDrive\Masaüstü\istanbul_trafik_analizi\backend\data\photos\AXQCQNRsdUkKXZvPuomfvCwwwJvm5HfbZFDYMRqEbOhA58_rxOhG7N8rxLyKMVaHKQKAdYwH2emiypAHSWTqZ5EbTXYPsMwNZmwh.jpg
2025-05-28 12:22:34,045 - INFO - Fotoðraf indirildi: C:\Users\islim\OneDrive\Masaüstü\istanbul_trafik_analizi\backend\data\photos\AXQCQNQUmj_GoQh4mF6GYE6Vcj6C2cavNtYTs8VeGrFgRGWjNUR44ooxi7B-RMmsSI-wrGRZ-zKOIYNlqm9uNfz1aWJ4MWNig7fx.jpg
2025-05-28 12:22:35,480 - INFO - Fotoðraf indirildi: C:\Users\islim\OneDrive\Masaüstü\istanbul_trafik_analizi\backend\data\photos\AXQCQNQIJLYTV0NouB-1uE8sQwP9leR2WMjl2nMHrYLvJYq3icRUdjbKhqRgAhHc3iOH_lq1BwwTz5rmqUp_gctudbXuR1OVMvis.jpg
2025-05-28 12:22:36,716 - INFO - Fotoðraf indirildi: C:\Users\islim\OneDrive\Masaüstü\istanbul_trafik_analizi\backend\data\photos\AXQCQNR_Ssqjelvd8H6sTMN__9QP_HCPmg0LbYnn8YN1Orq-8Fz9XTJzx2C6rq-g3Qsbl6L3hdvhS0l0PaaixSYChaK92ekBX4WX.jpg
2025-05-28 12:22:38,062 - INFO - Fotoðraf indirildi: C:\Users\islim\OneDrive\Masaüstü\istanbul_trafik_analizi\backend\data\photos\AXQCQNT_zZPXo3fI4DmaJPyef3m8PPIc-CkC4wlGL4rtfWFVCwdhx2qXlaL9kq1SQOa9l_iRh23KROkDsdd7XVb7EGFwOr1qcEXk.jpg
2025-05-28 12:22:39,552 - INFO - Fotoðraf indirildi: C:\Users\islim\OneDrive\Masaüstü\istanbul_trafik_analizi\backend\data\photos\AXQCQNTBdgTZ1ovqDezxg91cZNvsfRuHiiocaKQM0bd9ZcjcpcmiIrM_1bcX9nOdwsWckaGN615qj8YVF9iy7NWcNHLOD3xTzitX.jpg
2025-05-28 12:22:39,560 - INFO - Mekan iþlendi: Valens Boutique Hotel
2025-05-28 12:22:41,711 - INFO - Detay çekilen mekan: Won Plaza Otel
2025-05-28 12:22:42,786 - INFO - Fotoðraf indirildi: C:\Users\islim\OneDrive\Masaüstü\istanbul_trafik_analizi\backend\data\photos\AXQCQNTazGPUTh30USwjWLqZ6H9pfK60rKQ8_7htJSmYjSLmPyYx_XTrQ_MXHUbJC59tMIEsVNw-64bLutJVtd-eWT6USnL4SrTz.jpg
2025-05-28 12:22:43,927 - INFO - Fotoðraf indirildi: C:\Users\islim\OneDrive\Masaüstü\istanbul_trafik_analizi\backend\data\photos\AXQCQNR2OTqlAn1RPbCehYztICkMr4uOux3lrtF6UKGseWbVvcjrMV4HEYRyna9ReYHyGEfFq1GEGwugeoFqSjk8rX7-zI5ESdFa.jpg
2025-05-28 12:22:45,051 - INFO - Fotoðraf indirildi: C:\Users\islim\OneDrive\Masaüstü\istanbul_trafik_analizi\backend\data\photos\AXQCQNQIXyOLsdzLJ4kmC1w2Co5rlRInYb3sLhA6X1R11DvN0tUbw5ZbHxX7mjiLffWpphT5F22PHeVk6kfBv7gg1QdCOaa64mTR.jpg
2025-05-28 12:22:46,345 - INFO - Fotoðraf indirildi: C:\Users\islim\OneDrive\Masaüstü\istanbul_trafik_analizi\backend\data\photos\AXQCQNR1G-P1rvpXmwYI9uuHbKYNYUbb-6KCsEC4CJ-RvfKoI8_4EC0Cb4WjpljR9eBKDBq57aE6CHHXS17pGAo3BrpTAYb2tnmR.jpg
2025-05-28 12:22:47,571 - INFO - Fotoðraf indirildi: C:\Users\islim\OneDrive\Masaüstü\istanbul_trafik_analizi\backend\data\photos\AXQCQNQWlF1VyUXL69pjSpiBb3Nj_iufA95jSaxdkCCxwMShcG8PPqjAw6c0jdhIJwIY0TxIpamZbUy0QIStfjNuqfOaCHyf-XYF.jpg
2025-05-28 12:22:48,870 - INFO - Fotoðraf indirildi: C:\Users\islim\OneDrive\Masaüstü\istanbul_trafik_analizi\backend\data\photos\AXQCQNTIseSlfk2WssBBiincZTQg-FGrxw1f3G4Bxp4eU9RL7ebpCGplV06KeHLn4EDx3c7x2aenlgjO8rT1N7dcYfNTi2zLW6Pa.jpg
2025-05-28 12:22:49,866 - INFO - Fotoðraf indirildi: C:\Users\islim\OneDrive\Masaüstü\istanbul_trafik_analizi\backend\data\photos\AXQCQNSsu2moNKzcil93SjYJW75gG63veiA0ofy8yZgSG3wi_BjxxvspKxwIH_XrlcfV2LuTydRNPtG8GKp_hPWORE5YJXchc6BH.jpg
2025-05-28 12:22:50,974 - INFO - Fotoðraf indirildi: C:\Users\islim\OneDrive\Masaüstü\istanbul_trafik_analizi\backend\data\photos\AXQCQNSKMTYH7gCnPADwZAVgljLlPTWA_RACPe8XxRqw11FsFUcegaTGfd60_pcpuZSxN3rCELSSzg8l7nnS8bqzQST1ii_HLT1L.jpg
2025-05-28 12:22:52,054 - INFO - Fotoðraf indirildi: C:\Users\islim\OneDrive\Masaüstü\istanbul_trafik_analizi\backend\data\photos\AXQCQNT-LHvvM3cp_QprMYysq4wplj4TqvO5OU0asDFKRWfgOnDrU9m1EANuvLZ-uaj67E12XHhGxJMbViIGr7GiOGKflCMHOprj.jpg
2025-05-28 12:22:53,547 - INFO - Fotoðraf indirildi: C:\Users\islim\OneDrive\Masaüstü\istanbul_trafik_analizi\backend\data\photos\AXQCQNQ9zp04VtHpGRob_bfnBEQ0CAQcYPEZaMtPJ7RjIY91yRGLT3Qgal-mf_uCvQMnHGfTBa9mVlH7yemJcwuqzxr41GFU8MmJ.jpg
2025-05-28 12:22:53,552 - INFO - Mekan iþlendi: Won Plaza Otel
2025-05-28 12:22:55,695 - INFO - Detay çekilen mekan: AYYILDIZLAR OTEL
2025-05-28 12:22:57,154 - INFO - Fotoðraf indirildi: C:\Users\islim\OneDrive\Masaüstü\istanbul_trafik_analizi\backend\data\photos\AXQCQNSGlziAb9cv7qrwRrshktVlg51IwiufOW4MULfUisi-2DgEP1yJ2ilkhH2d2XflTP2gAB1h-1IGYks9ECAzucCIkVbbm76n.jpg
2025-05-28 12:22:58,144 - INFO - Fotoðraf indirildi: C:\Users\islim\OneDrive\Masaüstü\istanbul_trafik_analizi\backend\data\photos\AXQCQNRrZtiO2miCL8C3wQZc-5nyrINWgTySAND3sWtQIuGWgk-zhVdYRYOYc4lKyhSsJbLvDnKSTXcuIdIg2sYmbTipmoFhF5mS.jpg
2025-05-28 12:22:59,611 - INFO - Fotoðraf indirildi: C:\Users\islim\OneDrive\Masaüstü\istanbul_trafik_analizi\backend\data\photos\AXQCQNR3r7MEQOrf5-FTzfPGJlGoPOuC5BC7kc0GEloVBEHfyA278y2lVqeXEs_EHCPv2sBFo8wQwaQbafb6DhQ1VsjgyVH4RhfJ.jpg
2025-05-28 12:23:00,649 - INFO - Fotoðraf indirildi: C:\Users\islim\OneDrive\Masaüstü\istanbul_trafik_analizi\backend\data\photos\AXQCQNTzZKwh5msbq9fWeJ_t2j2Us3WyNiOAyfRpvNYTvBgPqEexbx_OdT81rTJD-1nifyvrufJAVdQQZ2TcJDrPdDhuowwiO9M6.jpg
2025-05-28 12:23:01,408 - INFO - Fotoðraf indirildi: C:\Users\islim\OneDrive\Masaüstü\istanbul_trafik_analizi\backend\data\photos\AXQCQNTiMotzZVyocDgBDIOdsMfXStHrgm8mD2etwnLDp315FHJpP4y9GYUX0XaFF7RI3OgxPgLTXk1P-mEmNHHRfOsa6bX_1Bml.jpg
2025-05-28 12:23:02,514 - INFO - Fotoðraf indirildi: C:\Users\islim\OneDrive\Masaüstü\istanbul_trafik_analizi\backend\data\photos\AXQCQNTwLL7O5ssc7XbpHzqeNLZ5TJPBzMs92fY9jNsT1vVc3kUoiRnLiJmErCSSaEGiQnd1TfBzLkLu6GbRH6AKtlf6zHaQdo4U.jpg
2025-05-28 12:23:03,912 - INFO - Fotoðraf indirildi: C:\Users\islim\OneDrive\Masaüstü\istanbul_trafik_analizi\backend\data\photos\AXQCQNQsRDhst-fZp46oJwAhwRfsc7tRVQ1rYRlxN_ZwSNjY8GlyO6RfJVHEqCmgv7_YLBqHCm-BKpnR_zdIR24Q-4S1GEGwkkeK.jpg
2025-05-28 12:23:05,389 - INFO - Fotoðraf indirildi: C:\Users\islim\OneDrive\Masaüstü\istanbul_trafik_analizi\backend\data\photos\AXQCQNTwb7kDa0S41xE4S-cESvxc5cIoBR8sGynMASMIunQQ_c3Gj7nrcLJTBlwdUn4X4UfnYOjVKJ2mRS3K7YOhEnQ4Mtpb_htU.jpg
2025-05-28 12:23:06,854 - INFO - Fotoðraf indirildi: C:\Users\islim\OneDrive\Masaüstü\istanbul_trafik_analizi\backend\data\photos\AXQCQNQPe2823e9wAplQoxe1wcjgVzXG4mWv1FH4eUWWrRbBZAcandqXKwdgUUW8YBBshiTtCVrFZcVfh6ED1NcJWi5noJr82let.jpg
2025-05-28 12:23:08,255 - INFO - Fotoðraf indirildi: C:\Users\islim\OneDrive\Masaüstü\istanbul_trafik_analizi\backend\data\photos\AXQCQNQQJuySBAGInNIfaQRvvb2fiPTGXmX1F9_H92JE8aLKyZFy6Thd6JnVGF-wziU7BVlZKUW9Sc2SarEzSyGZ7oi_gTm-ceRr.jpg
2025-05-28 12:23:08,257 - INFO - Mekan iþlendi: AYYILDIZLAR OTEL
2025-05-28 12:23:10,395 - INFO - Detay çekilen mekan: THE TRiP ÝSTANBUL HOTEL
2025-05-28 12:23:11,315 - INFO - Fotoðraf indirildi: C:\Users\islim\OneDrive\Masaüstü\istanbul_trafik_analizi\backend\data\photos\AXQCQNRjBc1-lTWO0CtjH1kNJgAjrLSCp81Xcoo4-lLsGqYT4JqQWXj8EKC0MknbiYAe-X6Vl9yBuKE8MYgaEwcUjKondXXiq3x2.jpg
2025-05-28 12:23:12,240 - INFO - Fotoðraf indirildi: C:\Users\islim\OneDrive\Masaüstü\istanbul_trafik_analizi\backend\data\photos\AXQCQNT4YI_ciCX8tyVVi72wLYHzT752qKoT0cZ7yTxbMY7FL_yArGO2E-ktipwPpDy9uTrVD9LX3RI3uYKMOVtGckJodOeqZLxK.jpg
2025-05-28 12:23:13,389 - INFO - Fotoðraf indirildi: C:\Users\islim\OneDrive\Masaüstü\istanbul_trafik_analizi\backend\data\photos\AXQCQNSggkWPebS6Lwrh6Rp1wdSzU6gIaKV3CXuBPEfsrrOgoh5Cp1oaBg_RB3fU8lzX8wlI_ZzvMAr54otM17eZvYm7HQaZ9JAH.jpg
2025-05-28 12:23:14,483 - INFO - Fotoðraf indirildi: C:\Users\islim\OneDrive\Masaüstü\istanbul_trafik_analizi\backend\data\photos\AXQCQNRzDXjqJQ2HdLI452qXO4r7WSOsIHgrUbkf9azXNNjVkGAEmSfJRZBec8NOzzyM0WokeH5mVZVYr0_c2FYei4GAmd7JNlZV.jpg
2025-05-28 12:23:15,764 - INFO - Fotoðraf indirildi: C:\Users\islim\OneDrive\Masaüstü\istanbul_trafik_analizi\backend\data\photos\AXQCQNQXYQuipa5Rv82kXAri5-9GjiwVUlR_alveZ2XkVss00tYFg5XB6IirRz9cMstVPXW5AV5fmLeZoYe4J9nmzGZTMZRLPnQi.jpg
2025-05-28 12:23:16,865 - INFO - Fotoðraf indirildi: C:\Users\islim\OneDrive\Masaüstü\istanbul_trafik_analizi\backend\data\photos\AXQCQNSRc_p2KhTzMkhqGo7sVtjmT4zp3hPmk_njMqgjzoJ1QoyaLhWAbIX-gY9E6d-Zh3TrS-NAMNAvzc4xlbKiPoJPQTSFR_Rw.jpg
2025-05-28 12:23:18,015 - INFO - Fotoðraf indirildi: C:\Users\islim\OneDrive\Masaüstü\istanbul_trafik_analizi\backend\data\photos\AXQCQNQn3HWzjMc0l7HZzAj4uKWEnG1wlupYgG4bGDIYLHkUIchdzSqUN1wMnrefXJ4Nmo3dL2ok3l8r5xlyjquv_rnYLTH-pXlU.jpg
2025-05-28 12:23:19,013 - INFO - Fotoðraf indirildi: C:\Users\islim\OneDrive\Masaüstü\istanbul_trafik_analizi\backend\data\photos\AXQCQNTgEUEJ6si-4OMXB1MQPisOtyRsDYSNyJqEjU8YRCDzQvTiixp-EydqiLvtOHgSMXpDkGgf4pvxxbe9IkO29ZRDhS_-L8xM.jpg
2025-05-28 12:23:20,216 - INFO - Fotoðraf indirildi: C:\Users\islim\OneDrive\Masaüstü\istanbul_trafik_analizi\backend\data\photos\AXQCQNSzeBd7uCA25sf5yxnh3uf7UNtvqcmg1uqEFlGJ1JbWQEKqOAp1YVd7xhhkSoIrcsNH2pz_fu3_AFLgGD23cfsHrmW-yCK9.jpg
2025-05-28 12:23:21,804 - INFO - Fotoðraf indirildi: C:\Users\islim\OneDrive\Masaüstü\istanbul_trafik_analizi\backend\data\photos\AXQCQNTo8OKwoblh5U_qYYoCo3LlVD6E4qdT9eQovOr4JbnHkgmrc6OUM3BS4J8C0OjmIbbW4KuhQZUpDxQfiL_rwlFF6NMj7cFA.jpg
2025-05-28 12:23:21,811 - INFO - Mekan iþlendi: THE TRiP ÝSTANBUL HOTEL
2025-05-28 12:23:23,996 - INFO - Detay çekilen mekan: HOTEL BRONTE
2025-05-28 12:23:25,146 - INFO - Fotoðraf indirildi: C:\Users\islim\OneDrive\Masaüstü\istanbul_trafik_analizi\backend\data\photos\AXQCQNSpiFAtpBWBq1arn6BmyXfUZGZKwBUPh1f2bamYyim8JcGvbeeBj2Y2IvjcMQvgu5Ip8vmufqXRQZQyAj-0SOAxAIYdqM6N.jpg
2025-05-28 12:23:26,374 - INFO - Fotoðraf indirildi: C:\Users\islim\OneDrive\Masaüstü\istanbul_trafik_analizi\backend\data\photos\AXQCQNTLs-vlsDWTyVy2LL9Fhv2NakOIoxvUqyC-eYLRjdiqgWG_wgSxsJG3Mqs4LTeNSOB-TcpucptbDlws6kWqZEM5Waem1ya3.jpg
2025-05-28 12:23:27,569 - INFO - Fotoðraf indirildi: C:\Users\islim\OneDrive\Masaüstü\istanbul_trafik_analizi\backend\data\photos\AXQCQNSJYNq-Fv7Qek3Z-9ytK0uzjTI4w5PuY13rOHjOo2Pud4qssn_1KjJaLJbAanKHdFv_JafGjnGA1_CsCcv3KuLWqxq6JuTH.jpg
2025-05-28 12:23:28,888 - INFO - Fotoðraf indirildi: C:\Users\islim\OneDrive\Masaüstü\istanbul_trafik_analizi\backend\data\photos\AXQCQNQJWV7PZp0t7DA1NPF0q3tFcpcqQn-xd64OScpKw_5o8PIHl80yuLTSuSJJm8Nqg7feuSSOB4iBHl_qcLMO0wkDRuozZ3yP.jpg
2025-05-28 12:23:30,165 - INFO - Fotoðraf indirildi: C:\Users\islim\OneDrive\Masaüstü\istanbul_trafik_analizi\backend\data\photos\AXQCQNR3altQOlVQco0vSycDGqm7KmeHvJGWzVe1IWkkKidGMFLC4tkusNp6qO15zzd_g3S8yQjXgo4AZzSZxim-Z24e7PN5kEEO.jpg
2025-05-28 12:23:31,289 - INFO - Fotoðraf indirildi: C:\Users\islim\OneDrive\Masaüstü\istanbul_trafik_analizi\backend\data\photos\AXQCQNSNWX9krlqKuHbY-Piw_GMi1Bp95AnrweIy1JEfLDw0x8lulW3cd30BaAbcWdgJ1OXrF4zLlW6CYYHnZIVw-XM_ZLjW8CNU.jpg
2025-05-28 12:23:32,605 - INFO - Fotoðraf indirildi: C:\Users\islim\OneDrive\Masaüstü\istanbul_trafik_analizi\backend\data\photos\AXQCQNSQ2Q_hCU54gdD3uLqzR7keF1mQe2HqS_hpsHpdTN8qulnvtpKLxuEvBphnAf2hBL5_3DhsJ0rMOrngLpTxC4cZQ3vs0YQq.jpg
2025-05-28 12:23:33,669 - INFO - Fotoðraf indirildi: C:\Users\islim\OneDrive\Masaüstü\istanbul_trafik_analizi\backend\data\photos\AXQCQNR2NikR-Zzd2Rtnxl4S0VaoHcGiisVUF6r03MVmNDvjCif4UicNK6Ka4YXfHRvRarEENyzkdNTHiSq-y5yb9bnYZsYD2CeD.jpg
2025-05-28 12:23:35,158 - INFO - Fotoðraf indirildi: C:\Users\islim\OneDrive\Masaüstü\istanbul_trafik_analizi\backend\data\photos\AXQCQNQMQwFOnfQLwh6MzC_s3RKweTeOHXaXrhxw4n2gfEEIXvEyXOafU0rFKWoPM-8equ9nKGOLIn6HFOs3XDZKNoxBOE1_rs_P.jpg
2025-05-28 12:23:36,393 - INFO - Fotoðraf indirildi: C:\Users\islim\OneDrive\Masaüstü\istanbul_trafik_analizi\backend\data\photos\AXQCQNQYP820Vf82xMkGQZC6g59zEfrQxVtt6Mm-hLa5Lb17NWu3hrBXKf0Oj8tNqEYg-TXLQ-yVQ9LvabDcfNmZndBfI7cmvT4U.jpg
2025-05-28 12:23:36,398 - INFO - Mekan iþlendi: HOTEL BRONTE
2025-05-28 12:23:38,532 - INFO - Detay çekilen mekan: Berlin Otel Niþantaþý
2025-05-28 12:23:39,542 - INFO - Fotoðraf indirildi: C:\Users\islim\OneDrive\Masaüstü\istanbul_trafik_analizi\backend\data\photos\AXQCQNQJmMSzPHo16_6-9jVtSI6ihfCi7SRsi6n-XI2mJwx4K4T0rvOYxmQMcRyC7gq9DvGJQrKUNwBEIgUxmOLxFSrt7JT-fo1l.jpg
2025-05-28 12:23:40,845 - INFO - Fotoðraf indirildi: C:\Users\islim\OneDrive\Masaüstü\istanbul_trafik_analizi\backend\data\photos\AXQCQNQ78whOG5MXqeF5nWUaC-C3QqPXHEgfyWgrzptFzKH9PKMo8pgelvKtnweH_K3mCXa2Faf3sZu3m4d00qs-ndQHSnXw-NEg.jpg
2025-05-28 12:23:42,062 - INFO - Fotoðraf indirildi: C:\Users\islim\OneDrive\Masaüstü\istanbul_trafik_analizi\backend\data\photos\AXQCQNSwFKoC534hOKUMvq484Ayw6dbOrLZN45AnlGHY-mQ6dTideeI1h34c2bC8bkOjLyOydFkTh4d5Dt0hdXuLs8BwFs93prdv.jpg
2025-05-28 12:23:43,260 - INFO - Fotoðraf indirildi: C:\Users\islim\OneDrive\Masaüstü\istanbul_trafik_analizi\backend\data\photos\AXQCQNQRH7xaFCWvjs0ncaU2BZuR6uujiZkLmhRatusAYHG_pavKd5slvFR_G36cDveSiLrzqYS87QuINMwPGmhxZw6NYBFNdziY.jpg
2025-05-28 12:23:44,168 - INFO - Fotoðraf indirildi: C:\Users\islim\OneDrive\Masaüstü\istanbul_trafik_analizi\backend\data\photos\AXQCQNS6YlAlB48FLPSm62_szfrOI-ogJbxm0L-iE5AsHChnHBq4WvC08qSiyTwBekkNs1y7ygjm3asHKvBKFrm-SN0o9D_kUJ9b.jpg
2025-05-28 12:23:45,206 - INFO - Fotoðraf indirildi: C:\Users\islim\OneDrive\Masaüstü\istanbul_trafik_analizi\backend\data\photos\AXQCQNTOmnc4fHaH5PKBltVcDUJKc6Lw7U2RLVUA6h0F4iPj98KrwLr448e7cZT5p4g55AKwMRRqWV52cXA1bfH1bUhndig4eKah.jpg
2025-05-28 12:23:46,433 - INFO - Fotoðraf indirildi: C:\Users\islim\OneDrive\Masaüstü\istanbul_trafik_analizi\backend\data\photos\AXQCQNQF0FGps2jV0h-oul_qkZj-jsM6J-wDPTzdv0pNPC-jkRMEhHWxktDsUW18SJL3EYYNViGaGBGDq0gyzNjrkRD0JYA3ik2G.jpg
2025-05-28 12:23:47,926 - INFO - Fotoðraf indirildi: C:\Users\islim\OneDrive\Masaüstü\istanbul_trafik_analizi\backend\data\photos\AXQCQNR7Xfi3PDJPdQoaBwBKdq9dy3FGILu6QEhPg24XDIziEL4EoWntp7I-INX40e1dvTXoyjldUxj1awuVpejRegiNW2N7BeBJ.jpg
2025-05-28 12:23:49,626 - INFO - Fotoðraf indirildi: C:\Users\islim\OneDrive\Masaüstü\istanbul_trafik_analizi\backend\data\photos\AXQCQNSnKQmTfjXDK_kOx-oGjRVQUEvXEAJ00Nk6SGKY-JyLn-Xy64TU_HJ19W0g1Umq5zStgrPmB8IiQWEcjc3gmy7D7PV2dVbk.jpg
2025-05-28 12:23:50,887 - INFO - Fotoðraf indirildi: C:\Users\islim\OneDrive\Masaüstü\istanbul_trafik_analizi\backend\data\photos\AXQCQNS0uuQSZb12MVawgjV5lsZubR2n7ZVvQ5_pbfQ1sdAmYwS9vVYKABB39lPtuTjJnvATIJNKHoLzGSYGGpOYbkUhm8PGX9sy.jpg
2025-05-28 12:23:50,893 - INFO - Mekan iþlendi: Berlin Otel Niþantaþý
2025-05-28 12:23:53,046 - INFO - Detay çekilen mekan: Magnificent Hotel
2025-05-28 12:23:54,116 - INFO - Fotoðraf indirildi: C:\Users\islim\OneDrive\Masaüstü\istanbul_trafik_analizi\backend\data\photos\AXQCQNSLXbxILQzMGSVcHRbDXkDKhIajXdnfFEotgrm-b79Vf2rH9J7LAkNBgZQn3Vw0n1ZxfFUJqh-qT_cCAttx4DJPSw49N4Dv.jpg
2025-05-28 12:23:55,057 - INFO - Fotoðraf indirildi: C:\Users\islim\OneDrive\Masaüstü\istanbul_trafik_analizi\backend\data\photos\AXQCQNQgRmBDK3dIKP7PqE4RLpmI9nptsDb7MZAqf2dkXH3mxPgE5yrxEYS26ktlszhE6J8-UCqwN-hrH2o9CEkCR8J6kesFgbc2.jpg
2025-05-28 12:23:56,163 - INFO - Fotoðraf indirildi: C:\Users\islim\OneDrive\Masaüstü\istanbul_trafik_analizi\backend\data\photos\AXQCQNTp6u5rrCJMLrSrYPQ4WNn6khRzRLduYmD7mc2rsNNnxX4ukmwjQBag91f-byu6I2IwRNgyP3e___DxzixG36l9GcuON3m3.jpg
2025-05-28 12:23:57,587 - INFO - Fotoðraf indirildi: C:\Users\islim\OneDrive\Masaüstü\istanbul_trafik_analizi\backend\data\photos\AXQCQNTlkbvCvCSEZ9dMoq1_eeHyEg1vme64aDe4wlWa7GBZjkZV00PgnEvIuZGcl279N2jC2MJBcGZ38H2kBDsRTpsRjw42LsCX.jpg
2025-05-28 12:23:59,048 - INFO - Fotoðraf indirildi: C:\Users\islim\OneDrive\Masaüstü\istanbul_trafik_analizi\backend\data\photos\AXQCQNSuxnSCPZFBw0pigKYqlgyjHg0ielGb64Yyn15UjUUdOWiwYEpFSYKLNGCLEV3NoI18E3cphnNGjep0hWzkJEFpWtRK1Bib.jpg
2025-05-28 12:24:07,716 - INFO - Fotoðraf indirildi: C:\Users\islim\OneDrive\Masaüstü\istanbul_trafik_analizi\backend\data\photos\AXQCQNS-2WGcE3rwthxHMgXOxke9dQiEfAMRnommyoYJG_vvyzuMe4CdcDhACK-pqOa8BgHs2WLecHMatczO8G-78Vrty9b9O-nB.jpg
2025-05-28 12:24:09,296 - INFO - Fotoðraf indirildi: C:\Users\islim\OneDrive\Masaüstü\istanbul_trafik_analizi\backend\data\photos\AXQCQNRW-Fm_uMBtKTvP0i_gQrmp5pmBgXQ_XKvN-EcYi71NmvWGGkO3JtfEE7kBnQKRM96nag_4vW3ArQE3M_Y96Wxuic8-U1JO.jpg
2025-05-28 12:24:10,484 - INFO - Fotoðraf indirildi: C:\Users\islim\OneDrive\Masaüstü\istanbul_trafik_analizi\backend\data\photos\AXQCQNT3Ju_9z4z7zj8tlh5zbNEEZ7b14di6FUJFZ9jYD_XWa3fd3H6sYqxP67Sf0BLoVkhINh2_oXtBZL-uQf6TJ1FSQu4FaEsD.jpg
2025-05-28 12:24:11,472 - INFO - Fotoðraf indirildi: C:\Users\islim\OneDrive\Masaüstü\istanbul_trafik_analizi\backend\data\photos\AXQCQNT2nWRmOQFi_W7FEazYZlbi0k2KLLBg1w3NiSEQgF6N08rc5HREfJKIXwAEQMOJQ17Us8j_60vApQFeQXPZDu9b5rNMivPb.jpg
2025-05-28 12:24:12,535 - INFO - Fotoðraf indirildi: C:\Users\islim\OneDrive\Masaüstü\istanbul_trafik_analizi\backend\data\photos\AXQCQNSiFQsJxdR6j76BEgzhp-saU-1n_Jz3G0jTHtSuWwbml90IcW41Fd5IUqhVv1ATp3sbTu44PGGw7cUwvnJ8oFGdCIBkN-l5.jpg
2025-05-28 12:24:12,535 - INFO - Mekan iþlendi: Magnificent Hotel
2025-05-28 12:24:14,757 - INFO - Detay çekilen mekan: Calenberg Ýstanbul
2025-05-28 12:24:15,600 - INFO - Fotoðraf indirildi: C:\Users\islim\OneDrive\Masaüstü\istanbul_trafik_analizi\backend\data\photos\AXQCQNTETDGQcoE5Wqa_e_NDAYMjZmApL_4x0wkmV-8-PZidFxov0jIA6-QwnJDJUmT4T50pQGn8JiizAdwA_mWzKpMhYrvcmGZE.jpg
2025-05-28 12:24:16,592 - INFO - Fotoðraf indirildi: C:\Users\islim\OneDrive\Masaüstü\istanbul_trafik_analizi\backend\data\photos\AXQCQNQK9qPKkPDV1EidIoA1THYDFsi4cKXIIOO_A-mkENFbpugv9UTZCEBU1pXXVXjDsQ2-qBJt9SDLHS7sOddzn4v83XwvpIRF.jpg
2025-05-28 12:24:17,976 - INFO - Fotoðraf indirildi: C:\Users\islim\OneDrive\Masaüstü\istanbul_trafik_analizi\backend\data\photos\AXQCQNQLiSssAcuW57GiVAX-Wpk7wCc0zwkDOGxRf_UpAqQZ7TfIHwGAilzDykjJDYszrYWstkx6h6pLNaewIEvuAyLBe_T2ISL8.jpg
2025-05-28 12:24:19,467 - INFO - Fotoðraf indirildi: C:\Users\islim\OneDrive\Masaüstü\istanbul_trafik_analizi\backend\data\photos\AXQCQNSQYhMijRThjTRwKn7su7zfdU1odeQlggFij60ftvAeyPnHBCtsLeKHiNW9mENmL64LpzdeFKumN8BPiyxzARyy11bHr6LI.jpg
2025-05-28 12:24:20,493 - INFO - Fotoðraf indirildi: C:\Users\islim\OneDrive\Masaüstü\istanbul_trafik_analizi\backend\data\photos\AXQCQNRwCzzSSx8_LbC7qzIuxd5EeGvtBlJ7m2WY1JBhvBkNv_zf2IMBM2KN08snPktrVn4sBWlSOkibLyiswDFa5kNKjeabmlRg.jpg
2025-05-28 12:24:21,964 - INFO - Fotoðraf indirildi: C:\Users\islim\OneDrive\Masaüstü\istanbul_trafik_analizi\backend\data\photos\AXQCQNRszbqa2XfdLMf8WBMLS4mlojPj5w6I_4TDXRQPci7VxaY5UxOSN01i3wMxm2WeBW8z0T4fgBN4ceORwqdVo09pwfUDbWzg.jpg
2025-05-28 12:24:23,662 - INFO - Fotoðraf indirildi: C:\Users\islim\OneDrive\Masaüstü\istanbul_trafik_analizi\backend\data\photos\AXQCQNRP7Zyw230vEkPkAfAKZ4PWAf642VPeksCBFagj5zCHcKNmftAkFsImY6azNeNKsYOYyoSwbw_6-3G0e3lqnxnQZEIXWNC9.jpg
2025-05-28 12:24:25,369 - INFO - Fotoðraf indirildi: C:\Users\islim\OneDrive\Masaüstü\istanbul_trafik_analizi\backend\data\photos\AXQCQNTZzdOK_1gdi855COHXK2634yf918Or0-rUG0kk2BoondJNBQR448uXc2OUVqmRilkZ0Aj74rceXzoyYopcK_-G0e7T1huL.jpg
2025-05-28 12:24:26,783 - INFO - Fotoðraf indirildi: C:\Users\islim\OneDrive\Masaüstü\istanbul_trafik_analizi\backend\data\photos\AXQCQNQMt8Kh0ZYkD8UvPYt54_D-FlIDpGB5WwgQ_Rq6vNvnGtLvvrpYFLFNmqj7TrlwEZvsRPNCzjjo2RLDuhfy7235pTuWA3RM.jpg
2025-05-28 12:24:28,209 - INFO - Fotoðraf indirildi: C:\Users\islim\OneDrive\Masaüstü\istanbul_trafik_analizi\backend\data\photos\AXQCQNQOzJCICmfSBjZcLhs2qk-fxWOrjKhUupPFph3RYAflHyT00mNcop9pY3vYceaxHMDmmbohl_yvrjOVMGLtcbZfDsjjVGmY.jpg
2025-05-28 12:24:28,221 - INFO - Mekan iþlendi: Calenberg Ýstanbul
2025-05-28 12:24:30,364 - INFO - Detay çekilen mekan: Leader Mansion Hotel & Suite
2025-05-28 12:24:31,518 - INFO - Fotoðraf indirildi: C:\Users\islim\OneDrive\Masaüstü\istanbul_trafik_analizi\backend\data\photos\AXQCQNTSmYtijLauZCozjCdXs3mWScFRbkw2sKvTgg8bTvBHkqWhw0I7elb0pyk3nj06dKQtWe6RRYaLVJ9cBY3ijt4_NVJ8QoNO.jpg
2025-05-28 12:24:32,796 - INFO - Fotoðraf indirildi: C:\Users\islim\OneDrive\Masaüstü\istanbul_trafik_analizi\backend\data\photos\AXQCQNR73_sYuib_OPvPVzENRbTYniHpQ6dUIh2DyV3bDjWaCRW-jL9vbhQQROUcAQU6nS1ilPPz-wVOMMYFlPXvy_2clWcSOHt1.jpg
2025-05-28 12:24:33,919 - INFO - Fotoðraf indirildi: C:\Users\islim\OneDrive\Masaüstü\istanbul_trafik_analizi\backend\data\photos\AXQCQNRDm2i-AScEwLwKvUFa1dkkfA3amnbnvkij5XMl1KNcogMzMHSlEZDdaw3AzX0zuuJUlw9aGBXGD5e0I_l12ZDhKhlZD009.jpg
2025-05-28 12:24:35,180 - INFO - Fotoðraf indirildi: C:\Users\islim\OneDrive\Masaüstü\istanbul_trafik_analizi\backend\data\photos\AXQCQNQa1AFsYs5UUPzP21zq87plojYdJwB7Gpce-e4r_9bkbrwB4bDzpKztOS-22X5_UX5UEy-VpvLr6JSBXq0MeORfyOGh59gv.jpg
2025-05-28 12:24:36,306 - INFO - Fotoðraf indirildi: C:\Users\islim\OneDrive\Masaüstü\istanbul_trafik_analizi\backend\data\photos\AXQCQNT9ARr9CMU2Viy89hIdEddo7RoZL8sPYGTPD1_NfrJtM2ouOg41sgu70eFCCoZcOni4G-9iwv44Md5_uB96YEMYU_VHN6Mj.jpg
2025-05-28 12:24:37,327 - INFO - Fotoðraf indirildi: C:\Users\islim\OneDrive\Masaüstü\istanbul_trafik_analizi\backend\data\photos\AXQCQNTKxrpvbaEOLUL6mGurbToWfrD1refe66wEXa-o-4_6jqKjvBxhkP04Z1Px56X3lwO9l50HuUUHcdfHKYeXSkmkHbLy8pYA.jpg
2025-05-28 12:24:38,285 - INFO - Fotoðraf indirildi: C:\Users\islim\OneDrive\Masaüstü\istanbul_trafik_analizi\backend\data\photos\AXQCQNTKzWKTJM-FkZPdpn5_i1skHYqxweJma5J4NRmCHYoiMYzT9Sz4EPDyIRbDjLj1XXYvgX2ysw66Pevip5Neotur6MWnfztU.jpg
2025-05-28 12:24:39,369 - INFO - Fotoðraf indirildi: C:\Users\islim\OneDrive\Masaüstü\istanbul_trafik_analizi\backend\data\photos\AXQCQNSMNo0jllwwPFDrKhxqFy6X3X5J8Tx_Yhjo03XZy-sL8KlOgOXX0_nLkg5n2Ep9meI-rLFxM6NX6WwVyNDSkDn-Hs8QIzT1.jpg
2025-05-28 12:24:40,547 - INFO - Fotoðraf indirildi: C:\Users\islim\OneDrive\Masaüstü\istanbul_trafik_analizi\backend\data\photos\AXQCQNSK7h7ZF1CGjeammUcsj6nC594DJpH8aD30_mS2kabWVLYeOQthSErUS_efnle-8icfv91bHQswhCsHcbO18QrGAHe2z0Lo.jpg
2025-05-28 12:24:41,644 - INFO - Fotoðraf indirildi: C:\Users\islim\OneDrive\Masaüstü\istanbul_trafik_analizi\backend\data\photos\AXQCQNT8ZvfnWcMB5nAXo5ViexBfy-dtgJ2GLlFLdvaFE-b9kOD_KKYd_2AJ6ehLZM9T22va5fpuX0iOJvWN-RBwb1ujQflGRNop.jpg
2025-05-28 12:24:41,644 - INFO - Mekan iþlendi: Leader Mansion Hotel & Suite
2025-05-28 12:24:43,817 - INFO - Detay çekilen mekan: Cibali Hotel Istanbul
2025-05-28 12:24:45,003 - INFO - Fotoðraf indirildi: C:\Users\islim\OneDrive\Masaüstü\istanbul_trafik_analizi\backend\data\photos\AXQCQNTcXm_UF-o4N0kCgdwy7Q0f1OhF5hlaiUNQAnZxq1We7zGX6VBsZqaajfSRLuPdCM9iZ4ic5ZQJK0DAI_jrBmy8DlgLJu9-.jpg
2025-05-28 12:24:46,296 - INFO - Fotoðraf indirildi: C:\Users\islim\OneDrive\Masaüstü\istanbul_trafik_analizi\backend\data\photos\AXQCQNSkbrSMNh4kCgSXjVeio3H2IDq8s1zcIaz0_jkfkwDuljVs3RI2RYAa3GctO2Lnfmwl8yh1hPSeAxVmjzhDScieCRRAu28s.jpg
2025-05-28 12:24:47,808 - INFO - Fotoðraf indirildi: C:\Users\islim\OneDrive\Masaüstü\istanbul_trafik_analizi\backend\data\photos\AXQCQNTW54e6w-dtWEGpWSft7LrVkLgGoKORKUYCuD_ogWfBfdIV0PHz-k4MiQryP43TQdtBJJLsuzLFCCS2i44TDwsw6Ph5fft-.jpg
2025-05-28 12:24:49,505 - INFO - Fotoðraf indirildi: C:\Users\islim\OneDrive\Masaüstü\istanbul_trafik_analizi\backend\data\photos\AXQCQNQWc2qQa9QeYGD11BzCVGau1VIxm-5rrFkm75geoRpq0kldosKl_I_EGSbLWhd1Db9x36kU7XvY7nKKkdELA4uck_U41r7R.jpg
2025-05-28 12:24:50,867 - INFO - Fotoðraf indirildi: C:\Users\islim\OneDrive\Masaüstü\istanbul_trafik_analizi\backend\data\photos\AXQCQNT8AEnuF-Kqf7D8XbYvLwaSM1wOvNZEG9cKLOUgJL-mllyzbTPNr0nDFkGFROl5Kh991xXkYuPYE-5pBPvVwalXjM3m6dwZ.jpg
2025-05-28 12:24:52,095 - INFO - Fotoðraf indirildi: C:\Users\islim\OneDrive\Masaüstü\istanbul_trafik_analizi\backend\data\photos\AXQCQNQniZ1Qniz_amXJ18OL7qI2vrPa3078FbPJI1SaU7wKvuEOcefCEQ24KA9ncOgXtHU2491H86HraM1pNM2oI-UAKsRGidj0.jpg
2025-05-28 12:24:53,834 - INFO - Fotoðraf indirildi: C:\Users\islim\OneDrive\Masaüstü\istanbul_trafik_analizi\backend\data\photos\AXQCQNRUQQaY6_RXUtOqvg7i4N5CuQlUdkfbLhTsxH6j-m3ys1F_nl_sCYkMKVJl8EsKAkH5_NJHYgxb3O7c5_QuQqbovqLiedV0.jpg
2025-05-28 12:24:55,677 - INFO - Fotoðraf indirildi: C:\Users\islim\OneDrive\Masaüstü\istanbul_trafik_analizi\backend\data\photos\AXQCQNRM5j461ZIvfcNkY9vXOMNDf1CgnuNIvWxPVnuM4OUw2LEJdFEBT6AX5wHCpiGShiQvVBoE_ydDKoXADTQ5qXrTNv64jSV8.jpg
2025-05-28 12:24:57,551 - INFO - Fotoðraf indirildi: C:\Users\islim\OneDrive\Masaüstü\istanbul_trafik_analizi\backend\data\photos\AXQCQNRX0vBqYYq1w9kOWoRw0bt2Iem57Afjn4HRPI2NgIKCOUtFMwwl8t5v82EQw5xUX_ftrkaHy6qdBjR9TFApnwwJLOGEF_qs.jpg
2025-05-28 12:24:59,359 - INFO - Fotoðraf indirildi: C:\Users\islim\OneDrive\Masaüstü\istanbul_trafik_analizi\backend\data\photos\AXQCQNQK1mPe-ezZTGrY_Nyo1FVAHHOBBggzp9Tf04wQxUkZ3Gfw7FplQnH1SqKIJcCQs85Ri2if1gHgJQAKUo9rW1E1ovEXhm1h.jpg
2025-05-28 12:24:59,366 - INFO - Mekan iþlendi: Cibali Hotel Istanbul
2025-05-28 12:25:01,519 - INFO - Detay çekilen mekan: MUSK HOTEL
2025-05-28 12:25:02,936 - INFO - Fotoðraf indirildi: C:\Users\islim\OneDrive\Masaüstü\istanbul_trafik_analizi\backend\data\photos\AXQCQNQOKXcrdtm69xdckIf65KhhKQOdEV4W68wqXeOH5wSrhAgcbHjwCkXYibMHwLXR2DKvtbmNRafPX0ZPmXbeHS8xqFB7bLmT.jpg
2025-05-28 12:25:04,508 - INFO - Fotoðraf indirildi: C:\Users\islim\OneDrive\Masaüstü\istanbul_trafik_analizi\backend\data\photos\AXQCQNRIH0st5xmcWtO9t6DgC-2JB5-kzoMgM_7Klav3sbwY2XaGjx7rR81WBh_7mvSnbgtS_kgEEqIO6r4-d1i5FnVmWQCXEbf8.jpg
2025-05-28 12:25:06,270 - INFO - Fotoðraf indirildi: C:\Users\islim\OneDrive\Masaüstü\istanbul_trafik_analizi\backend\data\photos\AXQCQNSJDw7_PCzkjEX7HByZfddlO0jKFl7qiNjAAbDnJwQ1ZY_yNbOhcEVJQG2OV7ywt20FD0Y-NMBgGfI0RbqXy1rdQK3M-yVX.jpg
2025-05-28 12:25:08,393 - INFO - Fotoðraf indirildi: C:\Users\islim\OneDrive\Masaüstü\istanbul_trafik_analizi\backend\data\photos\AXQCQNRGUQlc97NaXSKo5bZKJ0eTzVfpzTRtxeziHM5EYnxKwIef3hg7xhIxN5I_TFTjVhobINf0FwzFbK6DoYxLJOQhAkCDdF6f.jpg
2025-05-28 12:25:10,491 - INFO - Fotoðraf indirildi: C:\Users\islim\OneDrive\Masaüstü\istanbul_trafik_analizi\backend\data\photos\AXQCQNT3R_1Jc6Se87SGPm1ozZTiM8tq6maBW4PrD9kejS6zlPcSTkLfSYiKZRINeqblcCDkyMrM_anJi-GTuascCVaQ7kyt9Nqj.jpg
2025-05-28 12:25:12,779 - INFO - Fotoðraf indirildi: C:\Users\islim\OneDrive\Masaüstü\istanbul_trafik_analizi\backend\data\photos\AXQCQNTx1xYtHxHbgFoEtlgyaTOFR31WnJLUg61_kL9pfuY8HCEzfjJH5vQOSHNQUYkQBcpSoP0F6lxVJOb59Kf_IUQF5xymV6Ft.jpg
2025-05-28 12:25:14,729 - INFO - Fotoðraf indirildi: C:\Users\islim\OneDrive\Masaüstü\istanbul_trafik_analizi\backend\data\photos\AXQCQNTdDlBKEc0o8kzmEcRjpUr3Pp_16J5e40Ee_uveG5EaYuG_zZ14-4X-XSMZvo6NSWZvSkLVwzaZCtTlw1uv0k7sjDl91zd8.jpg
2025-05-28 12:25:16,498 - INFO - Fotoðraf indirildi: C:\Users\islim\OneDrive\Masaüstü\istanbul_trafik_analizi\backend\data\photos\AXQCQNRpXDdKBdWWXrQpoLfIRfxcZ0pr-J5ZXzp3Cy5LScJgpgPLNVoQ-tASeKE0_k6-_fJEJz85XaK4-jrTQaDVHbDzeuBLxMqL.jpg
2025-05-28 12:25:18,383 - INFO - Fotoðraf indirildi: C:\Users\islim\OneDrive\Masaüstü\istanbul_trafik_analizi\backend\data\photos\AXQCQNQpr6mPd4vJBgyb9jlF33B3TeFg7kpp172ANZSvQQxgoPkYMqDy3vbEjlyESry3OERJohbQgA9ze4NYMR-IwellFP3GELV5.jpg
2025-05-28 12:25:20,601 - INFO - Fotoðraf indirildi: C:\Users\islim\OneDrive\Masaüstü\istanbul_trafik_analizi\backend\data\photos\AXQCQNSZxAgQybT4iINK7LOyOwDtg8EG9e1hQytvoBb6XdPd5JQzH3zDQTanSkK_F-2PK79xEe2tNTBoPGELMisLy8LEvPoInqxr.jpg
2025-05-28 12:25:20,606 - INFO - Mekan iþlendi: MUSK HOTEL
2025-05-28 12:25:22,795 - INFO - Detay çekilen mekan: BARBAROSSA HOTEL
2025-05-28 12:25:24,772 - INFO - Fotoðraf indirildi: C:\Users\islim\OneDrive\Masaüstü\istanbul_trafik_analizi\backend\data\photos\AXQCQNQ8eHcHeB7575hE-TYVMGXlKOSR0SfFh-xTuRT9avfhaHLmIQw5tpXEvPGmtmOmXsJCGHk-rn2sBxh7-nIK6xuZxO1sjrHv.jpg
2025-05-28 12:25:26,435 - INFO - Fotoðraf indirildi: C:\Users\islim\OneDrive\Masaüstü\istanbul_trafik_analizi\backend\data\photos\AXQCQNRAE-uh4G7NDxmXv4LA7xZ3b9rSD7sn7bMalDky-kctZ5Oe241tbvgNfGCD1UqpeD5rnHJX2r9njzOVztpc-co6hAO7EMof.jpg
2025-05-28 12:25:28,185 - INFO - Fotoðraf indirildi: C:\Users\islim\OneDrive\Masaüstü\istanbul_trafik_analizi\backend\data\photos\AXQCQNSXalp1sPRQSGPI4ogl6t-r17oH3H7EZImod63VxPH3a9z95A69PETRPklAk9risPK08_mjzKdmlSNfUdFXRwuE8u6Dq_jS.jpg
2025-05-28 12:25:30,061 - INFO - Fotoðraf indirildi: C:\Users\islim\OneDrive\Masaüstü\istanbul_trafik_analizi\backend\data\photos\AXQCQNT6TcjisjrX471StMMowSOKRTTQ4C4pnI89vcyw5_8ze3F-MlwpBIxbU-X8ixRq7OlB3ue9iBdeigI0gplDhuv7177W1yLQ.jpg
2025-05-28 12:25:32,126 - INFO - Fotoðraf indirildi: C:\Users\islim\OneDrive\Masaüstü\istanbul_trafik_analizi\backend\data\photos\AXQCQNTI6_3tvkLdoEYTLzFppwzU9OyfspGzqfgq8gaVbpRt7qTSn2RjJbzYDCH8xZhG_G8cfP2xTYjtCkotfqr1NbAwdZeW1MMg.jpg
2025-05-28 12:25:34,204 - INFO - Fotoðraf indirildi: C:\Users\islim\OneDrive\Masaüstü\istanbul_trafik_analizi\backend\data\photos\AXQCQNTOfTinoJ_FjgiZzPGGJNXgHMFBaL2nJoxAp2F1vRB3Ywq3C_U7axW7uLU1gSRQHm6U784gH-itcvQ1PtPFFXj6F5dIoVIo.jpg
2025-05-28 12:25:35,793 - INFO - Fotoðraf indirildi: C:\Users\islim\OneDrive\Masaüstü\istanbul_trafik_analizi\backend\data\photos\AXQCQNRjwJSsnwXc4-EGYuDAjFWVzgy_clZoVwQwA8Ti03JJ2AyM4ZQ8Ux4fKKEU93ibPCVTsCZJA_LkOljKm6-arGtSs81P-kM3.jpg
2025-05-28 12:25:37,424 - INFO - Fotoðraf indirildi: C:\Users\islim\OneDrive\Masaüstü\istanbul_trafik_analizi\backend\data\photos\AXQCQNStWaEF7WJgwmP7q_0Y2eYf91I_sxYJzhPAgrz2kAtaInRslXPZaNY6cfeaoU1Mdwxkn_jvVRsFuvgSDxmO8IYZmg9qVeyP.jpg
2025-05-28 12:25:38,894 - INFO - Fotoðraf indirildi: C:\Users\islim\OneDrive\Masaüstü\istanbul_trafik_analizi\backend\data\photos\AXQCQNTJyOAi9NLdoohKDkTCtN_d7tGj376zPJjDPwy3OF7o_s8efoaQapXGqJp8PnU1YpIiX4oIvs-OwNJSdlka9Zrt1ipUC2JA.jpg
2025-05-28 12:25:40,351 - INFO - Fotoðraf indirildi: C:\Users\islim\OneDrive\Masaüstü\istanbul_trafik_analizi\backend\data\photos\AXQCQNRNq10QrjjpDn-l7wrcBKd7lAtRlCpzWXBABdSjU-qbJ5eNfAcUv_lc_pbac8tMbx97kPtEanPow7WwiqfCPN9zyzzouT7p.jpg
2025-05-28 12:25:40,351 - INFO - Mekan iþlendi: BARBAROSSA HOTEL
2025-05-28 12:25:42,537 - INFO - Detay çekilen mekan: Sultanahmet Hotel Han
2025-05-28 12:25:43,600 - INFO - Fotoðraf indirildi: C:\Users\islim\OneDrive\Masaüstü\istanbul_trafik_analizi\backend\data\photos\AXQCQNT9y0yoIOmpwJoZDhINicMpIEiXXkVM8hZJmM9hd56RQO_vaLpERivoLB7eFdmYtyzEmTsRLe3MzVSOi5fheh0VOuc3Paro.jpg
2025-05-28 12:25:44,830 - INFO - Fotoðraf indirildi: C:\Users\islim\OneDrive\Masaüstü\istanbul_trafik_analizi\backend\data\photos\AXQCQNTZaNnChwg_KI_2PfYD9PMkQ5juKoPk888Lupx2N4lDodTDsItherE14rrC8dIrVkKKB6SmTajN5F4r0_i_AMYj2aH0Syex.jpg
2025-05-28 12:25:45,927 - INFO - Fotoðraf indirildi: C:\Users\islim\OneDrive\Masaüstü\istanbul_trafik_analizi\backend\data\photos\AXQCQNQU5E9i3oxbFNHyh5bY-U8yAPMLOCsevIx3KEAqhlqqyTVXicqJn5RykA--hZz3DC5qS2ZMjRU5jvx_r-36KwdAcSeiCsy3.jpg
2025-05-28 12:25:46,886 - INFO - Fotoðraf indirildi: C:\Users\islim\OneDrive\Masaüstü\istanbul_trafik_analizi\backend\data\photos\AXQCQNSAyhS2jTfGn9VIWrAFM3eNkUfxoScUz4fQa5XMo7tYVqI0bMYFRbJ3ljaQubXHhzt3ICw-l7zKnRF6w5E7eBwNmZeFCGhA.jpg
2025-05-28 12:25:48,149 - INFO - Fotoðraf indirildi: C:\Users\islim\OneDrive\Masaüstü\istanbul_trafik_analizi\backend\data\photos\AXQCQNSkf9cxa1axDZnRFxf8vLSp0OU4-wN800YOAnIWLu_7FKMZzwZqG89HEdSN7m74HW7IiVY80LvJtq2OFWGiBQ_lfyTT1OeW.jpg
2025-05-28 12:25:49,272 - INFO - Fotoðraf indirildi: C:\Users\islim\OneDrive\Masaüstü\istanbul_trafik_analizi\backend\data\photos\AXQCQNS1q3YI1a-LySJYsENv6eOGx4Ev8kQPeXUqXlR38sPbm80k_46Z-AmIUb47wzqDjSJE9YYssUHHKwuWp2DEMNkI8dp8lldu.jpg
2025-05-28 12:25:50,786 - INFO - Fotoðraf indirildi: C:\Users\islim\OneDrive\Masaüstü\istanbul_trafik_analizi\backend\data\photos\AXQCQNTxmV4U007itOd_XDXdGbS3iO2C4i6-6gyoRzHmRpeNMXDhMWdiNC1bp0G8i4JW1atzaPVoelN6ADHoH_on5uuR-YvVvvWO.jpg
2025-05-28 12:25:51,939 - INFO - Fotoðraf indirildi: C:\Users\islim\OneDrive\Masaüstü\istanbul_trafik_analizi\backend\data\photos\AXQCQNSR1Y34a5z8zO0M2izwQKvrA__4vG-ppSsMpkBn4Vh_-lJCdgLX_yo15DTXlPJISdR6xkvao6ZyHqL2yXR20pWpW7N_j1ON.jpg
2025-05-28 12:25:53,399 - INFO - Fotoðraf indirildi: C:\Users\islim\OneDrive\Masaüstü\istanbul_trafik_analizi\backend\data\photos\AXQCQNT1zO1qTen9OjWME-5yEzXUcefiEPn4aODzI4dvm2JDLzQe61v6gtdTfZUKEll9ioz6xqaMPF0iBcuH8vFFdE1dTH-3oGCO.jpg
2025-05-28 12:25:54,685 - INFO - Fotoðraf indirildi: C:\Users\islim\OneDrive\Masaüstü\istanbul_trafik_analizi\backend\data\photos\AXQCQNRomhJP56AmBZIXtwTmzMLrbqsZ8sbchn7vA6YFwDKkRYKxKmZgbZU_2WwxsAL6Pew7CAy8TMFpYczeGJxBvJwORcTua9ET.jpg
2025-05-28 12:25:54,692 - INFO - Mekan iþlendi: Sultanahmet Hotel Han
2025-05-28 12:25:56,876 - INFO - Detay çekilen mekan: Birlik Apart
2025-05-28 12:25:58,118 - INFO - Fotoðraf indirildi: C:\Users\islim\OneDrive\Masaüstü\istanbul_trafik_analizi\backend\data\photos\AXQCQNTY46y8i2KU5dclQ3WxDf3KB15MubEGGFKAH4802SVD7zMdML5nwux8VqeBoQmv8R6fKj5VYpFwUKwE7OiTXPvqpyrPtDU4.jpg
2025-05-28 12:25:59,671 - INFO - Fotoðraf indirildi: C:\Users\islim\OneDrive\Masaüstü\istanbul_trafik_analizi\backend\data\photos\AXQCQNTmql7x2irdobl75Mmsyu_auXPqYeRju_C-hVMnPSKin5VJH1e_B8nhwjHH_D5yq8NWznmzaXm7VXPBgM0I9GsoZ0HavHGv.jpg
2025-05-28 12:26:01,405 - INFO - Fotoðraf indirildi: C:\Users\islim\OneDrive\Masaüstü\istanbul_trafik_analizi\backend\data\photos\AXQCQNSxP4smmv-mOo8JCMjjj_N_p6MHAKbf-Y3mLI6rqk_dzxFZnx46NuYXL0YE4RCnWtBksUPSE5Urhisvi6XZ3LN1j6TkjlFC.jpg
2025-05-28 12:26:02,919 - INFO - Fotoðraf indirildi: C:\Users\islim\OneDrive\Masaüstü\istanbul_trafik_analizi\backend\data\photos\AXQCQNTfW8iaMAqwbHQ-6s1sSX6202AGdSOodHjAbxwAEviYkjtzv1Vo8Ti6_DOdyvrXUxUU3s1KYSa_273I26FBgm9swt1cXWcz.jpg
2025-05-28 12:26:04,173 - INFO - Fotoðraf indirildi: C:\Users\islim\OneDrive\Masaüstü\istanbul_trafik_analizi\backend\data\photos\AXQCQNQjgFoMLb06bE4dUqukJtU4HY79bvslvfdxrmpCZh_xNeSbsdGOqU250Pa7T49sAR-W1eB2QPGCa540TuxQNK1jSGj74pK3.jpg
2025-05-28 12:26:05,368 - INFO - Fotoðraf indirildi: C:\Users\islim\OneDrive\Masaüstü\istanbul_trafik_analizi\backend\data\photos\AXQCQNQP9hKCOol6oC3aW9q71P0_beI_nAEF83VzYGYiWgJYn4L0dZ69DKp3cPq3dWyBVgKWdoWKwt4tMPT8mxcyYAZ-EgBzSJ-V.jpg
2025-05-28 12:26:06,990 - INFO - Fotoðraf indirildi: C:\Users\islim\OneDrive\Masaüstü\istanbul_trafik_analizi\backend\data\photos\AXQCQNTPsu-2gSW9ngaIxI8eR0yhYsgZsL0iZH4JIyeAIDjpZsq_dapp_iAUj4E7tO4PbBOtSoYFHeS6Pl5XTlYWnGrf4_fgi5N3.jpg
2025-05-28 12:26:08,456 - INFO - Fotoðraf indirildi: C:\Users\islim\OneDrive\Masaüstü\istanbul_trafik_analizi\backend\data\photos\AXQCQNRZIixT_Tm-3cPRhA1Tka-xgedbb9ALMrUOt-IUBaPSXKSpHfPUt5_zILRBjzFykFzww26Z_H5b4MT3yH4wPUBQvkkpI5mB.jpg
2025-05-28 12:26:09,791 - INFO - Fotoðraf indirildi: C:\Users\islim\OneDrive\Masaüstü\istanbul_trafik_analizi\backend\data\photos\AXQCQNQJY-wRp_wJBeBlIS-1fD7-90CFrXdLEdpn9HdA_biXRk1VA7YyW5RN24xK04EqdB0PGTj9koYPAlu_QzNUt9m3V-UGb-g6.jpg
2025-05-28 12:26:11,184 - INFO - Fotoðraf indirildi: C:\Users\islim\OneDrive\Masaüstü\istanbul_trafik_analizi\backend\data\photos\AXQCQNTtFR-HvO65-F0O82aE_9RRlcgKi-pNaWRtRka7hsdzIuBD_I4PHOgw33MYNmvfvsQVh8nMHLFUP8Vd3uCdGb8BB5-98AIL.jpg
2025-05-28 12:26:11,187 - INFO - Mekan iþlendi: Birlik Apart
2025-05-28 12:26:13,346 - INFO - Detay çekilen mekan: Mahya Hotel
2025-05-28 12:26:14,329 - INFO - Fotoðraf indirildi: C:\Users\islim\OneDrive\Masaüstü\istanbul_trafik_analizi\backend\data\photos\AXQCQNTS5Wd4xhEzwKpX4xclCcnHnqAhZyIAAnTet9wmxzCT8oOtOVwF7vLWxAzhlVigLCutvBiBujFwbw4DaKgqFvwAOWWdnaIS.jpg
2025-05-28 12:26:15,556 - INFO - Fotoðraf indirildi: C:\Users\islim\OneDrive\Masaüstü\istanbul_trafik_analizi\backend\data\photos\AXQCQNRCpRaHI_YRODv0isJjl4zOLlmkAZ9LSIt4Pz-Hbduw84uaoODMpbsAB09OW79cvhl9spdCnrA4YZI85uALNf7E4x3sGSGc.jpg
2025-05-28 12:26:16,823 - INFO - Fotoðraf indirildi: C:\Users\islim\OneDrive\Masaüstü\istanbul_trafik_analizi\backend\data\photos\AXQCQNTEfaRlpiFs-9bReUY0duTs4MIxukzWZEjlMxNngejUdkZj3rPaYfXRtfl4_4ijm-NPS320LHfDjJK_N7XwemjcQ8GCkpPL.jpg
2025-05-28 12:26:18,422 - INFO - Fotoðraf indirildi: C:\Users\islim\OneDrive\Masaüstü\istanbul_trafik_analizi\backend\data\photos\AXQCQNRzP03ty5f89gyo5ECe8Z3dOjh04Qa1hgQWws1FdNTnXOJACePqFf6UPWYdjaHXpEs618gBHnpnpO5iQiDWxydXdE0t9fYB.jpg
2025-05-28 12:26:19,530 - INFO - Fotoðraf indirildi: C:\Users\islim\OneDrive\Masaüstü\istanbul_trafik_analizi\backend\data\photos\AXQCQNRZaXtYWdWguBqVIAbtu1tR1rHIhaO2o-72Aug6WDK0J7u8JAGCzHZTjDu-eK3B0KPSYWcBiTecJWY91z1Uv9uzXrsl8vy2.jpg
2025-05-28 12:26:20,898 - INFO - Fotoðraf indirildi: C:\Users\islim\OneDrive\Masaüstü\istanbul_trafik_analizi\backend\data\photos\AXQCQNTWxYrQhlpbG8tdXX1xlUaMbspzXPRZ41m-1-YaYuNJMtdJAcOnRjjjV0Kvy_uaF1WCH4xQWBNmq5V1AYNTJE2gkcVfeV-R.jpg
2025-05-28 12:26:22,122 - INFO - Fotoðraf indirildi: C:\Users\islim\OneDrive\Masaüstü\istanbul_trafik_analizi\backend\data\photos\AXQCQNRVpGoFBI7tYqp299q2EQ6VWHLQCH-ENOFn11Rix3dmy1m-bUNWpidtZ3_8JiSgDrnuyyCQWxF7apsD0EbZmQ8bhnS6ajIp.jpg
2025-05-28 12:26:23,869 - INFO - Fotoðraf indirildi: C:\Users\islim\OneDrive\Masaüstü\istanbul_trafik_analizi\backend\data\photos\AXQCQNR9-i_bsxBTT1levkYsN8sGHjQJ6tsyXzJiKeyL1RV0eVEO9AKI6JLcE7TAJNfuGWGkji8dpLeYIQTvl-eANVa0M51mbGT5.jpg
2025-05-28 12:26:25,249 - INFO - Fotoðraf indirildi: C:\Users\islim\OneDrive\Masaüstü\istanbul_trafik_analizi\backend\data\photos\AXQCQNRbp0lOtgjlmFHRZynrsJOsznVqyZjVl5ookw8r8LBfEJqUYiWsE0vnhN87y4wr57efEY9nEo1MjqDJtk2zOgEZW1QyXBx3.jpg
2025-05-28 12:26:26,606 - INFO - Fotoðraf indirildi: C:\Users\islim\OneDrive\Masaüstü\istanbul_trafik_analizi\backend\data\photos\AXQCQNRW6KzoIjgbYXglXKlaOg1YkGwkusVzF4XzHWdYnuXvY63tyN4cd5wu-7UUEBUjhxmlSSlFNScbSXSItvDp64gXYzoTNZuk.jpg
2025-05-28 12:26:26,610 - INFO - Mekan iþlendi: Mahya Hotel
2025-05-28 12:26:28,769 - INFO - Detay çekilen mekan: Grand Tower Hotel
2025-05-28 12:26:29,701 - INFO - Fotoðraf indirildi: C:\Users\islim\OneDrive\Masaüstü\istanbul_trafik_analizi\backend\data\photos\AXQCQNSK0wJfd_dmutLaxSLR3TcLJq_-DBWDcaqmlSC3t-UT1rMUgrm8yhH3bbQ9MgSYT49FTUyRIhSE3UstMcaQEmnumgb5LMdt.jpg
2025-05-28 12:26:30,649 - INFO - Fotoðraf indirildi: C:\Users\islim\OneDrive\Masaüstü\istanbul_trafik_analizi\backend\data\photos\AXQCQNQ_mk5YtEiBpxQTz4OFWaUrLrcXLxHPEEmPOcQyB2Rwq_DiTtwvrpRkgO1HxYgq7NOp7V7txzmlRPHKztLtP5_gRRcgYYV8.jpg
2025-05-28 12:26:31,814 - INFO - Fotoðraf indirildi: C:\Users\islim\OneDrive\Masaüstü\istanbul_trafik_analizi\backend\data\photos\AXQCQNTBAtMBwQnEl_G26lRI9tZFWgn4-k83MGnG--5rZq5BlYOr3SXEEgwh5-z7EdLqYvcFmMo7h5YQAmSell0BnuZ3GgBpiITR.jpg
2025-05-28 12:26:33,006 - INFO - Fotoðraf indirildi: C:\Users\islim\OneDrive\Masaüstü\istanbul_trafik_analizi\backend\data\photos\AXQCQNSVvZEngpmsABsuSKiZna2_MsGSd5ilVZhC3AGsN5r8NTjnOkvhCD8vQF8k_Jnyj0PpiAy-UODw2vGSKANqtK2mavLkgWIs.jpg
2025-05-28 12:26:34,434 - INFO - Fotoðraf indirildi: C:\Users\islim\OneDrive\Masaüstü\istanbul_trafik_analizi\backend\data\photos\AXQCQNQ3EAVdpWe9OvwTCZOFNVQ9leTjlrqLTSMGH90ZzOFTa9gsLT5rWf05sMHPXMwkAul4ue_l2jsKbmUqW9oA-epctNrpgqo3.jpg
2025-05-28 12:26:36,318 - INFO - Fotoðraf indirildi: C:\Users\islim\OneDrive\Masaüstü\istanbul_trafik_analizi\backend\data\photos\AXQCQNR2CkewHVqUzQxwwKnbzhe7SrNgmT0PvVwN55W7hNS3xghrVWgyI3ll4N5Q445Nhs9nP8QsW29-Li-NnmhvYoZg4vB4P047.jpg
2025-05-28 12:26:37,496 - INFO - Fotoðraf indirildi: C:\Users\islim\OneDrive\Masaüstü\istanbul_trafik_analizi\backend\data\photos\AXQCQNQihnPa5EuAIYmr6YhOw2y7YCUZTOtxDbCObkbVLZie9OVRRQP8y-Y9LlBiQTiS-n_lOljrLSYNhXXGz3dVB0WK78NMxiNn.jpg
2025-05-28 12:26:38,725 - INFO - Fotoðraf indirildi: C:\Users\islim\OneDrive\Masaüstü\istanbul_trafik_analizi\backend\data\photos\AXQCQNQXNjQOTV7RXP6NyloW_MQF_UAQlx4X7jZVio4MqBBObcDM5MN_icn-wrg1fHM4528uVFPOrOaQTByp2ZlWc8os2CNfr3R2.jpg
2025-05-28 12:26:39,891 - INFO - Fotoðraf indirildi: C:\Users\islim\OneDrive\Masaüstü\istanbul_trafik_analizi\backend\data\photos\AXQCQNQuSIY75Qf60Xb4WzaO-ppUQJuxFOTts6FtqGDgfXxCQ3s9rxwLxsM0UKm1UdUZIH748rlgO1Stff0oUoJvyBCNJQ4YelRd.jpg
2025-05-28 12:26:41,480 - INFO - Fotoðraf indirildi: C:\Users\islim\OneDrive\Masaüstü\istanbul_trafik_analizi\backend\data\photos\AXQCQNTfquGfHH0a_nRfITy65_6_Z1ggn1VNdKm99aPOnESrfRdYYqY1Z363ukgbqMSif-Akvi2HjDOKGmrRYFefyn264pvbCqUi.jpg
2025-05-28 12:26:41,484 - INFO - Mekan iþlendi: Grand Tower Hotel
2025-05-28 12:26:43,657 - INFO - Detay çekilen mekan: Hanchi Hostel
2025-05-28 12:26:44,827 - INFO - Fotoðraf indirildi: C:\Users\islim\OneDrive\Masaüstü\istanbul_trafik_analizi\backend\data\photos\AXQCQNTZy7vvZ2kCq6R9sRnGIb1htgkM9iYa9AFPucADVIRZyDO-ynib-yWkHU9ftOZrZpE_hClkFG-pFT79pm5BdkECGh_KLONp.jpg
2025-05-28 12:26:45,793 - INFO - Fotoðraf indirildi: C:\Users\islim\OneDrive\Masaüstü\istanbul_trafik_analizi\backend\data\photos\AXQCQNQgL9U6JBGPWjiSRtTlr3VXJpA7dbQ4TknFCbiiL4bMS7toweJyPm-zbM98Qlc_h6wtLtXEq31uT1dA2sLb6iAlu-KwK_Ws.jpg
2025-05-28 12:26:47,348 - INFO - Fotoðraf indirildi: C:\Users\islim\OneDrive\Masaüstü\istanbul_trafik_analizi\backend\data\photos\AXQCQNRfJjFgWEdmP8rg2f5Kf8-Hg7IccBgun1X2HgbsbJh0fWp5qfbRMPo0iiGkwMNH3-ynkm5tcOheHQVxC4KtVYhNvvsEAzm0.jpg
2025-05-28 12:26:48,458 - INFO - Fotoðraf indirildi: C:\Users\islim\OneDrive\Masaüstü\istanbul_trafik_analizi\backend\data\photos\AXQCQNSNWJM-3DS7pTWrIH3nlLxiveicMgR3xFnw6w6KlYLgrXrGlpk-1DpMAevlTvocWRjIM-TiS5fRq4LQqD7HaQH17RPhGsgZ.jpg
2025-05-28 12:26:49,662 - INFO - Fotoðraf indirildi: C:\Users\islim\OneDrive\Masaüstü\istanbul_trafik_analizi\backend\data\photos\AXQCQNSAlrME9xD2w2LwAlvZSwbYEjxbYPlaunbZlwd89EhADOlYlXFucBN7k0cmK84TD1JoGzk4RAEhi_FLlGO9mnRXAqWZdHUw.jpg
2025-05-28 12:26:50,830 - INFO - Fotoðraf indirildi: C:\Users\islim\OneDrive\Masaüstü\istanbul_trafik_analizi\backend\data\photos\AXQCQNRluNJxo_zR_B44jvuttSBA_fPbcK946Y4hjN3IvvCSlYUUlXiXcjCCZRIoPLxXzlWmj1Y1lq8SVsq7jQjx45K1r7sYxq6A.jpg
2025-05-28 12:26:52,350 - INFO - Fotoðraf indirildi: C:\Users\islim\OneDrive\Masaüstü\istanbul_trafik_analizi\backend\data\photos\AXQCQNTkglO9XpwXmtIF8jo7cl7K7vQKg-scUBnOiFivcxwh2XewldZcUh7mcRBv10t6raJJz7UKcGqDD5EVPs4yUkAhL2yTg6fe.jpg
2025-05-28 12:26:53,678 - INFO - Fotoðraf indirildi: C:\Users\islim\OneDrive\Masaüstü\istanbul_trafik_analizi\backend\data\photos\AXQCQNRIdUWaazI8NgeCFMtYQ2lBVC6k4bN_8WFhcMqtKi6kGNX517u1CVYEtOkaPSA54dSkMeKFkm4I_MdLrctatW8R80cWLmn-.jpg
2025-05-28 12:26:54,848 - INFO - Fotoðraf indirildi: C:\Users\islim\OneDrive\Masaüstü\istanbul_trafik_analizi\backend\data\photos\AXQCQNSUZjCAZbBH1UzWbAIEiVMnqSCLxi9ghcI2x53BbXBYNy4KPasg7a09UM7GnMjhXO_3CSpDlad-J-AAP3Tq-SPQnL_qqD-a.jpg
2025-05-28 12:26:55,978 - INFO - Fotoðraf indirildi: C:\Users\islim\OneDrive\Masaüstü\istanbul_trafik_analizi\backend\data\photos\AXQCQNSiTT7puij1wQl569rxVI6tG5ZSYSNx4eqa7xsKfe8nexx0ZmZPJyvZ1m3APDfvvmBJPJe51Rmm-mv73d6gEDofypmSKUqt.jpg
2025-05-28 12:26:55,990 - INFO - Mekan iþlendi: Hanchi Hostel
2025-05-28 12:26:58,180 - INFO - Detay çekilen mekan: Hotel Sultanahmet
2025-05-28 12:26:59,408 - INFO - Fotoðraf indirildi: C:\Users\islim\OneDrive\Masaüstü\istanbul_trafik_analizi\backend\data\photos\AXQCQNR1hkYOxDwFSwQXgTDtCGu1zNdMD1KI4dV0Rjt4dT2oDD2vM8P-DLlRicQklPpAxFTpog2mYnwlBSb7pUkgnFLPJaIBN9jV.jpg
2025-05-28 12:27:00,676 - INFO - Fotoðraf indirildi: C:\Users\islim\OneDrive\Masaüstü\istanbul_trafik_analizi\backend\data\photos\AXQCQNQeRUfIsP2HbrxnP6WO3Jb3EYBjkUQRKrbasUX0GIzFXzTfwVCmGTYUrrDgB3vShp8wfd2ireXzmpnuTZ88_bWcf-SwxKK4.jpg
2025-05-28 12:27:01,936 - INFO - Fotoðraf indirildi: C:\Users\islim\OneDrive\Masaüstü\istanbul_trafik_analizi\backend\data\photos\AXQCQNSWPkFMDxRsYDdOUqViLhgP4z74cIUQTTN6GILo7v9nC0PJdMhOE6Xqeo6zrVhHT57OWAf6rXMCQOjrWCxm7UxJ6wArF_OO.jpg
2025-05-28 12:27:03,407 - INFO - Fotoðraf indirildi: C:\Users\islim\OneDrive\Masaüstü\istanbul_trafik_analizi\backend\data\photos\AXQCQNR1vZEiX7NnGQFjL5-3q0WSTno78XlkoDup2BfFI7JC3rNLZ_IHh25zVWwCYqnidPth_o80vEIgJM1u6ZFcVWhZGtOqjaRf.jpg
2025-05-28 12:27:05,107 - INFO - Fotoðraf indirildi: C:\Users\islim\OneDrive\Masaüstü\istanbul_trafik_analizi\backend\data\photos\AXQCQNQLfe434isA3tejzGF5l5rTFgD-aG1kYMdNSJGgP7dT_5uEkf-ebHq8-lSpMAlLW1LS0uLibP-KN5OjXXVNaRkyimG1vjrF.jpg
2025-05-28 12:27:06,317 - INFO - Fotoðraf indirildi: C:\Users\islim\OneDrive\Masaüstü\istanbul_trafik_analizi\backend\data\photos\AXQCQNQvySIy9UMNnGFcImQr_V9HnCYrIEj9V8z0sJJPzwGja2-jPW9nXOC3bTeqjw_3mEq2RJQUEIuXWp45uoSDligTifQ_a323.jpg
2025-05-28 12:27:07,483 - INFO - Fotoðraf indirildi: C:\Users\islim\OneDrive\Masaüstü\istanbul_trafik_analizi\backend\data\photos\AXQCQNRxDu9DFsB5HilLImd9oTXP0pBlvgdtiOggxbOOHRuThUQEDl64UR4Ks-P3sDpU5Q1l_ol0nG9mOSNaacY4w7fuNnXx2HI-.jpg
2025-05-28 12:27:09,002 - INFO - Fotoðraf indirildi: C:\Users\islim\OneDrive\Masaüstü\istanbul_trafik_analizi\backend\data\photos\AXQCQNQLScSpyKNmA0x8iGdQ6eUvsr0jDF4eJn25vFWY8xjzA9B0Vlltcu-LFz2j12vepkhcOmgkGywt107HIoLI5kd5SbDPYrAf.jpg
2025-05-28 12:27:10,308 - INFO - Fotoðraf indirildi: C:\Users\islim\OneDrive\Masaüstü\istanbul_trafik_analizi\backend\data\photos\AXQCQNQ5a32F-HXngKsD3fbtq5o7qdKA4wsYz1rVoW2Iw0Mb0kLbKOqVC6AtC3OhBQkhI7QhHjafgzrviZ88LC1-LhMHQosHH0Tx.jpg
2025-05-28 12:27:11,687 - INFO - Fotoðraf indirildi: C:\Users\islim\OneDrive\Masaüstü\istanbul_trafik_analizi\backend\data\photos\AXQCQNQeDES487cxjoa5ZzlmNPH5VJMao2yd5iDqKtRJhl-TSRSiGysv9_lkSed3qRrftPTVHBxfakuVFlNHOU3AW9C1LcH44NEu.jpg
2025-05-28 12:27:11,690 - INFO - Mekan iþlendi: Hotel Sultanahmet
2025-05-28 12:27:13,849 - INFO - Detay çekilen mekan: THE CENTRAL HOTEL
2025-05-28 12:27:15,046 - INFO - Fotoðraf indirildi: C:\Users\islim\OneDrive\Masaüstü\istanbul_trafik_analizi\backend\data\photos\AXQCQNRc1-uzD3PVjYeqVtIYu3QHZmjSnvPNX_1QGtvawni8WvzdQX-JD5g2uin9MVG9lJ9kGSMmLMZSrIuh_EaXBsbu8qzMwsf2.jpg
2025-05-28 12:27:16,128 - INFO - Fotoðraf indirildi: C:\Users\islim\OneDrive\Masaüstü\istanbul_trafik_analizi\backend\data\photos\AXQCQNQ6gUx8lc1RQrlTx0EJsi18Y8vRVuFJWv67mUk4Y8CKVxSDJRps211VMbkXkRGZ0-LK5XW-AGWVixdM27x0o1spkdsON30y.jpg
2025-05-28 12:27:17,456 - INFO - Fotoðraf indirildi: C:\Users\islim\OneDrive\Masaüstü\istanbul_trafik_analizi\backend\data\photos\AXQCQNQj0-NdyRZsi7Md7qoseYdnozkbEv2_5zmtAAhIhUIk2xai8fj-p_lnXSEBUETq-yZQm8Vgx5_yDgPmJwIO1gZ3wZ20UQWm.jpg
2025-05-28 12:27:18,809 - INFO - Fotoðraf indirildi: C:\Users\islim\OneDrive\Masaüstü\istanbul_trafik_analizi\backend\data\photos\AXQCQNRd96ioMs6J1zUQF-XLXMs4OVTL0ZNjko7MkRq7hbdrVcPeVtHkThyncwt4AH6-Yz5kHy1hhsYWCQAhaPf6qbz3m47zjILO.jpg
2025-05-28 12:27:20,581 - INFO - Fotoðraf indirildi: C:\Users\islim\OneDrive\Masaüstü\istanbul_trafik_analizi\backend\data\photos\AXQCQNT7E1n94uXRyzJUZT4s11BbIjA3YIa41NKAWvbraPcBQmn3y9FtE5XF8lsLsbEP7zT3DPDAzWkiAh2RTJ-qa2NevaE96-lz.jpg
2025-05-28 12:27:22,371 - INFO - Fotoðraf indirildi: C:\Users\islim\OneDrive\Masaüstü\istanbul_trafik_analizi\backend\data\photos\AXQCQNRDhgZF1kpGhXz0yvKJXbeDyF-2yekadMtEKaQ4JPvUrEhA6iaO1Jb_cYmM4y05aAe_JJbTb8nCxYXASSwFGBR-9igf7jOQ.jpg
2025-05-28 12:27:23,676 - INFO - Fotoðraf indirildi: C:\Users\islim\OneDrive\Masaüstü\istanbul_trafik_analizi\backend\data\photos\AXQCQNQpdCmQddDMXB7h6LUl7bc6K1YSe66jgvolovZpsyLAfIrvAV3gpn4fmK-L-WliWqvQ8cu-wQnxdX0hjSanNSdlndyjyBc0.jpg
2025-05-28 12:27:25,222 - INFO - Fotoðraf indirildi: C:\Users\islim\OneDrive\Masaüstü\istanbul_trafik_analizi\backend\data\photos\AXQCQNSBAhJTDlipONNvwr7xZjwEWyvrpeYT3Cj9CA4Mn2Nk4oC83koi1Qd9biT5jR11Fq0nsZxMgkHiqXjlW8uiDzlWO8wCH7TC.jpg
2025-05-28 12:27:26,658 - INFO - Fotoðraf indirildi: C:\Users\islim\OneDrive\Masaüstü\istanbul_trafik_analizi\backend\data\photos\AXQCQNS1dfp2G1Rncr7Wsaazj-_tYWeLpNibIckCFXAEKcB0UKyRzOsb8UKN5Q9RlJVu5WSzX8xCngq9gkY5UoQsp6VDMPeZ7bTP.jpg
2025-05-28 12:27:28,055 - INFO - Fotoðraf indirildi: C:\Users\islim\OneDrive\Masaüstü\istanbul_trafik_analizi\backend\data\photos\AXQCQNTfPxA249RdaOEHMFsBV-xUbmIi3cjxhIiqc2pTnCfrMdYqcCfVT3Pnr2rabvrqOYN7v4kilQiYzXcLawnsT2i2J0oFu0ZN.jpg
2025-05-28 12:27:28,059 - INFO - Mekan iþlendi: THE CENTRAL HOTEL
2025-05-28 12:27:30,259 - INFO - Detay çekilen mekan: Avrasya Hostel
2025-05-28 12:27:31,707 - INFO - Fotoðraf indirildi: C:\Users\islim\OneDrive\Masaüstü\istanbul_trafik_analizi\backend\data\photos\AXQCQNQOGf67ZMkcJQLJ_9ws7BvTzOPeSQc2Uxa5GC1X0yRRKRqvcV7ZU3_rp33_R8sptZhWWCpc_YUhr55ERDJdAw9pzEIIjjjN.jpg
2025-05-28 12:27:32,991 - INFO - Fotoðraf indirildi: C:\Users\islim\OneDrive\Masaüstü\istanbul_trafik_analizi\backend\data\photos\AXQCQNSepqkmbE7dYwkLmtythp2UBgxIN98F5x8X_t-vzXNwPWTwiVEHj-cRPscFbU5VVZxGTTN7ggdPo91WiMtqNZmzqzo23B_f.jpg
2025-05-28 12:27:34,065 - INFO - Fotoðraf indirildi: C:\Users\islim\OneDrive\Masaüstü\istanbul_trafik_analizi\backend\data\photos\AXQCQNQNlMh9aaypdvR4HamG7UtEQK4MxKLymrBq6-F65PGsc2OKafgJ6lzlK1dCG34KaOz-mS4M6cbdfPpJdZEdqMDLS5jnTxIH.jpg
2025-05-28 12:27:35,601 - INFO - Fotoðraf indirildi: C:\Users\islim\OneDrive\Masaüstü\istanbul_trafik_analizi\backend\data\photos\AXQCQNQLXkOgkP75ZpYd8TikhQrOwLZJaErjCXGPHYRevXbXUyWg41KrXR98XRjSRCxW2wg8vZdusMWMNgMAFivuLo6uxLm2MgNw.jpg
2025-05-28 12:27:37,257 - INFO - Fotoðraf indirildi: C:\Users\islim\OneDrive\Masaüstü\istanbul_trafik_analizi\backend\data\photos\AXQCQNQpm4wH2fHkVQKZJd1BuJbxldv83rOiTSGnh4NSj58ZdJK7RpDjR52YZmdumRbuOV0enn3-CdA4D3l5NYfwl1AzASa05e4s.jpg
2025-05-28 12:27:38,641 - INFO - Fotoðraf indirildi: C:\Users\islim\OneDrive\Masaüstü\istanbul_trafik_analizi\backend\data\photos\AXQCQNQTxCEOiblWbH06PLIghH5fuEOBTENG7EfhQuwL7oB7_5dW46rChWywGB-GhQrnv5WqKc9HN4Cb8ncLGBduLAPUmiDGCC9z.jpg
2025-05-28 12:27:40,022 - INFO - Fotoðraf indirildi: C:\Users\islim\OneDrive\Masaüstü\istanbul_trafik_analizi\backend\data\photos\AXQCQNRci7fbWYIu_92y39TNIIM1ekgRwvW357i8RK0Gs6c3oyQ-PeG4ga8hnUVRf9urvxJneyVwi0tUtfNae5lfMbJBn7VxfDhV.jpg
2025-05-28 12:27:42,013 - INFO - Fotoðraf indirildi: C:\Users\islim\OneDrive\Masaüstü\istanbul_trafik_analizi\backend\data\photos\AXQCQNQf6OYjwH2Vambrfp7_TwRqJGv9XHii6A1XSym-_RvCSKMailJxu3SHO6IWww-MSdChkUeey-6p-2jFn-EwMYIhbf-G_2Ta.jpg
2025-05-28 12:27:43,489 - INFO - Fotoðraf indirildi: C:\Users\islim\OneDrive\Masaüstü\istanbul_trafik_analizi\backend\data\photos\AXQCQNR-8EIIEC5V9S6QAGImXfS1y9BERAJpB3AQ8NhExh04AwfKrXSAxJ80K1txn6k891SIKPGxkOX0Fr861-RU3w9Rq9jsD-Qa.jpg
2025-05-28 12:27:44,713 - INFO - Fotoðraf indirildi: C:\Users\islim\OneDrive\Masaüstü\istanbul_trafik_analizi\backend\data\photos\AXQCQNRy9Z1FkWXo-fKL27Fk7kJ9-4ed_jH5hQfrH8cWnGkt4jZ2vJxysj0U8B7FzhWI0F12BSWLba489zVN5SRcq1N0cO2oK46P.jpg
2025-05-28 12:27:44,713 - INFO - Mekan iþlendi: Avrasya Hostel
2025-05-28 12:27:46,722 - INFO - Restoranlar aranýyor...
2025-05-28 12:27:47,278 - INFO - API'dan dönen sonuç sayýsý: 20
2025-05-28 12:27:49,809 - INFO - API'dan dönen sonuç sayýsý: 20
2025-05-28 12:27:52,442 - INFO - API'dan dönen sonuç sayýsý: 20
2025-05-28 12:27:52,442 - INFO - Toplam çekilen mekan: 60
2025-05-28 12:27:52,608 - INFO - Detay çekilen mekan: Mivan Restaurant & Cafe
2025-05-28 12:27:53,835 - INFO - Fotoðraf indirildi: C:\Users\islim\OneDrive\Masaüstü\istanbul_trafik_analizi\backend\data\photos\AXQCQNTJPxZ7jvyenK2gKUo5YA6b9aEuwL62qe7wHE-kwttZFj5E7nNZs0X7OJMCtdEly761gKHZhG6PwEZrrTM9h9NBswsasf2O.jpg
2025-05-28 12:27:55,083 - INFO - Fotoðraf indirildi: C:\Users\islim\OneDrive\Masaüstü\istanbul_trafik_analizi\backend\data\photos\AXQCQNTuAxhTz819TA4Kv65_PC5xLPPk5DKU-JjmrvmzqmxdpzjywaUZPJucS4JLg8zrHMbeGD_jIVFEO8Z41pLtLHHohfzA9PdH.jpg
2025-05-28 12:27:56,095 - INFO - Fotoðraf indirildi: C:\Users\islim\OneDrive\Masaüstü\istanbul_trafik_analizi\backend\data\photos\AXQCQNQiJaaSLjUFYby61j5ZsF4DqddaDLcJqUnzo5NfUVElSEL_7T1wlZiWiwyO5aUl2Io1BpXb5i8s6rgSWQ2PI6luPitF9sMq.jpg
2025-05-28 12:27:57,262 - INFO - Fotoðraf indirildi: C:\Users\islim\OneDrive\Masaüstü\istanbul_trafik_analizi\backend\data\photos\AXQCQNQkDInYS52t2SdyM1n7BQhNPK43MgQZvCEhVNoqUEUOVjLJHExt0ot1PQDJoc0mKYasDKwmgjiBbghQ8FvuHXX_C7hsHkld.jpg
2025-05-28 12:27:59,142 - INFO - Fotoðraf indirildi: C:\Users\islim\OneDrive\Masaüstü\istanbul_trafik_analizi\backend\data\photos\AXQCQNREhiv-EKlK0My8vIT5Z7ZcI2rVpX8DEbTM8Cua3IQZ_LB_2eJX32YwFia7Kzo2x6rVTN_NyrRu1JpxSeAk13k4kSCCIC0i.jpg
2025-05-28 12:28:00,350 - INFO - Fotoðraf indirildi: C:\Users\islim\OneDrive\Masaüstü\istanbul_trafik_analizi\backend\data\photos\AXQCQNQMiH5Kv3SkaKqD_XyWTux6KkggOWwNqfJ78oLhqdflvLO36rtDjmPvY-b9O5BzpOeMnWD9mM3Ta2p962TyBLjFKpLi-YN8.jpg
2025-05-28 12:28:01,703 - INFO - Fotoðraf indirildi: C:\Users\islim\OneDrive\Masaüstü\istanbul_trafik_analizi\backend\data\photos\AXQCQNSQEfpl6jiak8A3tObV_HQ8exb0NckbZdqDkwjJoPImr62A2uHbPsxK6_WSe2XQgBB7FbgemOKlZttAQGsFU1MXelXrnqKe.jpg
2025-05-28 12:28:02,944 - INFO - Fotoðraf indirildi: C:\Users\islim\OneDrive\Masaüstü\istanbul_trafik_analizi\backend\data\photos\AXQCQNScJcqLD-wzCQPQrfhyaXnaH4dHE3YtYQ723THfICHapVG4QP9FDvanyy1mShiveET4Xqzj3eh8YQk87OVVYKMZmXyma3Fu.jpg
2025-05-28 12:28:04,141 - INFO - Fotoðraf indirildi: C:\Users\islim\OneDrive\Masaüstü\istanbul_trafik_analizi\backend\data\photos\AXQCQNSKt95fNwAQ01EX_Mu9pliS9zxoozFh9YRBjeMrXLE1M6pUChd0EeMswjx_BweSxEjzFAX0gOTQt6feiCpoZTI5yyXTfI5q.jpg
2025-05-28 12:28:05,357 - INFO - Fotoðraf indirildi: C:\Users\islim\OneDrive\Masaüstü\istanbul_trafik_analizi\backend\data\photos\AXQCQNS9VjTxJc4HLexyP5OvIkapSUNtOOtj5TEIT_myMnKZ5PQX0nXVTjio63pQH_QVOWaXWBjtjxkAGAcnzxZxzMWrYHD-orwo.jpg
2025-05-28 12:28:05,359 - INFO - Mekan iþlendi: Mivan Restaurant & Cafe
2025-05-28 12:28:07,551 - INFO - Detay çekilen mekan: Hanzade Terrace Restaurant
2025-05-28 12:28:08,976 - INFO - Fotoðraf indirildi: C:\Users\islim\OneDrive\Masaüstü\istanbul_trafik_analizi\backend\data\photos\AXQCQNS68QH7QCwssbql8xN5rtw0GvDqRWpvNL_G-4pvl9xSVVk6Femt8ZSXG-bcPqawEMgoymd4k_Gc96Wb8b3Af-B1cddWz2z3.jpg
2025-05-28 12:28:10,174 - INFO - Fotoðraf indirildi: C:\Users\islim\OneDrive\Masaüstü\istanbul_trafik_analizi\backend\data\photos\AXQCQNRbWmP4R343qVy8-soWOIUcxQHZojZRVZQUmEf1Rr0Hf0v7j5_DBd1WzRgTN_Ilw6j0R3hIsR2Sw9gG_aZD7dex8kTKavFB.jpg
2025-05-28 12:28:11,489 - INFO - Fotoðraf indirildi: C:\Users\islim\OneDrive\Masaüstü\istanbul_trafik_analizi\backend\data\photos\AXQCQNQ63qDcq0p-YWM7FxPrJ683a_eO7fY3-VSh5VBZtDUhghb6pU12AY0-XB92os7a2ccQOHeWcRzxGnPvm_GIJNOLr2nARoxn.jpg
2025-05-28 12:28:12,550 - INFO - Fotoðraf indirildi: C:\Users\islim\OneDrive\Masaüstü\istanbul_trafik_analizi\backend\data\photos\AXQCQNSILvLINFcYDFSD_nmovYGaAqTjpUjHRSBQzCOzS8YBImaesiZ_AmGuKs7m8LsPntCUiHI0MOWQokjFQUw3XPWjTeoVCH_u.jpg
2025-05-28 12:28:13,943 - INFO - Fotoðraf indirildi: C:\Users\islim\OneDrive\Masaüstü\istanbul_trafik_analizi\backend\data\photos\AXQCQNQLCBaWE2tx9NACp9qR-3K4-64teKzCB-Ke4FTQkxrbrqniYcSREZs0VffC9ylOdsG4REUkXeEzJMFxBTdCDaAaKDZjXNCu.jpg
2025-05-28 12:28:15,503 - INFO - Fotoðraf indirildi: C:\Users\islim\OneDrive\Masaüstü\istanbul_trafik_analizi\backend\data\photos\AXQCQNT17AE54pGTsUeWa-jQnTM52HAP48YirZvzwajXA8rrBLqK-JNB1DspHz6NKgS71jVDNk1z17jCxNuEQPUg7c1TTqtt3ho6.jpg
2025-05-28 12:28:16,522 - INFO - Fotoðraf indirildi: C:\Users\islim\OneDrive\Masaüstü\istanbul_trafik_analizi\backend\data\photos\AXQCQNREZaP7os6cYfzDdYCZ8pqJL1Y_BcNSjQnd3SNERuvYGJSkh3Vz_3dWIWT_tfZy9ocMTfmZM5UjLRTW4P0IF9I37cb5yzAa.jpg
2025-05-28 12:28:17,998 - INFO - Fotoðraf indirildi: C:\Users\islim\OneDrive\Masaüstü\istanbul_trafik_analizi\backend\data\photos\AXQCQNQdKA7t9bgJaSq5VOaT9HGoLNUcXnkPYmvNjXH5CUMJSm_wvxV7hhrvokIXy_NgA5AHiQozGu2_uDdELwVEKp2q7W8cVN72.jpg
2025-05-28 12:28:19,558 - INFO - Fotoðraf indirildi: C:\Users\islim\OneDrive\Masaüstü\istanbul_trafik_analizi\backend\data\photos\AXQCQNSW9nIKXpjO0-_gdltUK6vx1oGr6qZeL93XmZF2lspXzJcm7DZ1FnquvYdZExKOAyC_AXgdCrn20lxUrg59r-K_XW67U1cs.jpg
2025-05-28 12:28:21,528 - INFO - Fotoðraf indirildi: C:\Users\islim\OneDrive\Masaüstü\istanbul_trafik_analizi\backend\data\photos\AXQCQNTz_3Re1-0hPKH9y6NGRvfmJRYGXoA3eCmkrQHP46Bt5XV8-XVUaTa_hMgMK4F6vdnP1ItTpmzpE4LOLlhbz0mOyljL6dsB.jpg
2025-05-28 12:28:21,530 - INFO - Mekan iþlendi: Hanzade Terrace Restaurant
2025-05-28 12:28:23,709 - INFO - Detay çekilen mekan: Seven Hills Restaurant
2025-05-28 12:28:25,228 - INFO - Fotoðraf indirildi: C:\Users\islim\OneDrive\Masaüstü\istanbul_trafik_analizi\backend\data\photos\AXQCQNSBT1IckFrdly6jwWjwiK2mWy1rcOHE2jUsVenEP9pvN6MerYafWKjcq-wMDmci27O65bymW2CnkZiPb9vgSYUKm3AEdAk_.jpg
2025-05-28 12:28:26,210 - INFO - Fotoðraf indirildi: C:\Users\islim\OneDrive\Masaüstü\istanbul_trafik_analizi\backend\data\photos\AXQCQNRwWvCwW8-AJZameppNNOoBQ1aZAyhl6cZkrIWX7vPwVqpBemVjFygglVB_Mgxr75vCmTpPs9nPDZAxwonrDMaVBI8R1Ulg.jpg
2025-05-28 12:28:27,182 - INFO - Fotoðraf indirildi: C:\Users\islim\OneDrive\Masaüstü\istanbul_trafik_analizi\backend\data\photos\AXQCQNR8lnoQxK09SU7xa7IUKdlQgpA89nOSGLlQmH4ZfvR9GVrEntgcirwADF9PF-Qusr5Ga_G8wdMwg-JANAE8RFi5t_WMYfLn.jpg
2025-05-28 12:28:28,356 - INFO - Fotoðraf indirildi: C:\Users\islim\OneDrive\Masaüstü\istanbul_trafik_analizi\backend\data\photos\AXQCQNR17oV2P9gij2Y_oblXV-ynSp5-qTp4InImmYEHyMqpW9ChzPMMQFeEvGWmvUeejJ6bmkdt3Wbm3Lk6mS7xWxRqTcml49yw.jpg
2025-05-28 12:28:29,499 - INFO - Fotoðraf indirildi: C:\Users\islim\OneDrive\Masaüstü\istanbul_trafik_analizi\backend\data\photos\AXQCQNTE-4M0yDPCB4Lm68jW_GA84f3MwjNOxK5bbPpR8eRYJpscKIYXjb9HCLmUCRPZcrG_fyZ7ArMtWTLh499hA1E6eQE09lNl.jpg
2025-05-28 12:28:30,779 - INFO - Fotoðraf indirildi: C:\Users\islim\OneDrive\Masaüstü\istanbul_trafik_analizi\backend\data\photos\AXQCQNRee74__Funrdugx93XmFdj24mwX7UdS7kNnNctg9evmcL0LiCYKl5TLtUUZ_SxgTggrwTdcKbFaLvU9xMCFR2DvjA-CW5c.jpg
2025-05-28 12:28:32,152 - INFO - Fotoðraf indirildi: C:\Users\islim\OneDrive\Masaüstü\istanbul_trafik_analizi\backend\data\photos\AXQCQNRsXTuHKalNkDPo0ZjZxwfKfLWJlr6ZALJvi_PLb0SqNbTm-_hWr1D9UAsZbit0hBJ0_u61vx6nK-nZZ-7Peq-ZtwI52kjF.jpg
2025-05-28 12:28:33,243 - INFO - Fotoðraf indirildi: C:\Users\islim\OneDrive\Masaüstü\istanbul_trafik_analizi\backend\data\photos\AXQCQNQTI35cmqnO-qszflFFl9qRYJwv5kMkvI0-bnZouhNU4aq6Q8pCQ90DZezM2j1otKnWEkG68GBHlPexrkCSYKLKStt7bESE.jpg
2025-05-28 12:28:34,605 - INFO - Fotoðraf indirildi: C:\Users\islim\OneDrive\Masaüstü\istanbul_trafik_analizi\backend\data\photos\AXQCQNTdaXmcdvSSs0k-vZaE2PYmh9iuMasvocgSZrkjkST4q_rEouUTvqnXitTSrQSIjx_aqIIkBcTV-XvWIy89EtRRmr0GJxUM.jpg
2025-05-28 12:28:35,952 - INFO - Fotoðraf indirildi: C:\Users\islim\OneDrive\Masaüstü\istanbul_trafik_analizi\backend\data\photos\AXQCQNTTAOUSj70ke-0nDCJMWD2l-aS8pKFpcvDpkwkAYVgGIchFXP4qlCa8rf4tqVkIWPCvlKd3ILuV9BzHJ86XaQ_wgM3emWqd.jpg
2025-05-28 12:28:35,956 - INFO - Mekan iþlendi: Seven Hills Restaurant
2025-05-28 12:28:38,129 - INFO - Detay çekilen mekan: Luco Restaurant Rooftop Sirkeci
2025-05-28 12:28:39,244 - INFO - Fotoðraf indirildi: C:\Users\islim\OneDrive\Masaüstü\istanbul_trafik_analizi\backend\data\photos\AXQCQNQfal1ujZgV7QR1tzAnsJkdCsr3IVlEeZ8MsgMmezFh6OlqFN_K9dADZFfd19NhUZAt6_Ob-mdyZvDICdhGhQSkigMWgzqP.jpg
2025-05-28 12:28:40,638 - INFO - Fotoðraf indirildi: C:\Users\islim\OneDrive\Masaüstü\istanbul_trafik_analizi\backend\data\photos\AXQCQNSLHGhpttA3PERdbzCDncW7JsMgHfWv5cxIV0xjZzACUejc4nYgvifrh8SJk8l6weBj-0QfznSWQLocvdGlOpU42tL2OASl.jpg
2025-05-28 12:28:42,007 - INFO - Fotoðraf indirildi: C:\Users\islim\OneDrive\Masaüstü\istanbul_trafik_analizi\backend\data\photos\AXQCQNQdFaZkk1fSG95r51cBSn6FXHaqirZfSlRiZD8BRJRq04-A_25KwSP73xpwbXE6t7uC-8qig7gJdzG9g16SzcKwF032xQIF.jpg
2025-05-28 12:28:43,392 - INFO - Fotoðraf indirildi: C:\Users\islim\OneDrive\Masaüstü\istanbul_trafik_analizi\backend\data\photos\AXQCQNQUDV-CPMkNSWTCEKrBzjcGLvgSiydkNexKco7Ks5jYef2XqOgXedlpE9FFcyp-lqH73wRVUHMfQZNQz9XUVkiAEGoFme2E.jpg
2025-05-28 12:28:44,712 - INFO - Fotoðraf indirildi: C:\Users\islim\OneDrive\Masaüstü\istanbul_trafik_analizi\backend\data\photos\AXQCQNSNW225hMlxDPoqdsP1w-h33WB90PPXXD1MG0mrXh-vuVNsBE41q0IxAX2WbQX98QRRXnSIH1SuUWglaAZBEnglUp5_62wS.jpg
2025-05-28 12:28:46,097 - INFO - Fotoðraf indirildi: C:\Users\islim\OneDrive\Masaüstü\istanbul_trafik_analizi\backend\data\photos\AXQCQNTUucbDBmpP_fi7wOP21bK8G3ZsAStzyeVhVz0_YptwtlnFAwNAhgazyz6DmiHLcGmnH1P4jNj1w8A4dUuYfVEDvBjPQN9i.jpg
2025-05-28 12:28:47,844 - INFO - Fotoðraf indirildi: C:\Users\islim\OneDrive\Masaüstü\istanbul_trafik_analizi\backend\data\photos\AXQCQNQEULuf6Puqg26ZBK9Ew_y7ztMfJeQ9EL0QoQlKlljkXvCaHPzNkmyv2588bMEvqaN2TvvvJTzitKcsPa2o-uS3aTTuWjB8.jpg
2025-05-28 12:28:48,991 - INFO - Fotoðraf indirildi: C:\Users\islim\OneDrive\Masaüstü\istanbul_trafik_analizi\backend\data\photos\AXQCQNRe-Ei6lhM1EMmed08-ZnETCb4anbhWd4ErO4Gn-9rlDzvj6vEmPajn6Sl_V1pmZHAcZrSHorWdut0wABB5WfQF-zAZ7j_Y.jpg
2025-05-28 12:28:50,282 - INFO - Fotoðraf indirildi: C:\Users\islim\OneDrive\Masaüstü\istanbul_trafik_analizi\backend\data\photos\AXQCQNTsiXKLAvGafQ1-qUgB7JmoJZho4zPiIF3OqmzXBABIcDexGVzJgdBra8DMDb7my6H-plvuHH8rEKtoAmEjW7Z1iN1LCe6b.jpg
2025-05-28 12:28:51,550 - INFO - Fotoðraf indirildi: C:\Users\islim\OneDrive\Masaüstü\istanbul_trafik_analizi\backend\data\photos\AXQCQNR45ghySIOtEoc3wFfr2o92EqxTKrtK5brPCGuNyIMPuRqGSnVcfJEWQoDDIGSAxqiDHn1l-7P32iZnrGZM6UgjTXjOBWpq.jpg
2025-05-28 12:28:51,552 - INFO - Mekan iþlendi: Luco Restaurant Rooftop Sirkeci
2025-05-28 12:28:53,697 - INFO - Detay çekilen mekan: Deraliye Terrace
2025-05-28 12:28:54,949 - INFO - Fotoðraf indirildi: C:\Users\islim\OneDrive\Masaüstü\istanbul_trafik_analizi\backend\data\photos\AXQCQNSRLsL4PMUI1dJC-Al6mUUg5TDGNeNbolWptHSixqJSCOrVGsLPX6BjN-VG5NKgaBG5aaQLmQLJ7_ZVI_YzZ89A5Ilyu0jP.jpg
2025-05-28 12:28:56,081 - INFO - Fotoðraf indirildi: C:\Users\islim\OneDrive\Masaüstü\istanbul_trafik_analizi\backend\data\photos\AXQCQNTROIRQURE3NB4R_vqi57nxnpiuGAJ4xA32mQsYkvtwyrOflSE7YDtY3tWGmtaZGXN8m9SDW6eqcFvHmzjeGqY2N4MNAq__.jpg
2025-05-28 12:28:57,270 - INFO - Fotoðraf indirildi: C:\Users\islim\OneDrive\Masaüstü\istanbul_trafik_analizi\backend\data\photos\AXQCQNR-RFghHgOusOaG3A-n0Ksnf6CNLCPmPxLR4Mpnnr6Ldr7PBoSGmRuv7OjXmB9qGg6BakPvxzWn2QdRjzojl7Il_m5JcBia.jpg
2025-05-28 12:28:58,700 - INFO - Fotoðraf indirildi: C:\Users\islim\OneDrive\Masaüstü\istanbul_trafik_analizi\backend\data\photos\AXQCQNQfwUbelfeoAYkUTauaXEM-myNzKNE9Usgrwftfdrs9gk1UeYSLaB8PAdx7Zj3wluKd8NLFJW0uhjxMbi0T0EXCv9ydDnMO.jpg
2025-05-28 12:28:59,887 - INFO - Fotoðraf indirildi: C:\Users\islim\OneDrive\Masaüstü\istanbul_trafik_analizi\backend\data\photos\AXQCQNSiva3_R_HAKem8VBtCBs3gjex5Prq4jDkQUWutK7HxwaywmdURi6YVaNkqOhfi1evoEPCObSpY-fW4gjuK11Vxp9KgbXUj.jpg
2025-05-28 12:29:01,116 - INFO - Fotoðraf indirildi: C:\Users\islim\OneDrive\Masaüstü\istanbul_trafik_analizi\backend\data\photos\AXQCQNRp1enCLdgHRY2pj_gwG8EnwR7uYBsyE3YQhM8o5ZOBjz4hScF14oAW8o1LS6ZfM_5qpoMcUVWK8l9qxNgJzL6xBtSuIFci.jpg
2025-05-28 12:29:02,247 - INFO - Fotoðraf indirildi: C:\Users\islim\OneDrive\Masaüstü\istanbul_trafik_analizi\backend\data\photos\AXQCQNTvnX8mqszS92a7ZqLVQpq82kpDdZtQoAgFBYyHnYeyAjxTsoCz0I9fk01TGnD0J-Hlzqb0vLCEoTz-9bO3pmbMrC4Gugse.jpg
2025-05-28 12:29:03,700 - INFO - Fotoðraf indirildi: C:\Users\islim\OneDrive\Masaüstü\istanbul_trafik_analizi\backend\data\photos\AXQCQNTGEbJ9APWeBIY4zeEDv1nKLuS9bBTbayPqe2RU_YJOSLfN7avmSXqTpcNDzZAhOKte-n9zVKR8BrNhOCXtPssOQuVMMSDZ.jpg
2025-05-28 12:29:05,026 - INFO - Fotoðraf indirildi: C:\Users\islim\OneDrive\Masaüstü\istanbul_trafik_analizi\backend\data\photos\AXQCQNRApio2kHJlRNyhkMHGBw5CAwSHWdbVPV4xDKkZwtdrURbv64LEXIugZ-sSRIc_ckU09msjflZHXoSL-d_frknIFVzV2iIX.jpg
2025-05-28 12:29:06,035 - INFO - Fotoðraf indirildi: C:\Users\islim\OneDrive\Masaüstü\istanbul_trafik_analizi\backend\data\photos\AXQCQNQ9RL1keQ1hrfNI4vCfARnxprks7138_SiH1xHuvJa5aGdOBUgNzt7cTrUwKaJ_YZ7CZR6OXIrdR1ePVtJYeNYu_bLx7I3f.jpg
2025-05-28 12:29:06,036 - INFO - Mekan iþlendi: Deraliye Terrace
2025-05-28 12:29:08,195 - INFO - Detay çekilen mekan: GRACE Rooftop Restaurant
2025-05-28 12:29:09,747 - INFO - Fotoðraf indirildi: C:\Users\islim\OneDrive\Masaüstü\istanbul_trafik_analizi\backend\data\photos\AXQCQNRw1WukbkwhFS-aR-9bdBWKD_JqDHQ8VonWJPlW9v7hkvyzeAN8107ILZcAhv8PhD2pKsxKAvPmri6FPpXT_NJCjLuxJvXv.jpg
2025-05-28 12:29:11,265 - INFO - Fotoðraf indirildi: C:\Users\islim\OneDrive\Masaüstü\istanbul_trafik_analizi\backend\data\photos\AXQCQNQNhYLT8kel6-znpUXSo47qBxk2aS5Vn35RMCyrpLoYPgTZ06ka19iHYyDgnj3wKzVLMtCglmlXzvHq8mivsHQ_xi-YprMq.jpg
2025-05-28 12:29:12,435 - INFO - Fotoðraf indirildi: C:\Users\islim\OneDrive\Masaüstü\istanbul_trafik_analizi\backend\data\photos\AXQCQNRK4QxzJTzl9u_F17ZofvxPvNIOXBW-zPaKibaVoq3MI9SZo_kWuADl8rKcvbGfzXuTEB_CfFMx9mel9dZ6RCYG7_pL5BIU.jpg
2025-05-28 12:29:13,837 - INFO - Fotoðraf indirildi: C:\Users\islim\OneDrive\Masaüstü\istanbul_trafik_analizi\backend\data\photos\AXQCQNQT5xap6ESqVBQpUAYboSo57nDlBBOUH49tZ9xQYDOZIJGLOsGZVTcwkViIefI-RThyVPCcIsKeyi3kc_h6DuZHb-tDKxo0.jpg
2025-05-28 12:29:14,829 - INFO - Fotoðraf indirildi: C:\Users\islim\OneDrive\Masaüstü\istanbul_trafik_analizi\backend\data\photos\AXQCQNSBnU4mhY_819hT4HNtOzwpSMemoZhKk47VuNT7CgyUOOqogFCDGHy_UfG2-3tKXaTiYp24hCdni57OFDYqFy7tWkA2onLj.jpg
2025-05-28 12:29:15,943 - INFO - Fotoðraf indirildi: C:\Users\islim\OneDrive\Masaüstü\istanbul_trafik_analizi\backend\data\photos\AXQCQNQ78rhUxy-gX7mL2-bXh70rLg0qqq4Bh-21kwA_5fBKE118RfU8KhKh8LiyB7edApZJG42S0yHd4_HlW2ekmUIpQPOwOzSL.jpg
2025-05-28 12:29:17,341 - INFO - Fotoðraf indirildi: C:\Users\islim\OneDrive\Masaüstü\istanbul_trafik_analizi\backend\data\photos\AXQCQNRiOFdqEkinLW0NLB2-mTArEaHtMLA7zedlfkgKUKCupkjCg52S7CR0z4ZtPigJbOOgXUhAotsnp3YLZkCnOdmuI5BsWLjt.jpg
2025-05-28 12:29:18,627 - INFO - Fotoðraf indirildi: C:\Users\islim\OneDrive\Masaüstü\istanbul_trafik_analizi\backend\data\photos\AXQCQNQYwUoue0CuEvAoT6-hWDcbWR6yXIIjSOKin6cpKI57THJ1iEbQlDK3iWF9bpWljUT52I-nYIG0NHgW5YRpCwU627H3_EwO.jpg
2025-05-28 12:29:19,865 - INFO - Fotoðraf indirildi: C:\Users\islim\OneDrive\Masaüstü\istanbul_trafik_analizi\backend\data\photos\AXQCQNSPTZ8GJFXxZcR1hcX4sRtX8DncIwYErwLJnqDh2nF2UOuFJdIto_dwwEpcsx1hIggfwV9E_xkKVOhthkBh-sE4hyZJkdKS.jpg
2025-05-28 12:29:21,061 - INFO - Fotoðraf indirildi: C:\Users\islim\OneDrive\Masaüstü\istanbul_trafik_analizi\backend\data\photos\AXQCQNQ2THuuxBkJSm_YnDhdifXGX-ls_xq3XaMi60Jfs21x1_X3iNr5xNXSezL1yvFtLI7saJDjYQfqDlYOwDv1Jj0NnCydchZO.jpg
2025-05-28 12:29:21,076 - INFO - Mekan iþlendi: GRACE Rooftop Restaurant
2025-05-28 12:29:23,243 - INFO - Detay çekilen mekan: Sirkeci Lokantasý 1912
2025-05-28 12:29:24,401 - INFO - Fotoðraf indirildi: C:\Users\islim\OneDrive\Masaüstü\istanbul_trafik_analizi\backend\data\photos\AXQCQNSIPVyuyi2YzSmzx6M08wc-Rtg2vmC_wMkmJsTjjdullvUWM1eBZAm31SyZ_Z5Q9QxexHGQj0bUYdhvvBYlJIqGSY8zuYK4.jpg
2025-05-28 12:29:25,728 - INFO - Fotoðraf indirildi: C:\Users\islim\OneDrive\Masaüstü\istanbul_trafik_analizi\backend\data\photos\AXQCQNQadgkuFQcOppqtReMMY6lxhs3zFLy0Lor1jylz8Savc4lbC1GET2e9zEBb26AY10bA3Ex32_lXmBi0JNDjaoTuL1CTYUgu.jpg
2025-05-28 12:29:27,132 - INFO - Fotoðraf indirildi: C:\Users\islim\OneDrive\Masaüstü\istanbul_trafik_analizi\backend\data\photos\AXQCQNRbqgRJBorRWuRE5J7ieVuRNoee0gFiQcmEu4hA6cFqDg6fEAHxJfVcgPTsLMc6f_SAX_gqfosgLCgZW0Y6ARWWm8jq4kJT.jpg
2025-05-28 12:29:28,364 - INFO - Fotoðraf indirildi: C:\Users\islim\OneDrive\Masaüstü\istanbul_trafik_analizi\backend\data\photos\AXQCQNQQvKbJi00Vm08GmZ1sF1pwBEQtXGS3aPcvGWGLGwG09Q1a7ArjqzhANTebNwscunfIIz2gdTn0yO57V5158y1l8IfV747T.jpg
2025-05-28 12:29:29,768 - INFO - Fotoðraf indirildi: C:\Users\islim\OneDrive\Masaüstü\istanbul_trafik_analizi\backend\data\photos\AXQCQNQzoNv7ZbVzFfYyr5HZq5MWb6FVk2JoZ4mZvimXJfmzvJGG788U3KyNV613-sHBirwe4g099YHhtCzWXT0HLLpa8S-xhw88.jpg
2025-05-28 12:29:31,197 - INFO - Fotoðraf indirildi: C:\Users\islim\OneDrive\Masaüstü\istanbul_trafik_analizi\backend\data\photos\AXQCQNQPU0zUoqR6QxdbHeGErkOQ3YxrFlGAs_AM0m82LDo3G71uS_TWFSKDdKKGBB1pkDV_p_3u1w9wECmp95PnO3816eyht5qr.jpg
2025-05-28 12:29:32,595 - INFO - Fotoðraf indirildi: C:\Users\islim\OneDrive\Masaüstü\istanbul_trafik_analizi\backend\data\photos\AXQCQNRUqLht-ZlC_HUKVKRrjBa9vHDQ7UGvbmechWgaUtiSOF2Jxsj9MegE-Pdbo9Azp78wUiWtYw1nRp5AsuiPqq4CYi2avfVs.jpg
2025-05-28 12:29:34,072 - INFO - Fotoðraf indirildi: C:\Users\islim\OneDrive\Masaüstü\istanbul_trafik_analizi\backend\data\photos\AXQCQNQSsuuivMs6ODNoXGkwL3hGOkAOorlcfLBBKnlbOTr3Iu7YSJBbVbNt-qfGn6XhzSoMVK9rn-rDzrolIyZ7WrkNFdlpSB1o.jpg
2025-05-28 12:29:35,436 - INFO - Fotoðraf indirildi: C:\Users\islim\OneDrive\Masaüstü\istanbul_trafik_analizi\backend\data\photos\AXQCQNRBgGObser9qjHNlnJ7Cc9db6z-WyfK5qXCaf-tIx0MaDbPI3TFn9xNMb0fKflJMy8cNeBNVe9QluvGk9ot1FbaOFB6UO7p.jpg
2025-05-28 12:29:36,518 - INFO - Fotoðraf indirildi: C:\Users\islim\OneDrive\Masaüstü\istanbul_trafik_analizi\backend\data\photos\AXQCQNSSOkH9VOe8RtwOilOdcHjmK5TVtJAzaBqE-4ArQmbuK05lTAOuqrE_btFq6VfG1QVnK1rIJI61F9MGbhcxFbw_kyKEpKoP.jpg
2025-05-28 12:29:36,523 - INFO - Mekan iþlendi: Sirkeci Lokantasý 1912
2025-05-28 12:29:38,672 - INFO - Detay çekilen mekan: Eva Bosphorus Restaurant
2025-05-28 12:29:40,037 - INFO - Fotoðraf indirildi: C:\Users\islim\OneDrive\Masaüstü\istanbul_trafik_analizi\backend\data\photos\AXQCQNSGWNC1NjGsNNPucWP9rXGeIZ3_DQs7Ya4vSZqCuUTv2Dhb6frGCTd3ENBtfLXKzlSMUotD5wEFMKt22Yjq3jo271ikbGQm.jpg
2025-05-28 12:29:41,321 - INFO - Fotoðraf indirildi: C:\Users\islim\OneDrive\Masaüstü\istanbul_trafik_analizi\backend\data\photos\AXQCQNRJpuv59F5NSaBZD9ob2omSVoqfRNKN-PoP05pbljHOXJ6akBhthR6ddzQTqeLr7m-sJqd4HgN_fV3JD20uVdjswhNpcOcM.jpg
2025-05-28 12:29:42,486 - INFO - Fotoðraf indirildi: C:\Users\islim\OneDrive\Masaüstü\istanbul_trafik_analizi\backend\data\photos\AXQCQNQ0-8BYGNEx2RYMp-IyzwXSOeUps_uhRKBRhWPPqsD4mYIDwWiV-jfb-KRS_RwAYfmCX58poPuf-laggjLNZwsxetng8pQ-.jpg
2025-05-28 12:29:43,568 - INFO - Fotoðraf indirildi: C:\Users\islim\OneDrive\Masaüstü\istanbul_trafik_analizi\backend\data\photos\AXQCQNTd4V5eMsC_PpTraPcH7z7lCHF1OD9vF-9vJlHF3Qo0J17Sy_jlgG1S_fta7Pa7eCryRt8sJUjeZo_SbXxzpqCVopZAEOfo.jpg
2025-05-28 12:29:45,470 - INFO - Fotoðraf indirildi: C:\Users\islim\OneDrive\Masaüstü\istanbul_trafik_analizi\backend\data\photos\AXQCQNQMJED88SyGCirj_hyQMXmhDSjH4Qp3vjBpv5qY8fe30Y1T_EzD8wYavabj7AOWxOGnF0DIZAbjsZcpUtzX5XgFSaThd5-M.jpg
2025-05-28 12:29:46,590 - INFO - Fotoðraf indirildi: C:\Users\islim\OneDrive\Masaüstü\istanbul_trafik_analizi\backend\data\photos\AXQCQNRdRAJaYqjS30EKOCZmGYiaJSctT9Yp74Mbi18G2tYVQ5spm1vNOaBvpj0ky0Uc6g9NEnBdndpIjMi11M0HB4l-vJ_i-Twa.jpg
2025-05-28 12:29:47,720 - INFO - Fotoðraf indirildi: C:\Users\islim\OneDrive\Masaüstü\istanbul_trafik_analizi\backend\data\photos\AXQCQNS22SwyTmjmxsV5f02OBdwH6Uz9KrIqyu441X7fscw2jpNQgafLIjn9umlN1adyca9LKqcoCmC442FsJm7za6w6DA8KLts1.jpg
2025-05-28 12:29:48,767 - INFO - Fotoðraf indirildi: C:\Users\islim\OneDrive\Masaüstü\istanbul_trafik_analizi\backend\data\photos\AXQCQNSaHmd1qsArSxq6ilMMuHeAzuLlzlIa9vcNQ0bvG6Vnnivc0hIAT8W3XfazR6A2IJoa2l1cPf7wzQZf8dmIEzqquvk0lEFr.jpg
2025-05-28 12:29:50,310 - INFO - Fotoðraf indirildi: C:\Users\islim\OneDrive\Masaüstü\istanbul_trafik_analizi\backend\data\photos\AXQCQNTpeq0Z0L0QcD7TgeVOEWT_VLi6gbVGjbo0fF679OzoHBv4N1t_hyqo5984bhEWQyz8K5Y55hmPCXm1gECHeFUqhEAcN1LR.jpg
2025-05-28 12:29:51,725 - INFO - Fotoðraf indirildi: C:\Users\islim\OneDrive\Masaüstü\istanbul_trafik_analizi\backend\data\photos\AXQCQNR3T8k8HBb5REzrHBd895T-SJqfzVC9GTaEawEis_kY5BJi8_A1HvBSlkXijrh5ISUMZm6gU6GwZBSN1eeCm4btHAsnZU2E.jpg
2025-05-28 12:29:51,728 - INFO - Mekan iþlendi: Eva Bosphorus Restaurant
2025-05-28 12:29:53,878 - INFO - Detay çekilen mekan: FÜLANE RESTAURANT
2025-05-28 12:29:55,010 - INFO - Fotoðraf indirildi: C:\Users\islim\OneDrive\Masaüstü\istanbul_trafik_analizi\backend\data\photos\AXQCQNQWJtPek6jMs91Y3YSyuakQHc6cRDWrp9fefUTRYqXBXouDadksNQju2d9KAmt1wLATrXZY4L4ncW_naN7hoNrfCb-ZbA3f.jpg
2025-05-28 12:29:57,764 - INFO - Fotoðraf indirildi: C:\Users\islim\OneDrive\Masaüstü\istanbul_trafik_analizi\backend\data\photos\AXQCQNRR69qPHWwk_59vQwQKyfCBM3pddhckwoshxyZGPBJktJZz-I2JMIK1-O04vKcL-Yn64TPApGpW4XctggOqaAjgurZTqJEg.jpg
2025-05-28 12:29:59,029 - INFO - Fotoðraf indirildi: C:\Users\islim\OneDrive\Masaüstü\istanbul_trafik_analizi\backend\data\photos\AXQCQNTIMDYoeQplVa3lCfYH6t55-JxnJ_64G4hTT4Zwfwj17IRHl9Cok3Dhsly6YXw18QKzwdukHbe1JyXMT4Ob_suZKWaLL1BD.jpg
2025-05-28 12:30:00,241 - INFO - Fotoðraf indirildi: C:\Users\islim\OneDrive\Masaüstü\istanbul_trafik_analizi\backend\data\photos\AXQCQNSDaVgCKCzmuv0bWcXnKI0M18LmiqR6WUkGBp7n-lSCvyvvHd2X3HG4vSEVmSp8B6306Ox5U4r36N4ePvmvF0X67VT152Po.jpg
2025-05-28 12:30:01,670 - INFO - Fotoðraf indirildi: C:\Users\islim\OneDrive\Masaüstü\istanbul_trafik_analizi\backend\data\photos\AXQCQNQ9MIqYbil-c9pXrqneiBasUJxtT-EHBYKta97EJN9hWWWSyv_ty8sUEahv2lZ4wc2NDCRNZAtUdPzCxXUX8JqH6ao1gTkF.jpg
2025-05-28 12:30:02,773 - INFO - Fotoðraf indirildi: C:\Users\islim\OneDrive\Masaüstü\istanbul_trafik_analizi\backend\data\photos\AXQCQNSmb32S7FpMF6DGYhZb1ZQWDZzCuOBTqPRoEHou_ijjKViFXqCJvg4yZgZOoVXV-Q7QM--_QgHAEzl4h_9omAuLJVlVJw3b.jpg
2025-05-28 12:30:03,930 - INFO - Fotoðraf indirildi: C:\Users\islim\OneDrive\Masaüstü\istanbul_trafik_analizi\backend\data\photos\AXQCQNQIDPYFLGHm5V68oWeapN2-gaUlRiG6vUfFs5aLpYrBGF4X8tVYOYEYlQfXjPyL1rSLL89jB0fjJCDqjFAa6-uXx2MvqDP9.jpg
2025-05-28 12:30:05,367 - INFO - Fotoðraf indirildi: C:\Users\islim\OneDrive\Masaüstü\istanbul_trafik_analizi\backend\data\photos\AXQCQNS8yRA_DHDx3paoT3pBb2z6qhHI936h25GUmX6nWtMeru8bmS1jil47GIU_y3uR_pd_DpyeoKlTTpsg0VKrEge2VausHoJ_.jpg
2025-05-28 12:30:06,779 - INFO - Fotoðraf indirildi: C:\Users\islim\OneDrive\Masaüstü\istanbul_trafik_analizi\backend\data\photos\AXQCQNQ2GF4w8FgOHOP9KjbaYMgzm4otIwibtQPlbQkSx5nLknCwx-FTnGkCCCDZPNf6aicUSgNIyFAvZ65St0d5JotowT2fbOk8.jpg
2025-05-28 12:30:08,061 - INFO - Fotoðraf indirildi: C:\Users\islim\OneDrive\Masaüstü\istanbul_trafik_analizi\backend\data\photos\AXQCQNSXQ739HEtiHUoLevzpBfWC7PtoF5HKT9_k2sQPuLr1l7VjmaaGIocLKNHGfPmRurtMWmOK5xQnxhb3JafAabVnoCVT4yiJ.jpg
2025-05-28 12:30:08,063 - INFO - Mekan iþlendi: FÜLANE RESTAURANT
2025-05-28 12:30:10,222 - INFO - Detay çekilen mekan: TurguT Restaurant Sirkeci
2025-05-28 12:30:11,320 - INFO - Fotoðraf indirildi: C:\Users\islim\OneDrive\Masaüstü\istanbul_trafik_analizi\backend\data\photos\AXQCQNR0eYOICbdi_zBd98ntrSB3bq7_0XGxqgeH8QuLqKReDmg_nfMw9C1jbts9ROLM83iBWrWGYMhZOAAkQ1bwBxgkyg2ZOzkZ.jpg
2025-05-28 12:30:12,651 - INFO - Fotoðraf indirildi: C:\Users\islim\OneDrive\Masaüstü\istanbul_trafik_analizi\backend\data\photos\AXQCQNR1qe6baV7IyLg1h5ovmyMgHMbjMLqQBup8aPcwKGfKV7-wwHpO3hfp5S-a3hxsEEHFd80AEBDTUKgPK8Xlpg--_hKXEPTf.jpg
2025-05-28 12:30:13,925 - INFO - Fotoðraf indirildi: C:\Users\islim\OneDrive\Masaüstü\istanbul_trafik_analizi\backend\data\photos\AXQCQNSGutXjpXurWGOoGCAZHYWivvocudhLQYhCUFLB25AV359CXnEZ-zT0P9QI7uCdnPIVPDSIjPNmUtgVYLLMMxjTLi_Nnvm_.jpg
2025-05-28 12:30:15,174 - INFO - Fotoðraf indirildi: C:\Users\islim\OneDrive\Masaüstü\istanbul_trafik_analizi\backend\data\photos\AXQCQNQ67nljoXctLd0cZuM2_3kbw-mo9n1l5IS61mYd9HYRNSQIUhWfSX85UumwBbMaVsQRjcoLr0OlbMRzJEZZWzCxbLhl0ar4.jpg
2025-05-28 12:30:16,412 - INFO - Fotoðraf indirildi: C:\Users\islim\OneDrive\Masaüstü\istanbul_trafik_analizi\backend\data\photos\AXQCQNTye-P5udbJVNQs3VptbfhlZdolih0RTjGuJufpVAgFwM8oxbjU8QDSbIWSUhymCvGRkPTnsc9cxjtDI6ObYvhD5HBLUjsA.jpg
2025-05-28 12:30:17,876 - INFO - Fotoðraf indirildi: C:\Users\islim\OneDrive\Masaüstü\istanbul_trafik_analizi\backend\data\photos\AXQCQNS-_6i9--T6ehIXdoYUeNNq-w-tdv-xXLia9W2B7_k8faP3duRbrUDsVzOSgSlt92E7JaCpeJaAXFrSQTegG1iNmgTKzqFA.jpg
2025-05-28 12:30:19,290 - INFO - Fotoðraf indirildi: C:\Users\islim\OneDrive\Masaüstü\istanbul_trafik_analizi\backend\data\photos\AXQCQNQw_gwcGccoQ-FS9tUsVib8gNa2kxki9aFblMI6S1C8LENEMxAlUXjaGkWO1wUo6NnqjsR6xz7c1vgx63DlOer_52IRhVVH.jpg
2025-05-28 12:30:20,697 - INFO - Fotoðraf indirildi: C:\Users\islim\OneDrive\Masaüstü\istanbul_trafik_analizi\backend\data\photos\AXQCQNQ3DSEpzYTmXQ-sHgiKWkigZ-1tPp64FDqXSfuzRi9ewozgvJU4olYHlZNCWXU7sNrOpJitTnoFp_pSCQxgHPVbHT42gVPZ.jpg
2025-05-28 12:30:21,932 - INFO - Fotoðraf indirildi: C:\Users\islim\OneDrive\Masaüstü\istanbul_trafik_analizi\backend\data\photos\AXQCQNQ3t-dtAP7LHlOV6GpjjY3oOFvBwHfYiA42ONKcDSeWSzV_FA1sg4rkrET0KyXzwdGXQXN7gldLexm_9Yk6BiheXB-olFjl.jpg
2025-05-28 12:30:23,537 - INFO - Fotoðraf indirildi: C:\Users\islim\OneDrive\Masaüstü\istanbul_trafik_analizi\backend\data\photos\AXQCQNSB-60LjweTVn-wFkfW77-CommZ8cSBzT0v-i6XPAR5IQ4Kg7XE0yr4fu54kIjCTxC27P7QnPdJYQQ_I4Xbz14no2vv7hKV.jpg
2025-05-28 12:30:23,543 - INFO - Mekan iþlendi: TurguT Restaurant Sirkeci
2025-05-28 12:30:25,702 - INFO - Detay çekilen mekan: Galata Sanat Restaurant Galata Köprüsü
2025-05-28 12:30:26,721 - INFO - Fotoðraf indirildi: C:\Users\islim\OneDrive\Masaüstü\istanbul_trafik_analizi\backend\data\photos\AXQCQNQBnYDWJMjoYlA12gRf-7ZEDlsHVXoLtVCWqOJ8uEArdt541xXIcw88f32H41v2QmboeQ-fk8o6ZFlQtRQAVW1L_247mYrm.jpg
2025-05-28 12:30:27,721 - INFO - Fotoðraf indirildi: C:\Users\islim\OneDrive\Masaüstü\istanbul_trafik_analizi\backend\data\photos\AXQCQNTvzybwmQ5U1qtEMu4wvjUiZ6W_zyARClT0R9H-sPUU5OqgaHeIr0G1UX1FMSKfu1wRn_NZujfuhkPii3U0BhIv0cziYvD9.jpg
2025-05-28 12:30:29,473 - INFO - Fotoðraf indirildi: C:\Users\islim\OneDrive\Masaüstü\istanbul_trafik_analizi\backend\data\photos\AXQCQNQXoEwGFt26mpZIUqKN-lGkmZO5oowoWkENEhwwCiXP6htidGo8kjMEFT-8NzQmXknU2HdC-_HaW_oCslvTrZTR1ijnLWnL.jpg
2025-05-28 12:30:30,592 - INFO - Fotoðraf indirildi: C:\Users\islim\OneDrive\Masaüstü\istanbul_trafik_analizi\backend\data\photos\AXQCQNS4GMt3e3qRvjb93OcPYKcEa-cs8r18BlAfCa3gEpvMF99hBBbLvtaaMOCPaD8zAC0Ig8QunuUqzoPLgzbI42JeLXx3PCpo.jpg
2025-05-28 12:30:31,916 - INFO - Fotoðraf indirildi: C:\Users\islim\OneDrive\Masaüstü\istanbul_trafik_analizi\backend\data\photos\AXQCQNSacrSlgCUyxn5CokNr4vix0gm-GXpbjquyQrLkDcB9urSbc8zRXF0zGOX6p1915zfAcd82_ofSclDo0N63Rt2EaPJaJJqS.jpg
2025-05-28 12:30:33,421 - INFO - Fotoðraf indirildi: C:\Users\islim\OneDrive\Masaüstü\istanbul_trafik_analizi\backend\data\photos\AXQCQNT-h_qCoLOuXEstCaAivy30ennHipCkZkXIBQDSqnNEVFe6FobaASx2J37WS5-oNcl0pCuEtwfNqTOctRNn5BGTnkift3NJ.jpg
2025-05-28 12:30:34,870 - INFO - Fotoðraf indirildi: C:\Users\islim\OneDrive\Masaüstü\istanbul_trafik_analizi\backend\data\photos\AXQCQNRngK2NiFDO1cpf5A1xrM5-47lOXWgBNR4F5RBqIbOhYMRblWyHyUPkYD8Mp9f-bxYY4izLBko6ra-V8n_nDDO7qNUtoTVX.jpg
2025-05-28 12:30:35,978 - INFO - Fotoðraf indirildi: C:\Users\islim\OneDrive\Masaüstü\istanbul_trafik_analizi\backend\data\photos\AXQCQNRSIeonNGojk4EWulNRyDVvjM_-HIi_fdqQQXwbHBsdMEF1aGDbv6Oi6D5wCCEA9zl5LjzpIeOo5spcyMqTCK4Mo4zz7OBZ.jpg
2025-05-28 12:30:37,176 - INFO - Fotoðraf indirildi: C:\Users\islim\OneDrive\Masaüstü\istanbul_trafik_analizi\backend\data\photos\AXQCQNS1QYGflajlT4-AjjsvB-J7YLqkWz_wFrqXqG-sVAebWJKV293tadIAZBq2V-x5QDkb9FACNZnN5MX1_sVaq66PCh098ndq.jpg
2025-05-28 12:30:38,603 - INFO - Fotoðraf indirildi: C:\Users\islim\OneDrive\Masaüstü\istanbul_trafik_analizi\backend\data\photos\AXQCQNTJWDj1DHjzu0SXtQw1lYiTD10w2eHT0FWBAnTTbdblw3IIyZSCX2n_tFQTsd3IAfo2NdoIEDISCglwzEk5dd1-Vixw11L3.jpg
2025-05-28 12:30:38,607 - INFO - Mekan iþlendi: Galata Sanat Restaurant Galata Köprüsü
2025-05-28 12:30:40,758 - INFO - Detay çekilen mekan: Resto Galata Terrace
2025-05-28 12:30:41,930 - INFO - Fotoðraf indirildi: C:\Users\islim\OneDrive\Masaüstü\istanbul_trafik_analizi\backend\data\photos\AXQCQNTUEXjuNsbu0cTVPLPjMapJDA2QBefJ5Oo2g3XdXjtq2A_0-SP4TYCLZsRAqbzqhkjBqurhKWhys3NCPGi1OXLZNeSFXU0e.jpg
2025-05-28 12:30:43,016 - INFO - Fotoðraf indirildi: C:\Users\islim\OneDrive\Masaüstü\istanbul_trafik_analizi\backend\data\photos\AXQCQNRrpsmDDH_UJuGvxMfFZ5i05-3ueHzjdyQnDpDeSBPL89inIsrhaad9yocF5vqW3IZeUHnecJEhv1C5yhOR-H8Wkm09HpFs.jpg
2025-05-28 12:30:44,072 - INFO - Fotoðraf indirildi: C:\Users\islim\OneDrive\Masaüstü\istanbul_trafik_analizi\backend\data\photos\AXQCQNR7gis_LOsE51Wn1hA6na2yPShBWT9KGANwDM3TJMjIGjR-DWt9ST803svMdXAkzNvcQhXmCH--Z_WpoOw8lVhBaktHDUGD.jpg
2025-05-28 12:30:45,663 - INFO - Fotoðraf indirildi: C:\Users\islim\OneDrive\Masaüstü\istanbul_trafik_analizi\backend\data\photos\AXQCQNTlTwPhRSSPT_49SAV8BiQXcUiXBind7B2VMVHo_punpFimYX_O90ceXLHlArPGYN12HkDrBg6dawnApIEq7tVJN7ryoli_.jpg
2025-05-28 12:30:46,740 - INFO - Fotoðraf indirildi: C:\Users\islim\OneDrive\Masaüstü\istanbul_trafik_analizi\backend\data\photos\AXQCQNRUXgi4uYyX-8K0Gex4im891IyLTXfVs1JxdQ_c36imYqYc7NAU01zdjzLql5OwW0RMLkT8h8Ggre0g1TE2AIdsMPemfmtB.jpg
2025-05-28 12:30:47,788 - INFO - Fotoðraf indirildi: C:\Users\islim\OneDrive\Masaüstü\istanbul_trafik_analizi\backend\data\photos\AXQCQNSlo4C-dkWpqgG_y7RCzGy8r5-89VcC70zLa4fK75CrbUilEwqfCFMrIB8vxP1dABtZ36SzgUn6OQnAj0qjnZduOYREQQKm.jpg
2025-05-28 12:30:49,005 - INFO - Fotoðraf indirildi: C:\Users\islim\OneDrive\Masaüstü\istanbul_trafik_analizi\backend\data\photos\AXQCQNS6wtsagd8uMZbck9BYWvl_ftAGmv-azy2ptCEyNwxMUXl3IPlT7b0y7To-264qaD9hISvmHVEBEhFyGPPA0lj5OMmzUpxP.jpg
2025-05-28 12:30:50,543 - INFO - Fotoðraf indirildi: C:\Users\islim\OneDrive\Masaüstü\istanbul_trafik_analizi\backend\data\photos\AXQCQNRnMRHtYBg2fC_WIfSDlLwQMte4XON5ZoANi4NZPbCK76zcJs6uyh49t3HgeGdV72KuwVRIGQ8ca8fIOKfnEppl6SkP4XLy.jpg
2025-05-28 12:30:52,276 - INFO - Fotoðraf indirildi: C:\Users\islim\OneDrive\Masaüstü\istanbul_trafik_analizi\backend\data\photos\AXQCQNRcMXTUJIKQdxdVOPUJKtaqZf_0Ud6ifrEmEPlEB-EfTqUbmWn5rUr03yxP64-jVg2wfbRNRAHjH6upH1oXYP5ZFtiksoq_.jpg
2025-05-28 12:30:53,536 - INFO - Fotoðraf indirildi: C:\Users\islim\OneDrive\Masaüstü\istanbul_trafik_analizi\backend\data\photos\AXQCQNQemsgBW_aOC5YOT2nfjp0iYk9z16DgsKKk5_F7iY-X3z-ueji-oku8WZT8wi-EfK7Bg4MTqdhMoCdznke6SgfbD2x-2YGC.jpg
2025-05-28 12:30:53,540 - INFO - Mekan iþlendi: Resto Galata Terrace
2025-05-28 12:30:55,728 - INFO - Detay çekilen mekan: Old Ottoman Cafe & Restaurant
2025-05-28 12:30:57,188 - INFO - Fotoðraf indirildi: C:\Users\islim\OneDrive\Masaüstü\istanbul_trafik_analizi\backend\data\photos\AXQCQNSGQiFs1cAprP-Og4kUCpclHZPa8MUIMB2QDK9KEjwnXJXRucp6X-EDHRX_LBZ9eCZJYvlRjwomh1-jsr4fOadcWnDNtE76.jpg
2025-05-28 12:30:58,689 - INFO - Fotoðraf indirildi: C:\Users\islim\OneDrive\Masaüstü\istanbul_trafik_analizi\backend\data\photos\AXQCQNQ0depGK92NkIpnrGZGlrcblyUdEPRieZ51H1J4YCrQmxnZGCA7flpfrNR8o19ZUSVZ60hcsoEIolnyjv8TWrhRq5pofuBv.jpg
2025-05-28 12:31:00,025 - INFO - Fotoðraf indirildi: C:\Users\islim\OneDrive\Masaüstü\istanbul_trafik_analizi\backend\data\photos\AXQCQNQS_gDAtlnRjPrtxP-amyOzlIJb_a8n3ln4VYTrClzKBQEiyvkeChjo-XyOGJ4ghqqbc76pcs5er2wie7LFGgmsnt7maBgF.jpg
2025-05-28 12:31:01,109 - INFO - Fotoðraf indirildi: C:\Users\islim\OneDrive\Masaüstü\istanbul_trafik_analizi\backend\data\photos\AXQCQNTf86mHfQPz6Xv4DiSV2V4SgU4Gdg0INxmCOTINRQyRPZFzIB9R6b_4Pdatrx_LlIFExNob2X37tqfCAiB1dnVRZi1-nV5T.jpg
2025-05-28 12:31:02,623 - INFO - Fotoðraf indirildi: C:\Users\islim\OneDrive\Masaüstü\istanbul_trafik_analizi\backend\data\photos\AXQCQNTWYMhp4RGcaT9ufXsu-svbWqFCNDEb4blCBkUBXnIn-HYBHThnd1juzgVa5i5gflfC8DKKnrKFJ6KktmyMiOKcujuZfqgy.jpg
2025-05-28 12:31:04,010 - INFO - Fotoðraf indirildi: C:\Users\islim\OneDrive\Masaüstü\istanbul_trafik_analizi\backend\data\photos\AXQCQNT-NuYJM79_caEtoEOabITkzGmbTJhRoM_IyhOePcAfu8xlt29whRn1x9qDtTXcUxB6eQkwQXGgXSGEwH2IGpuf3Kf7UVGh.jpg
2025-05-28 12:31:05,171 - INFO - Fotoðraf indirildi: C:\Users\islim\OneDrive\Masaüstü\istanbul_trafik_analizi\backend\data\photos\AXQCQNTdwqVbonE84ZLdw6VXGsH5etfnVtD6mqxWpNk0yG_ZpdUDZk44Djl8QtddCXdbL3Y626i9sm8EruZtXQ8IMRtFoDvRb2jf.jpg
2025-05-28 12:31:06,504 - INFO - Fotoðraf indirildi: C:\Users\islim\OneDrive\Masaüstü\istanbul_trafik_analizi\backend\data\photos\AXQCQNTtSPdI8piw1nK-4zbjn0ITVy0DVdVa89y0ONMoemsfyfd8xmaNfZh4Q3wpY5JKTieGZlRTBhd95xfLnV16-dTske9Na7mC.jpg
2025-05-28 12:31:08,072 - INFO - Fotoðraf indirildi: C:\Users\islim\OneDrive\Masaüstü\istanbul_trafik_analizi\backend\data\photos\AXQCQNStQ_xkBRRmOTbatFiNoIouXOOFu3AfSA5O86PuAPudKJAxkZpTsLef4Plbh3Pj9jkgo4nu2Bsj1s8ieOst8GsTF5JEsnLz.jpg
2025-05-28 12:31:09,414 - INFO - Fotoðraf indirildi: C:\Users\islim\OneDrive\Masaüstü\istanbul_trafik_analizi\backend\data\photos\AXQCQNQ1dR11-l6cDyPRwNJpxTLAQpLN4SRxBNysS6Z_5pJu_lxhpV03Z9T3qWY9R-vkxGGyc7GY5kyNyXI0HQ2TmDIlaxMrEqkB.jpg
2025-05-28 12:31:09,418 - INFO - Mekan iþlendi: Old Ottoman Cafe & Restaurant
2025-05-28 12:31:11,582 - INFO - Detay çekilen mekan: Faros Karaköy
2025-05-28 12:31:13,067 - INFO - Fotoðraf indirildi: C:\Users\islim\OneDrive\Masaüstü\istanbul_trafik_analizi\backend\data\photos\AXQCQNQbLHP6-Si6T9z0AdUqQ_j2jHBjSF_SAYFbPjPJhOoQcnxJ87-D6wlSmdOozhIuaArFStF93-Dw5GwKG3_62pxFB9dnHA0-.jpg
2025-05-28 12:31:14,258 - INFO - Fotoðraf indirildi: C:\Users\islim\OneDrive\Masaüstü\istanbul_trafik_analizi\backend\data\photos\AXQCQNQZSTYPOhaBtrtURZ1cB23hF54UKAjVv7vIdUsf0vHBYwzThnsx5vhAp8j7XjhRif6yaai4p7Io_bCxdDgK8OfvJjTz1ncd.jpg
2025-05-28 12:31:15,244 - INFO - Fotoðraf indirildi: C:\Users\islim\OneDrive\Masaüstü\istanbul_trafik_analizi\backend\data\photos\AXQCQNS2P9lkX8s9-7UDARSeB8EstNhBeMuAJHPQt3KV_9sVsYtT5m31EvwdlazR8YOosgGH_W8tm4AHlBL1CjywTIUIoQWqnwux.jpg
2025-05-28 12:31:16,462 - INFO - Fotoðraf indirildi: C:\Users\islim\OneDrive\Masaüstü\istanbul_trafik_analizi\backend\data\photos\AXQCQNT85t10T4WVTxU8CeaaQBAWSEyTVWB6IVpHYba1YUWB39YZ0AWyd4j7zaEUkL0G2M1k3e33NUfhw7IdFvA9adUZQww_AkxT.jpg
2025-05-28 12:31:17,716 - INFO - Fotoðraf indirildi: C:\Users\islim\OneDrive\Masaüstü\istanbul_trafik_analizi\backend\data\photos\AXQCQNQQ_0NbCBpUrRRR2oKGHDG28AFQ4NeGOyRmzCykrhVZBnpwnNLTvdt95w_OQzXuMxBRmwL6YEhYBgP2aa36y540M_NQ0Zjh.jpg
2025-05-28 12:31:18,922 - INFO - Fotoðraf indirildi: C:\Users\islim\OneDrive\Masaüstü\istanbul_trafik_analizi\backend\data\photos\AXQCQNSsgrI3IEMMwacZ275RcpKYzQ_b4c17nX9zy-EFwDJFnh1zDaVb0vmb4me3GyykQb7B3YPtQ5EQfd56e2rdXv5muJ1M1UJ0.jpg
2025-05-28 12:31:20,098 - INFO - Fotoðraf indirildi: C:\Users\islim\OneDrive\Masaüstü\istanbul_trafik_analizi\backend\data\photos\AXQCQNQt27kDrb0eh7JmvwAG3bQ43BIHHOcXq9QLJa3QspDZysC-WWPUzFgW7GeyouLjmxyRh7ooN3VA1RVfX9hPKQF5hnZhM8dl.jpg
2025-05-28 12:31:21,327 - INFO - Fotoðraf indirildi: C:\Users\islim\OneDrive\Masaüstü\istanbul_trafik_analizi\backend\data\photos\AXQCQNSwBqmoRS7HUGGvsOtTl9TBtohV0YlthlBMGqL-LVpWnI6ZIBrJAGmcg4Wp7uMJ-xm1upHLfzLE5yMIXacQv2hZRRQ3KJcf.jpg
2025-05-28 12:31:22,471 - INFO - Fotoðraf indirildi: C:\Users\islim\OneDrive\Masaüstü\istanbul_trafik_analizi\backend\data\photos\AXQCQNRSMl8DTYyVDZZpR708dmXErUMKbRuh5_yjwekXkfE0FMNnMt2nlf_fVQluaibvdFCJYAT94ZCSmfvUyufk4rBEeUNQH9oR.jpg
2025-05-28 12:31:23,889 - INFO - Fotoðraf indirildi: C:\Users\islim\OneDrive\Masaüstü\istanbul_trafik_analizi\backend\data\photos\AXQCQNRdsOD8it4gHz4yERxpCXnGqoroEawhaegUBoNe8_iEvthHA5_XHXzqRvDalN8saH0BbT81uWBRJU_9cc0iQtJ3Oh1IA8l5.jpg
2025-05-28 12:31:23,893 - INFO - Mekan iþlendi: Faros Karaköy
2025-05-28 12:31:26,085 - INFO - Detay çekilen mekan: Green Garden Restaurant Cafe
2025-05-28 12:31:27,139 - INFO - Fotoðraf indirildi: C:\Users\islim\OneDrive\Masaüstü\istanbul_trafik_analizi\backend\data\photos\AXQCQNRYZ8Hj-CsxGfQWFRj8EHQK4UyK8LU_XbG_DrFLUoIBJYJ8K5ivGMWumJV-_NVn3YhI8l8PfanBe-dPwDxnQAROLkp2qDyO.jpg
2025-05-28 12:31:28,247 - INFO - Fotoðraf indirildi: C:\Users\islim\OneDrive\Masaüstü\istanbul_trafik_analizi\backend\data\photos\AXQCQNS0a5h3bZjNj34J_9M9zdKMOor6mxFiPRQjpQiuzqY6MtRYpjCA5TPQIXEtiRpBRmOgs8xbHWXs7vjV7OO1UtEXfVyQhAe0.jpg
2025-05-28 12:31:29,562 - INFO - Fotoðraf indirildi: C:\Users\islim\OneDrive\Masaüstü\istanbul_trafik_analizi\backend\data\photos\AXQCQNRO1vWx2hnix3TfSMMX7Az7vQPABbe749SWjStwAgvxziFjQft8RANpvQUr8Hw_41_Bd2SBRLKyUl6az3eYBj9ua-vfOztN.jpg
2025-05-28 12:31:30,868 - INFO - Fotoðraf indirildi: C:\Users\islim\OneDrive\Masaüstü\istanbul_trafik_analizi\backend\data\photos\AXQCQNTloEmY6l0wqNmk_BgWok7ZrY8qzHGaFHgTL48u23oGbn9jgqG5ZRYmg6fwi1QTpS5HnZ9iLtUkLyID7eirgb8SwL7utk_z.jpg
2025-05-28 12:31:31,986 - INFO - Fotoðraf indirildi: C:\Users\islim\OneDrive\Masaüstü\istanbul_trafik_analizi\backend\data\photos\AXQCQNSNudRveUKjJQfKqOntJjDpDKcYk3cC1X4FjQVELvfOIJNFUpzp97ZY40tMQfnCB6j8JM2EjtvuIVh821GQtgxQb_Z8w_WA.jpg
2025-05-28 12:31:33,321 - INFO - Fotoðraf indirildi: C:\Users\islim\OneDrive\Masaüstü\istanbul_trafik_analizi\backend\data\photos\AXQCQNRX9V9MnR0jCfE5yhZ0ptAB_olns8X55Njik11BOBLqCH1Q5U_yI8w0zQOtfxlmyKA-jBbQWd4662GA4yP20gzL8C-7Uaj4.jpg
2025-05-28 12:31:34,783 - INFO - Fotoðraf indirildi: C:\Users\islim\OneDrive\Masaüstü\istanbul_trafik_analizi\backend\data\photos\AXQCQNTCM372iQlK_9lUk2Gj1_syznB4oVjeFGL-iBWsvuqOhT3O-0p2UWRci8D2jSX67nhVtKvQ1r1h_r2jTiR6pZyP46qAo_a5.jpg
2025-05-28 12:31:36,375 - INFO - Fotoðraf indirildi: C:\Users\islim\OneDrive\Masaüstü\istanbul_trafik_analizi\backend\data\photos\AXQCQNSVmVusxT5zv7gY5LqI1Yp2GUwM7dYbXLTziFdKAlykEE-lhl1pRXm0etaXJHUiTvNthwc-eOezJpwJRXdWCiSUEhZRCbCY.jpg
2025-05-28 12:31:37,603 - INFO - Fotoðraf indirildi: C:\Users\islim\OneDrive\Masaüstü\istanbul_trafik_analizi\backend\data\photos\AXQCQNQxAPEOfbqXhh9qmcwiteKgLQa91fXhJ94N7cg7muuFPyVx_poy27uoYB1zHIIhEeAp_xP9OCF5Cqdo4Z2rem8iCcN1uhZ5.jpg
2025-05-28 12:31:39,174 - INFO - Fotoðraf indirildi: C:\Users\islim\OneDrive\Masaüstü\istanbul_trafik_analizi\backend\data\photos\AXQCQNRlWmsrNyjnpTgiT5im91FcFXe-g9PtnbS5z1MbIrL3rNSxSM-PK_xsdR_VUDessfiJ5hC9w-4ytyicWX1-BwPskGddQ-QN.jpg
2025-05-28 12:31:39,182 - INFO - Mekan iþlendi: Green Garden Restaurant Cafe
2025-05-28 12:31:41,336 - INFO - Detay çekilen mekan: By Ferro Fish And Kebab House
2025-05-28 12:31:42,478 - INFO - Fotoðraf indirildi: C:\Users\islim\OneDrive\Masaüstü\istanbul_trafik_analizi\backend\data\photos\AXQCQNSDKyEu72rl2mCgYU24nj1ermGGJBtuzm9tjqtzlQjYEM7tRiZlfTnm_wiRrJUZ4Cy27P5NafTm2OOkCQYOYDSQ_9faKBzN.jpg
2025-05-28 12:31:43,752 - INFO - Fotoðraf indirildi: C:\Users\islim\OneDrive\Masaüstü\istanbul_trafik_analizi\backend\data\photos\AXQCQNQlPHyZSXAkFX-o_7rzBMsSx77cVVtTo_vJ0ogh-KAs2qn0m8nrLNNQMang4MvOnVDooKc1aadUzcJ4lX87AZx8D32SgbNM.jpg
2025-05-28 12:31:45,283 - INFO - Fotoðraf indirildi: C:\Users\islim\OneDrive\Masaüstü\istanbul_trafik_analizi\backend\data\photos\AXQCQNQillM-JW_9iwQu_kWc4_KPYbVL5vyrhab_R1YUuthjnN2xz3JJTe_NX6ojxOxwIxZNBDMP7KnyYVUgHNF7z2p9fWIKQ5Ox.jpg
2025-05-28 12:31:47,105 - INFO - Fotoðraf indirildi: C:\Users\islim\OneDrive\Masaüstü\istanbul_trafik_analizi\backend\data\photos\AXQCQNTRihfuedLe3_kSar9ggZ3WHFC3apCzurg3AMnghMOVZueKFbwfDbTmVfy7R8Z5aVN8tehdGXupv7diRwa0kWPhsiSM_-zu.jpg
2025-05-28 12:31:48,342 - INFO - Fotoðraf indirildi: C:\Users\islim\OneDrive\Masaüstü\istanbul_trafik_analizi\backend\data\photos\AXQCQNQCInfRj2uXiVC5kqVLi1-sI-YQF7rnS4JAzBkOiwknHaaYWNgYGKfpsT9DDAgMWADpIplSvG3V3RsjFsKiJO9nZjF2PNTp.jpg
2025-05-28 12:31:49,667 - INFO - Fotoðraf indirildi: C:\Users\islim\OneDrive\Masaüstü\istanbul_trafik_analizi\backend\data\photos\AXQCQNTvwSLUY0inG9ZAsWA0pYejifGhrEEdCKBKtfXscsdrYToI8K0fo28fEJmUey2ZFlOSr9SAN7SighXAQlDtRuUklrQm8KQ7.jpg
2025-05-28 12:31:51,491 - INFO - Fotoðraf indirildi: C:\Users\islim\OneDrive\Masaüstü\istanbul_trafik_analizi\backend\data\photos\AXQCQNQl6ppem3WRSltkGeXB5j9jwZcvviU9fXjnSd-nxqDJDtcDmydKz7NW1SEjqi_KhNwvcZkPVRnOGB3JQwh4fwqJbLp0GI64.jpg
2025-05-28 12:31:52,931 - INFO - Fotoðraf indirildi: C:\Users\islim\OneDrive\Masaüstü\istanbul_trafik_analizi\backend\data\photos\AXQCQNRON-AIZ_0wZfY5U3oaMZZmXVKOKCHgyNd7ZNGQ_V9Ftaw5pGsktBuEqwQHlgDaw3Ss49QjJvHyt-c-EonJ1NeM2Q1NiHi0.jpg
2025-05-28 12:31:54,126 - INFO - Fotoðraf indirildi: C:\Users\islim\OneDrive\Masaüstü\istanbul_trafik_analizi\backend\data\photos\AXQCQNRwyVaadqqlEXpymgT8eQhN1igTNSts1ttXNgs4EuDeAugzIGsPERj8TGdxNbiNKTBf99a8hD-KWv8o7YtBwki6B5Q_hP7z.jpg
2025-05-28 12:31:55,652 - INFO - Fotoðraf indirildi: C:\Users\islim\OneDrive\Masaüstü\istanbul_trafik_analizi\backend\data\photos\AXQCQNR1hMQ2KqWt9-46-6TKcIjTgukF_bpaXuXWHFUFSc0-deeujTlgg8HKLRLzVpZTQqIKP96wFQldGUBH42yDhJRvhzmuCym4.jpg
2025-05-28 12:31:55,656 - INFO - Mekan iþlendi: By Ferro Fish And Kebab House
2025-05-28 12:31:57,801 - INFO - Detay çekilen mekan: BESO Rooftop Restaurant
2025-05-28 12:31:59,125 - INFO - Fotoðraf indirildi: C:\Users\islim\OneDrive\Masaüstü\istanbul_trafik_analizi\backend\data\photos\AXQCQNSdXiGkLsEv4EI57TBLotv4AuQv1gbfxUzLjiMUBUCrsaqWNEPgziAW2PoQGopmU6CffucunsWtWMIqlXDQPV-1SRCnsQew.jpg
2025-05-28 12:32:02,031 - INFO - Fotoðraf indirildi: C:\Users\islim\OneDrive\Masaüstü\istanbul_trafik_analizi\backend\data\photos\AXQCQNSnY_8jtoLHDrFxEkJZiFlIzhzMd5Ds4Ze5OvBjDpULzLZ7Boihg4W5m0l95yzBC2UUwun0V_5Ov81Vme_AvcZzifWCm8Ta.jpg
2025-05-28 12:32:04,030 - INFO - Fotoðraf indirildi: C:\Users\islim\OneDrive\Masaüstü\istanbul_trafik_analizi\backend\data\photos\AXQCQNTq2bAjUq0eFOsWVUNeh3MzmYR8lk-REK2z6ibL8zfHl41paG1TWpm8d-SqkjqgYPg3ScbBmoz23BCHopT-K3b6872ex7XM.jpg
2025-05-28 12:32:05,694 - INFO - Fotoðraf indirildi: C:\Users\islim\OneDrive\Masaüstü\istanbul_trafik_analizi\backend\data\photos\AXQCQNT-gDzTPNlgPCJu4FWeMAtgMoQdGSe-n0VyyIACuL5neEgBgxBiEikvVKS9Sz13OYq9SM8kNaqUSqzRnqGbza8usZEDtpJp.jpg
2025-05-28 12:32:07,265 - INFO - Fotoðraf indirildi: C:\Users\islim\OneDrive\Masaüstü\istanbul_trafik_analizi\backend\data\photos\AXQCQNQCaILt3Anl6O7eGDZPq7W7iy72AB4_MNRwZMejIPekJZHnFxyQy1ONvAszaAw2RiVwaF-Fbwfd9_Bvk4jM0-4lV9nA_WOg.jpg
2025-05-28 12:32:08,504 - INFO - Fotoðraf indirildi: C:\Users\islim\OneDrive\Masaüstü\istanbul_trafik_analizi\backend\data\photos\AXQCQNQEqvky7cdvZ_sE9rlolwv7benoP_f7iMpKWXc7pj6MA73AppEO_88Ft66eREY1L6qXVgVpbdCZB0xIPn24pkINrs-_0OFM.jpg
2025-05-28 12:32:09,792 - INFO - Fotoðraf indirildi: C:\Users\islim\OneDrive\Masaüstü\istanbul_trafik_analizi\backend\data\photos\AXQCQNSrox8WkE1ca_bUSkMbcBZVmPUMtYG1dupmWk0yR90jc-m8VrwZqi0jmm8Up-mSItyaKA-g1ndPFFZWI6ML-9k4b8BPlaCw.jpg
2025-05-28 12:32:11,477 - INFO - Fotoðraf indirildi: C:\Users\islim\OneDrive\Masaüstü\istanbul_trafik_analizi\backend\data\photos\AXQCQNTXhyFsVETWP-mVUU0hYTnTaqWePUXZ9uVd6HAvFt9LhQBrRGOa6dJ7OnbcucZw1wpWcv-ZyJRtXSmfbwYrIxS5NvWWo12l.jpg
2025-05-28 12:32:12,973 - INFO - Fotoðraf indirildi: C:\Users\islim\OneDrive\Masaüstü\istanbul_trafik_analizi\backend\data\photos\AXQCQNQt-FW6-z9852BA62mszuBZcSoj_OPw9OwxeNX6gYD5d0cXOKMAdeEvl9gz_Yzn_zi9VrrGRE9gbFbVvdznlQSFShRhXRZ_.jpg
2025-05-28 12:32:14,420 - INFO - Fotoðraf indirildi: C:\Users\islim\OneDrive\Masaüstü\istanbul_trafik_analizi\backend\data\photos\AXQCQNTRCm_o9wGlCHyDG5XDHJcaMWK0N5WO4QwB3mH210paXV6RaTirxZDvuSmkyNHzmjRw5FhLmhwCh8NTsNUawqbrdd0hVZ7V.jpg
2025-05-28 12:32:14,420 - INFO - Mekan iþlendi: BESO Rooftop Restaurant
2025-05-28 12:32:16,583 - INFO - Detay çekilen mekan: Mr Cook Restaurant
2025-05-28 12:32:18,041 - INFO - Fotoðraf indirildi: C:\Users\islim\OneDrive\Masaüstü\istanbul_trafik_analizi\backend\data\photos\AXQCQNRwR3-xL37HqV8oYN1LggkPGf1ufTBu535vhgAm8oUdCu0Gx416NmgkeOgmdicDPOZojG_jUnDd_4wJQRUab7j7tNCimcQS.jpg
2025-05-28 12:32:19,548 - INFO - Fotoðraf indirildi: C:\Users\islim\OneDrive\Masaüstü\istanbul_trafik_analizi\backend\data\photos\AXQCQNQQxYd0hyAfQ9z1x0mUmQJpeBwrP6kH4-S_0xosjccm6W_5cLo1Sx4qJXo7WWW3UrtKwyQUsJzVzYyp1Nuqe3eATIWCOIWw.jpg
2025-05-28 12:32:21,539 - INFO - Fotoðraf indirildi: C:\Users\islim\OneDrive\Masaüstü\istanbul_trafik_analizi\backend\data\photos\AXQCQNToz5rRDyt2WavSYfx4pMkZQIKsA3QvMKbfGQ_ntUfbankL4bTKUJFGR1rzwtQ3oA8q4ey4B0QOPWPa8bbHt0So295v3jW8.jpg
2025-05-28 12:32:23,177 - INFO - Fotoðraf indirildi: C:\Users\islim\OneDrive\Masaüstü\istanbul_trafik_analizi\backend\data\photos\AXQCQNQrzH9SYXL6RsYsTVCmMpcXdmSmn1MpZhD5bcjeFBLdLz3kvrVtK9iY8c9DJ2HmOpYzdXc5MqoSNG3slC7MscGkRmt_TC6m.jpg
2025-05-28 12:32:24,781 - INFO - Fotoðraf indirildi: C:\Users\islim\OneDrive\Masaüstü\istanbul_trafik_analizi\backend\data\photos\AXQCQNSDJRIQ_91dwvSfwU4AQBOW9hepqIreNf9CN8Ub3LjYUrw5TlVhXpwu4rKPS8LakSXI3GeTjI2b4Qm-TcDa6VSvXePxxwI-.jpg
2025-05-28 12:32:26,134 - INFO - Fotoðraf indirildi: C:\Users\islim\OneDrive\Masaüstü\istanbul_trafik_analizi\backend\data\photos\AXQCQNQjNveQmNWXTOrmPxE2ChIddYS5R0feqJR6o_isebjqlsOvvodhS7ER-89r-VnorF96FcX5HFSkelYNaJQcM5qVGqA5VxqL.jpg
2025-05-28 12:32:27,650 - INFO - Fotoðraf indirildi: C:\Users\islim\OneDrive\Masaüstü\istanbul_trafik_analizi\backend\data\photos\AXQCQNT4KjUJw5_lTVSH09dG1MsLt8NrR8LZ3p5Tkj_F30mmzrOLuaEVbwsWrb7-qPDaccLwMwiIzqTxCJSK1wtjzqnJE5mpPivG.jpg
2025-05-28 12:32:29,240 - INFO - Fotoðraf indirildi: C:\Users\islim\OneDrive\Masaüstü\istanbul_trafik_analizi\backend\data\photos\AXQCQNTZO7ZDmP9SppphNuQokk_rDEGJw6QoASah3c4qcuHyBWaU_DFJ04Egzf7r9EE3tKkHaDmDbIq0iq8RmAV2v1bmGTmkHti7.jpg
2025-05-28 12:32:30,627 - INFO - Fotoðraf indirildi: C:\Users\islim\OneDrive\Masaüstü\istanbul_trafik_analizi\backend\data\photos\AXQCQNSmFRmARwSdXAkQ28fEKn_zST3ODUod1cg5MpueAZEQz2ALRECUEuvVvDGN0feeKAnML_BxJnet-DEhvKUkCMyuUU8Qa3gH.jpg
2025-05-28 12:32:32,034 - INFO - Fotoðraf indirildi: C:\Users\islim\OneDrive\Masaüstü\istanbul_trafik_analizi\backend\data\photos\AXQCQNRQjF8mSn1Koky7dDpZ_ask8UsCgyA102ZpvSWgtn3LyJiSMGR74FXGyOw2fFueNUZfbEL5jJzPIliP_sZRTG6eu9UB7hKr.jpg
2025-05-28 12:32:32,044 - INFO - Mekan iþlendi: Mr Cook Restaurant
2025-05-28 12:32:34,227 - INFO - Detay çekilen mekan: Rakofoli Ocakbaþý
2025-05-28 12:32:35,596 - INFO - Fotoðraf indirildi: C:\Users\islim\OneDrive\Masaüstü\istanbul_trafik_analizi\backend\data\photos\AXQCQNTrARnI5Q_mUzwZNZwS4v2wQb0xO0aVGfMtAZB98gUnXFnVmL2EvqFSJJv5wl77zEoX6PQpCd6p7skvI-X5l778FWXeLmT0.jpg
2025-05-28 12:32:36,987 - INFO - Fotoðraf indirildi: C:\Users\islim\OneDrive\Masaüstü\istanbul_trafik_analizi\backend\data\photos\AXQCQNTVC6-8hWjRdCILLam-Ok5LJes9aUzdsj4pmmDydVInhE4uN9JFR-9b_dMZmLp-UFtgvf8JknqfAoP5KGaWNbJP-YTs4mEZ.jpg
2025-05-28 12:32:38,167 - INFO - Fotoðraf indirildi: C:\Users\islim\OneDrive\Masaüstü\istanbul_trafik_analizi\backend\data\photos\AXQCQNR1XnmWfM99PMFpy-eHwXUPqYOU74ENpeZW3dTwP57hx7mL-U2LyZ3Py0cTCb5Oh9nF94bRoMCearKvVFS-rswcHvCRqmvE.jpg
2025-05-28 12:32:39,672 - INFO - Fotoðraf indirildi: C:\Users\islim\OneDrive\Masaüstü\istanbul_trafik_analizi\backend\data\photos\AXQCQNSRrU3suJz6RRQA56iZlTeCtPERwCutCadI8e-axnTkzJhEb8chryeC4A8EHZumj1T4ulzrPjvKyhB8Mfwb7QvwLGRy_oL5.jpg
2025-05-28 12:32:40,945 - INFO - Fotoðraf indirildi: C:\Users\islim\OneDrive\Masaüstü\istanbul_trafik_analizi\backend\data\photos\AXQCQNR92J1LTqtC2PSN9jEG_Le06ZlINx1jznHJbMvet_hPB196JzyQkxBoUHK3qIUOH_zOK5rNMkNzF-eZ1kAyT4-zUysYwYjP.jpg
2025-05-28 12:32:42,226 - INFO - Fotoðraf indirildi: C:\Users\islim\OneDrive\Masaüstü\istanbul_trafik_analizi\backend\data\photos\AXQCQNQr06Gs8o5OVvDXZ4jjHtJhimhTWcVouxrmZCsxWWrb-wSzqqqWaVoVaFDArl5PbXmEtpXdB_6RanSy4LCvt-YBhZtlCxo_.jpg
2025-05-28 12:32:43,938 - INFO - Fotoðraf indirildi: C:\Users\islim\OneDrive\Masaüstü\istanbul_trafik_analizi\backend\data\photos\AXQCQNT2Ez960rxV0-EJm_5raZcEaNuDjjkqJ6zBvvzUZtFWUBhFLwcb5A74UOoVOYL_HyQ91611noPhjZYWZeG1DJXxznYFg_3K.jpg
2025-05-28 12:32:46,021 - INFO - Fotoðraf indirildi: C:\Users\islim\OneDrive\Masaüstü\istanbul_trafik_analizi\backend\data\photos\AXQCQNT2zos8xe9WObrvqIksF-vyJyVRvnUElVBHcP2xzFc9VKPmkeAIiMLCkwJyagKarQlDYzwE_yEA_ULyWsjB1FVQ_DoGtElW.jpg
2025-05-28 12:32:47,532 - INFO - Fotoðraf indirildi: C:\Users\islim\OneDrive\Masaüstü\istanbul_trafik_analizi\backend\data\photos\AXQCQNQi9txIbqWU7FkFoPPjlPsU2Con3ZyvyH2fBLp7M6tjaOcmZhkpp4X3PJSeP6aJlSzdJsBZod59LHAxjgM0z94WW93MWu64.jpg
2025-05-28 12:32:49,004 - INFO - Fotoðraf indirildi: C:\Users\islim\OneDrive\Masaüstü\istanbul_trafik_analizi\backend\data\photos\AXQCQNTVfOHEbUh724ShruQEaCAD6C1AsejjQ6De9hLyRBrGOHgFzA9Ii80A56Lhb4PBkByLex2lwrLTbjrSuF3MP061EJ4pmAkr.jpg
2025-05-28 12:32:49,010 - INFO - Mekan iþlendi: Rakofoli Ocakbaþý
2025-05-28 12:32:51,202 - INFO - Detay çekilen mekan: La Terrasse Karaköy
2025-05-28 12:32:52,295 - INFO - Fotoðraf indirildi: C:\Users\islim\OneDrive\Masaüstü\istanbul_trafik_analizi\backend\data\photos\AXQCQNTOl6aUXcf-ra-ExdH3dOhm3p3RcH2BjczXGdhKcoV_i9zwxPi5njniUWsp3LkbauBfHG19_xdAtIStt0N6U7iYwGdhgOkT.jpg
2025-05-28 12:32:53,454 - INFO - Fotoðraf indirildi: C:\Users\islim\OneDrive\Masaüstü\istanbul_trafik_analizi\backend\data\photos\AXQCQNQjnov6PbJxv3mbZd2LYNGlvL2TFppv8Lov_nvGGt8T7imyPcr2WEZB_rW3-GvBNB8t_iq8Km3cob_tl1oref8BMoOBmJHe.jpg
2025-05-28 12:32:54,518 - INFO - Fotoðraf indirildi: C:\Users\islim\OneDrive\Masaüstü\istanbul_trafik_analizi\backend\data\photos\AXQCQNQg4WmbAtsj9rAjx3YcznDP0C15QaiusIwMmdY0cEyoTrpUahbkQ43tGDaOJpNbiNp8x0EnvBaKJcpgSDJd3neP_W2KBLMm.jpg
2025-05-28 12:32:55,926 - INFO - Fotoðraf indirildi: C:\Users\islim\OneDrive\Masaüstü\istanbul_trafik_analizi\backend\data\photos\AXQCQNRNGL-LUSaGGREzJXWak_cOpVkPRat51L_YySyByicF4eWZeRwBx-d1LcmnT3zTUfCZJG0DaFXo5qunWBAsbcy1psohPSda.jpg
2025-05-28 12:32:57,298 - INFO - Fotoðraf indirildi: C:\Users\islim\OneDrive\Masaüstü\istanbul_trafik_analizi\backend\data\photos\AXQCQNSDWb496Lij5X86h8pG-bUWp8PVStwTflr135v1nK7B39uz0Kvt2VQKMlb4ijaG7GA_rI-IWv8BuwaaDcngsbZZGTnwFMIE.jpg
2025-05-28 12:32:58,385 - INFO - Fotoðraf indirildi: C:\Users\islim\OneDrive\Masaüstü\istanbul_trafik_analizi\backend\data\photos\AXQCQNThdzNVp_eU1vRNSXkQ-9ymbA6iq8yRmdIZBYVNv_ytFxd36EIHLAVs9BSNaY2D8F2Y8x4kVuwN-OIyy6dFWh1Wz7IdlYd4.jpg
2025-05-28 12:32:59,693 - INFO - Fotoðraf indirildi: C:\Users\islim\OneDrive\Masaüstü\istanbul_trafik_analizi\backend\data\photos\AXQCQNRu4HjQ-e5lH0gBVTIKQmJHKbJcsm299oFmlcs9bQaO5lWoZwJ0ADbHHnRY6DTG4LUbrlBVUgDJOwBuO25FogB-RoSo9DRq.jpg
2025-05-28 12:33:01,029 - INFO - Fotoðraf indirildi: C:\Users\islim\OneDrive\Masaüstü\istanbul_trafik_analizi\backend\data\photos\AXQCQNTXisGoMqrVI9qmPZIHeeLLkbiNxsz0HLXfQaR9JKrivG3LUCs-_ii5gt75ntjmUlWzgNSXnAclghBahBBmoLMS1RyG_9MD.jpg
2025-05-28 12:33:02,666 - INFO - Fotoðraf indirildi: C:\Users\islim\OneDrive\Masaüstü\istanbul_trafik_analizi\backend\data\photos\AXQCQNQPfMnO14-fBfJP4Be3jpY2vLT47NaLJEFndZQDOnlP_IZ9PHT1XPqSm2o-lFoMwkwfG-PypNPQulXmJs29vnD8yTu6FK-1.jpg
2025-05-28 12:33:03,894 - INFO - Fotoðraf indirildi: C:\Users\islim\OneDrive\Masaüstü\istanbul_trafik_analizi\backend\data\photos\AXQCQNTxuoviDddb94AgnUrGLpz3QzLK9YwsizVoyC9iecu_SNy6nhJGdbhxl46sy1dVdc29McAXRcH0h6it6GxNyfYZYtU5OxLH.jpg
2025-05-28 12:33:03,897 - INFO - Mekan iþlendi: La Terrasse Karaköy
2025-05-28 12:33:06,090 - INFO - Detay çekilen mekan: Gülhane Þark Sofrasý
2025-05-28 12:33:08,186 - INFO - Fotoðraf indirildi: C:\Users\islim\OneDrive\Masaüstü\istanbul_trafik_analizi\backend\data\photos\AXQCQNRu0FgsHhBr1ejVBTPNMJ-qA6zFBtXrF1Ich4Gn-PGLlKF-8D_cBg-8eC6W6G-Lj-fvHFnt_Lh0VZ6dnrjRmzv0C3mn5Biv.jpg
2025-05-28 12:33:09,637 - INFO - Fotoðraf indirildi: C:\Users\islim\OneDrive\Masaüstü\istanbul_trafik_analizi\backend\data\photos\AXQCQNRVyDH1ATO_UQAedarQmHxu26wW49wNpTfTLJ1O8-cLN3m0qJaXXcg3xYi8_lwX44rXHJrYSj5JHTNMdiocosqBGw04j6dT.jpg
2025-05-28 12:33:11,126 - INFO - Fotoðraf indirildi: C:\Users\islim\OneDrive\Masaüstü\istanbul_trafik_analizi\backend\data\photos\AXQCQNTsokmsYk5PIsvhncb6v4ayLsqFR0ftBbgkKdDpqUR0lHc4wraHFy5jI2KNyqLKo54i-HAPn4WyWbJ1Tp3Dj8H22ofi2LtW.jpg
2025-05-28 12:33:12,627 - INFO - Fotoðraf indirildi: C:\Users\islim\OneDrive\Masaüstü\istanbul_trafik_analizi\backend\data\photos\AXQCQNT46lVIO5Hwi3CqAH2VwjAzixFRdxG9JsAqRdVScn_pc7qdoXy41SMs_eAeJ9Mq8hUrmxJXUxvzPJExXwGOzJVkgbUmPLIx.jpg
2025-05-28 12:33:14,222 - INFO - Fotoðraf indirildi: C:\Users\islim\OneDrive\Masaüstü\istanbul_trafik_analizi\backend\data\photos\AXQCQNQhwqfNPwWPOa98avYU23sfU6232f-MDRPR9ryrsrwKrizfj8xRgoV37YWNj3zY1hJrLgNX-TIo8_hUc38arutGgDywf9Rf.jpg
2025-05-28 12:33:15,580 - INFO - Fotoðraf indirildi: C:\Users\islim\OneDrive\Masaüstü\istanbul_trafik_analizi\backend\data\photos\AXQCQNQCQ4J0utE0vyAdP3BfqopTfTdshLsRt7HjcmfRwgHtakSc3j8ftY2Y52MBSrHBlLAYpD1xNQJLP5Kk6xd7xfn0X4uExNwz.jpg
2025-05-28 12:33:16,716 - INFO - Fotoðraf indirildi: C:\Users\islim\OneDrive\Masaüstü\istanbul_trafik_analizi\backend\data\photos\AXQCQNTJhb9c4oGqGMt2--x8CJzofl9wyfcmwX510XWkbm1xYVQy7LdChuekSoAbAAdDa5Y4PJ_i6S4wpV4CFlt_kPYwowCkYjaW.jpg
2025-05-28 12:33:17,932 - INFO - Fotoðraf indirildi: C:\Users\islim\OneDrive\Masaüstü\istanbul_trafik_analizi\backend\data\photos\AXQCQNTmTM9wEhjN2utR3Z0MmyErY-nhm4k6K74jS8FhubAVY8Eh5PBCFUV3ZTyof81IQCM0T5RAbAR01cUbDfq7q99Z9mYF5lnY.jpg
2025-05-28 12:33:19,303 - INFO - Fotoðraf indirildi: C:\Users\islim\OneDrive\Masaüstü\istanbul_trafik_analizi\backend\data\photos\AXQCQNTskV9bNMOlMfsRzOyDlk89mCG2XF-ojOuCazzF2KbzlDRoVCrfrW0o-Fe1LSd2E0BRq4sCpD0UACp42icqKh-ynRgXLjJ0.jpg
2025-05-28 12:33:20,594 - INFO - Fotoðraf indirildi: C:\Users\islim\OneDrive\Masaüstü\istanbul_trafik_analizi\backend\data\photos\AXQCQNRsf1V4Dpckk62Nenhnpyz51iuBaYXAQO-b-Z1Qd5Ie0G612Xj72F2bOT8ou0vNGtH0JPV_yV24_UywiLJtP69eRZx7xiTs.jpg
2025-05-28 12:33:20,598 - INFO - Mekan iþlendi: Gülhane Þark Sofrasý
2025-05-28 12:33:22,774 - INFO - Detay çekilen mekan: Las Tapas fish and kebap Restaurant
2025-05-28 12:33:24,191 - INFO - Fotoðraf indirildi: C:\Users\islim\OneDrive\Masaüstü\istanbul_trafik_analizi\backend\data\photos\AXQCQNS5yJU-BugjtDn4ifrc6i3CHzS4zA0C2FJ_1GENQsfrphrnhp5j2HeSd7dfmlET6WJXwDln4KnkeZ5A-XGZ9aNDgZ0TYn3q.jpg
2025-05-28 12:33:25,420 - INFO - Fotoðraf indirildi: C:\Users\islim\OneDrive\Masaüstü\istanbul_trafik_analizi\backend\data\photos\AXQCQNTVMUTSjtd2QhylLtQyznogAUqXReGf25kNMv0WJPoeuah6iqIXVaA5DgYYCF6vY2nQpqOsEeYYQBoh5OluqtwOI-DAl3Jr.jpg
2025-05-28 12:33:26,644 - INFO - Fotoðraf indirildi: C:\Users\islim\OneDrive\Masaüstü\istanbul_trafik_analizi\backend\data\photos\AXQCQNRg7H0XkayoO4DvAA9qzBm9i3RJvCQPLQs3pScbOP3b5H2T9WwkcjxPLvizGNdHT2al_TmjvZrcEdIPvKFvWXAo9uKS3zzB.jpg
2025-05-28 12:33:27,895 - INFO - Fotoðraf indirildi: C:\Users\islim\OneDrive\Masaüstü\istanbul_trafik_analizi\backend\data\photos\AXQCQNT5jQf6jAAl5XIqEpGoZJHwk0BhBQ06NrtiCjhOjyZIFLJslrvl1kMAYCOQXcXYcfuV5S2EtrCq1ZVK6tVsuDyDTCDRSsoU.jpg
2025-05-28 12:33:29,340 - INFO - Fotoðraf indirildi: C:\Users\islim\OneDrive\Masaüstü\istanbul_trafik_analizi\backend\data\photos\AXQCQNRaBO9_c7WwO3CTd-NHga4zFsGxXrWFQPmjiiIELjNoIpihUaDVc9UQ0OTF4CGkUcZ8l1waLJ3167I9CpADt9ZX6g_KXzHe.jpg
2025-05-28 12:33:30,835 - INFO - Fotoðraf indirildi: C:\Users\islim\OneDrive\Masaüstü\istanbul_trafik_analizi\backend\data\photos\AXQCQNS7hO1qF107SAfAW_BdNfp-1vqsS8xCPgflPz9We_b1ZLqmLoE8qWWTXH-lL_z78gWjGGCILBpW0eN_hDHZFuIGGJFuLfVo.jpg
2025-05-28 12:33:32,183 - INFO - Fotoðraf indirildi: C:\Users\islim\OneDrive\Masaüstü\istanbul_trafik_analizi\backend\data\photos\AXQCQNTIUlCrvEhFkyF6J1o_U0Y46_trWlQUj2Tkbpaq0EuMg1IvIvUyuQ6axHbPJND1g-lX6nhWuobpWzrzOMpS0bEaIoJakLiU.jpg
2025-05-28 12:33:33,523 - INFO - Fotoðraf indirildi: C:\Users\islim\OneDrive\Masaüstü\istanbul_trafik_analizi\backend\data\photos\AXQCQNSAg0MIdeEU_2XXbLLaPVESs4anK9Ijvu0lvIiR3IXub7nWc0GdpSAiry4VPa88np7D6X5QG9O1WNO73jed6IGrOefnFKwp.jpg
2025-05-28 12:33:35,037 - INFO - Fotoðraf indirildi: C:\Users\islim\OneDrive\Masaüstü\istanbul_trafik_analizi\backend\data\photos\AXQCQNSnN7xW9YwpS0DeEycJCBd7nP4_Tde1ATHq_wUF1afXbPKI57zZ1RCHIqZbpvkqDV3jFz8n0pwD0cm5hsVSCrydUPGAgktC.jpg
2025-05-28 12:33:36,438 - INFO - Fotoðraf indirildi: C:\Users\islim\OneDrive\Masaüstü\istanbul_trafik_analizi\backend\data\photos\AXQCQNRAqKyq3sMZ7xoM-1yCc1fUlVBnm4R8vbhD0OPMi6SG1020buJqeaH_u9Nl8WZlS3n0vfttT226j4LRWJtHVsF3PkT-qmq4.jpg
2025-05-28 12:33:36,442 - INFO - Mekan iþlendi: Las Tapas fish and kebap Restaurant
2025-05-28 12:33:38,631 - INFO - Detay çekilen mekan: Divella Bistro Restaurant
2025-05-28 12:33:40,020 - INFO - Fotoðraf indirildi: C:\Users\islim\OneDrive\Masaüstü\istanbul_trafik_analizi\backend\data\photos\AXQCQNTiSZlEGMVVaw-SbzidsAq3DfZgfBo_6QLyHSrp_UR6Eup72ZHmeL6fThmfExSi3EyaPt18WaMRJ0vREadxfk4UJyjqtVhn.jpg
2025-05-28 12:33:41,514 - INFO - Fotoðraf indirildi: C:\Users\islim\OneDrive\Masaüstü\istanbul_trafik_analizi\backend\data\photos\AXQCQNSM5FqttjdhfKn9qWcexdtUe2y1leI_SVRJjPOP1peaNrkYKBRwRGk_tftA4oOO5zOvVvJnQjQmxHIRQH9MJEg5kL8TBuXV.jpg
2025-05-28 12:33:42,696 - INFO - Fotoðraf indirildi: C:\Users\islim\OneDrive\Masaüstü\istanbul_trafik_analizi\backend\data\photos\AXQCQNS4CD4j8jtdQg9OmOOXk88AGn2SGK2ftfwnkdHKx_bSEI-7zfWqbsxlj3zClSEjnx6z1xMmv-gVhUPmKpp-6tSvZ5Uwhh-F.jpg
2025-05-28 12:33:43,710 - INFO - Fotoðraf indirildi: C:\Users\islim\OneDrive\Masaüstü\istanbul_trafik_analizi\backend\data\photos\AXQCQNR5ZpFzgsE_B-MJJL6ovIph7MxiIFVT2K8OyK94zyun3BVSiMx9048UXEvPfjiXvRmA8THCc2hWdsCyAEob_A0rKDivPJqB.jpg
2025-05-28 12:33:44,670 - INFO - Fotoðraf indirildi: C:\Users\islim\OneDrive\Masaüstü\istanbul_trafik_analizi\backend\data\photos\AXQCQNRX7Ws-oOr9P9Fc0hudG8yqM3MwLv0uTYoRQZd3QIgfTMtzJHk4dDxQi2stXq-8mfzleipiFN-GEvxIg8WHE8t530LH6dWN.jpg
2025-05-28 12:33:45,753 - INFO - Fotoðraf indirildi: C:\Users\islim\OneDrive\Masaüstü\istanbul_trafik_analizi\backend\data\photos\AXQCQNRAOnVaqB_seTU1q9U6rUdf0SV0FGyoijxLqEyTU0HHhteXrsxWN47tkbWnnWTO6GX3hMeILTP5v8YJixsfFV-8FS4jbjlM.jpg
2025-05-28 12:33:47,035 - INFO - Fotoðraf indirildi: C:\Users\islim\OneDrive\Masaüstü\istanbul_trafik_analizi\backend\data\photos\AXQCQNQEkjolKtjbVr0nKghjC-dkLidJKzl1wiBprQQxO_xiY2Pef2EitKpd4rYjMaNkca6AGRScG92jyeoAN6xv791VMw70HyVj.jpg
2025-05-28 12:33:48,432 - INFO - Fotoðraf indirildi: C:\Users\islim\OneDrive\Masaüstü\istanbul_trafik_analizi\backend\data\photos\AXQCQNTmCBglQZM_Tm1TKzVhvPlSZy5h2bqmQYGjN7EUmFfeAA3j4-CyOucyvLhD08maW2cehOyu3Xg2-Ns8NUKts3hZA_RzwsNp.jpg
2025-05-28 12:33:49,848 - INFO - Fotoðraf indirildi: C:\Users\islim\OneDrive\Masaüstü\istanbul_trafik_analizi\backend\data\photos\AXQCQNSUGJZCiwzNYAdacJt0NX7dqzGZdFs9XAX3qucW4br-StO0Vlai72S1vIx888bxdaK_G10zWmJN64wkP-heE6UfAcn0WDNo.jpg
2025-05-28 12:33:51,250 - INFO - Fotoðraf indirildi: C:\Users\islim\OneDrive\Masaüstü\istanbul_trafik_analizi\backend\data\photos\AXQCQNSgficrsLkAr72A-NWhZHSirJMymPWLI40LYc-vhxHK8PwjIQJgedAng0wyHww8ArVXnqNWhBKl0vXwBrfpyukTPpMn7q6Y.jpg
2025-05-28 12:33:51,256 - INFO - Mekan iþlendi: Divella Bistro Restaurant
2025-05-28 12:33:53,402 - INFO - Detay çekilen mekan: Vamos Estambul Restaurant & Cafe
2025-05-28 12:33:55,482 - INFO - Fotoðraf indirildi: C:\Users\islim\OneDrive\Masaüstü\istanbul_trafik_analizi\backend\data\photos\AXQCQNQZT7TB0NR0zZH_amFOSQRHH1aXyiU6A4zu7rJAaAy3ZAOY_4MVB0OLBZ-tg_Xvu-wmiE8M7aeXRzunCCliqIiX8W4IBJxm.jpg
2025-05-28 12:33:56,613 - INFO - Fotoðraf indirildi: C:\Users\islim\OneDrive\Masaüstü\istanbul_trafik_analizi\backend\data\photos\AXQCQNS0919uu6R4cuvN1T_I3ROJdSoQhjfVC81Z0v6NEZkOes60F5KVW1y0B6a1R8BWqE1wl646Vff3fSixxV0MmS9ZlKCW1gTB.jpg
2025-05-28 12:33:57,957 - INFO - Fotoðraf indirildi: C:\Users\islim\OneDrive\Masaüstü\istanbul_trafik_analizi\backend\data\photos\AXQCQNSKTtqoFDBGVbizQ72IXUD18hMkE72IDC9QSlZLe0XzgdNa_vGGtYJmqMTanLo23TgrK395MPFYeqPRSG2SaYrcdBHUsUVv.jpg
2025-05-28 12:33:59,124 - INFO - Fotoðraf indirildi: C:\Users\islim\OneDrive\Masaüstü\istanbul_trafik_analizi\backend\data\photos\AXQCQNRspLs3mjBFb-Q5rW7YAfIoPYh-w5aGTw3fnJ9KeGiyxotFTiA_Z63xM4sXYv2iQ8QwirRPins2ymxqjdIhpXA0JQhZd-7D.jpg
2025-05-28 12:34:00,078 - INFO - Fotoðraf indirildi: C:\Users\islim\OneDrive\Masaüstü\istanbul_trafik_analizi\backend\data\photos\AXQCQNRp9kWjfM81DoL4AsM2h_lBstaLr0w2OiBQ3-1-Me50YHD3oDQ_jjsxsgxXUZqdDxcPYYqhlVrShUVbjH3nN_LbAQ-M7KRW.jpg
2025-05-28 12:34:01,274 - INFO - Fotoðraf indirildi: C:\Users\islim\OneDrive\Masaüstü\istanbul_trafik_analizi\backend\data\photos\AXQCQNS2Lpn9B6PEfjtlLTTfLvW4VRWpqZDXtyH_JzuN7q7K-qwwvU_4gvK_nzUOFcPNdivbeHtfkrYaWXI6mh7w6uXyVksk_WSs.jpg
2025-05-28 12:34:02,584 - INFO - Fotoðraf indirildi: C:\Users\islim\OneDrive\Masaüstü\istanbul_trafik_analizi\backend\data\photos\AXQCQNSivwNzcnEF0UDXntXkktc8nFejH2QhQe_KxtpBhWGHpz42v1OgZxoQTLwPJQRagv2HZs_zuLc2ocmuli9S26y7IEbxPSgT.jpg
2025-05-28 12:34:03,972 - INFO - Fotoðraf indirildi: C:\Users\islim\OneDrive\Masaüstü\istanbul_trafik_analizi\backend\data\photos\AXQCQNShv4ey8G2JldyXFrnmwQYf0tuUokjmVkpiIs2XRwh_OBmsttX8Ywsro6yE0hBsFLCy4ero1DI6J2i0pVg3KyGia-_jrZFE.jpg
2025-05-28 12:34:05,288 - INFO - Fotoðraf indirildi: C:\Users\islim\OneDrive\Masaüstü\istanbul_trafik_analizi\backend\data\photos\AXQCQNR0nZtqjW4DBPMZMpWNLL-uWiyv88I7Ox_kLAEmdtX1OxlpoYVVDFNhVPB-GVWMCYQIymsh2kr2K94a9ZGEpPbINxB__Mqu.jpg
2025-05-28 12:34:06,636 - INFO - Fotoðraf indirildi: C:\Users\islim\OneDrive\Masaüstü\istanbul_trafik_analizi\backend\data\photos\AXQCQNSh0erIfhA9Bf4UYenmGsnllDS3ZXHDP5IfrElhcnFFfLvJk6Wc_yvzYzgiwYnQptc6-cV_bAEJZuwl3GdulrYbSToHQqzy.jpg
2025-05-28 12:34:06,642 - INFO - Mekan iþlendi: Vamos Estambul Restaurant & Cafe
2025-05-28 12:34:08,794 - INFO - Detay çekilen mekan: Food Palace 1981 Anatolian Restaurant
2025-05-28 12:34:09,905 - INFO - Fotoðraf indirildi: C:\Users\islim\OneDrive\Masaüstü\istanbul_trafik_analizi\backend\data\photos\AXQCQNSLw5TvDSd3GKTEBW9cDAjWLTbo26uh9kDKljVZthN9TOcLIFLX465saZ_KDK33zB8rRtGwyNuHbweWnvu6HF-HiUD4FMdd.jpg
2025-05-28 12:34:11,070 - INFO - Fotoðraf indirildi: C:\Users\islim\OneDrive\Masaüstü\istanbul_trafik_analizi\backend\data\photos\AXQCQNTH3uVXDBj3PVCFwU5ygQEl9xlrjzGDjNOTD22h3PrBsnXc7_XvXFb2VJO3t_meusqjkhxx7otB5Krh_u6XZl9xT6OOJ0T2.jpg
2025-05-28 12:34:12,086 - INFO - Fotoðraf indirildi: C:\Users\islim\OneDrive\Masaüstü\istanbul_trafik_analizi\backend\data\photos\AXQCQNT1Eh9xei9e6R7hKwp8lhk3vBb_tB47nSJhx3DkMaIJIE2Zg7Q8xDe0kfi-MRuwHUWxRoAhrUXp8_VyiEOUeHdD7dZc7Wr3.jpg
2025-05-28 12:34:13,245 - INFO - Fotoðraf indirildi: C:\Users\islim\OneDrive\Masaüstü\istanbul_trafik_analizi\backend\data\photos\AXQCQNQ46Z8pWqkZV2N9iFY4LPtrFSRLrFP-vRBSuAsC24B6eezz2gBLByMORLBVR92530SeJRqcwPhygxaUYsamQ1FtPs2tjPTf.jpg
2025-05-28 12:34:14,581 - INFO - Fotoðraf indirildi: C:\Users\islim\OneDrive\Masaüstü\istanbul_trafik_analizi\backend\data\photos\AXQCQNR_MhN5-brOMNPKMgkjrjYuh1roN9KU0RbFEL9OHeJNTBHurpP6MOh6k3d59ML7524e1Z6hVI8dXcJYL07snHxK5BTfLhyt.jpg
2025-05-28 12:34:15,663 - INFO - Fotoðraf indirildi: C:\Users\islim\OneDrive\Masaüstü\istanbul_trafik_analizi\backend\data\photos\AXQCQNTm9J6H3vey6MaMDPwqKtQLtOHHWxp7sNVnGt6Nx_tX3JlSUYFpmaDBbWIYcpoWhognqL2pISShEN_DNikd_kCL-hXQVr2K.jpg
2025-05-28 12:34:17,056 - INFO - Fotoðraf indirildi: C:\Users\islim\OneDrive\Masaüstü\istanbul_trafik_analizi\backend\data\photos\AXQCQNR0X8BhvefDPHQueOjyGxFflaElKUUs224vRhwYxSSlaZScRJvS4nGMoagD4YB9U3WZpFwSu85R-cqZWpy5RIo-iQFAwMpq.jpg
2025-05-28 12:34:18,290 - INFO - Fotoðraf indirildi: C:\Users\islim\OneDrive\Masaüstü\istanbul_trafik_analizi\backend\data\photos\AXQCQNT5gfU6Ic0oBMZLXmOJ1cjNg7vYRAWdL0eO096_qQ6WgwvEaoskSTZs99V32p4MW5QmHW9HCviPQ8bDQghnAekAzzMZEHCG.jpg
2025-05-28 12:34:19,786 - INFO - Fotoðraf indirildi: C:\Users\islim\OneDrive\Masaüstü\istanbul_trafik_analizi\backend\data\photos\AXQCQNQGS3CNKp3Fv3Ui7BLF72tPNdPiwFaLaaNz_qYefHZH-qhDREJAiMJzYkZF84OmjSjE-o9DoEBD_1MZ8Y-dfHMSOVHWQleA.jpg
2025-05-28 12:34:21,014 - INFO - Fotoðraf indirildi: C:\Users\islim\OneDrive\Masaüstü\istanbul_trafik_analizi\backend\data\photos\AXQCQNQ4vpFPWMSAcMDT0TSJ50_Qxwb8xMKKgoDSMRE-tBidVVNeqXBrBkqQ1GOoB7KPuwu2fk6FTf_Qd9gQ5XFv49Z3IFbmw6Hw.jpg
2025-05-28 12:34:21,018 - INFO - Mekan iþlendi: Food Palace 1981 Anatolian Restaurant
2025-05-28 12:34:23,175 - INFO - Detay çekilen mekan: Seher Restaurant
2025-05-28 12:34:24,401 - INFO - Fotoðraf indirildi: C:\Users\islim\OneDrive\Masaüstü\istanbul_trafik_analizi\backend\data\photos\AXQCQNSL-znTN37ka74x9zy3ooSm_nqM-Z9JjM7qZF4qErXzyp2R8_da-zXiZlsMpqvzzqHiyksqY2GvjwseNEBzoFCLJDJVJXwB.jpg
2025-05-28 12:34:25,589 - INFO - Fotoðraf indirildi: C:\Users\islim\OneDrive\Masaüstü\istanbul_trafik_analizi\backend\data\photos\AXQCQNSV9U0amt5G6uGJxvTIULfMisgIm7d2xF4xIhPshXLi9r-7AQX9UZwi6mUSO1M7gcsE7fYbaB7h80qpcSGq5u3ThvLsZLq5.jpg
2025-05-28 12:34:26,881 - INFO - Fotoðraf indirildi: C:\Users\islim\OneDrive\Masaüstü\istanbul_trafik_analizi\backend\data\photos\AXQCQNTr6ObiXVrocp18kpDp_IYo2Ez3LGDtyZMP7xJisX2MfMAvdewxl-yjXQK3epBwJ7LNKCav3DVvJ1EefDiGvxHp1PbmWzVI.jpg
2025-05-28 12:34:27,868 - INFO - Fotoðraf indirildi: C:\Users\islim\OneDrive\Masaüstü\istanbul_trafik_analizi\backend\data\photos\AXQCQNQhBs2gozVXBPIQarpawtuJ9XYzBVjidKhX1IaOnQ5zKhEC-7EhIHX1CfZ5pNLPWmZTjTnbp9Klh87-rlsDxJY9WfpWyQT5.jpg
2025-05-28 12:34:29,016 - INFO - Fotoðraf indirildi: C:\Users\islim\OneDrive\Masaüstü\istanbul_trafik_analizi\backend\data\photos\AXQCQNQqzIwHYjs-zypyZHoBs3hsVJ2p3zWuakp7QXaWXxnOiNeOcCnvYPjaVDkMf7vimM3h1GDU3CsttwSpelTBxqfiMnAyeVTJ.jpg
2025-05-28 12:34:30,497 - INFO - Fotoðraf indirildi: C:\Users\islim\OneDrive\Masaüstü\istanbul_trafik_analizi\backend\data\photos\AXQCQNRF9opKPZ0o3VJR2QjLgleAI-ea6u5eXVRG07o2lQiXg5PVrbA5v67yDtpq_D_swpQHznKZ7IEEXvL7FWpzuWNhE-nS0dhI.jpg
2025-05-28 12:34:31,843 - INFO - Fotoðraf indirildi: C:\Users\islim\OneDrive\Masaüstü\istanbul_trafik_analizi\backend\data\photos\AXQCQNQAmB5s78ypEIWHC-UQiBNkXqEI1JkKhNaF8hzFQJ0G7OKwOi6kFoz7CWLlrZ5mOHlOw9syiY_6wX0taPRcPrg_gSLD7fVR.jpg
2025-05-28 12:34:32,984 - INFO - Fotoðraf indirildi: C:\Users\islim\OneDrive\Masaüstü\istanbul_trafik_analizi\backend\data\photos\AXQCQNTWd2wZP253_USZJugte7WKjV480DV7ZMTpP0wEmtfS2WdkW4yoD3fCQOZZL0qSHu7lVVR-GF_RJadI6mJJcxoiB830eMT8.jpg
2025-05-28 12:34:33,987 - INFO - Fotoðraf indirildi: C:\Users\islim\OneDrive\Masaüstü\istanbul_trafik_analizi\backend\data\photos\AXQCQNQTvtuTEd4IGUGk5H5DBJWf1Mban5lZmb6iaYVhsmp1RG0NavhbsyYXQdz3aV1C02Id7UHpscMidgtuN9fYaTjbA1NFZZV0.jpg
2025-05-28 12:34:35,225 - INFO - Fotoðraf indirildi: C:\Users\islim\OneDrive\Masaüstü\istanbul_trafik_analizi\backend\data\photos\AXQCQNTrqC1vWjwiKyuUUQeHecdTkBZu_2GsxhBz-09N3qwFbQStieVWfbSi4svBODvCqHe_0vk8E3zI7SOsxtoJpLeppCTGmJeA.jpg
2025-05-28 12:34:35,230 - INFO - Mekan iþlendi: Seher Restaurant
2025-05-28 12:34:37,382 - INFO - Detay çekilen mekan: Rumeli Cafe & Restaurant
2025-05-28 12:34:38,664 - INFO - Fotoðraf indirildi: C:\Users\islim\OneDrive\Masaüstü\istanbul_trafik_analizi\backend\data\photos\AXQCQNRNwQRBGnxuSFUTQfWVdG4X8PSI8Pme9KgluInckp41y1vzCdU1MmJ00BemqP257NmfCX_Kq02rhYs9f85ZFchsFWLYpzjM.jpg
2025-05-28 12:34:39,775 - INFO - Fotoðraf indirildi: C:\Users\islim\OneDrive\Masaüstü\istanbul_trafik_analizi\backend\data\photos\AXQCQNTo9SpFA1VGjZlqq6SHpT-kpqnxdsGM9iKPVmRB2ZHZDpIXgCZsWCpYH-axcK34fGeC_ZX40aDaGmdLX6jFVoIzmsVl4lIQ.jpg
2025-05-28 12:34:41,357 - INFO - Fotoðraf indirildi: C:\Users\islim\OneDrive\Masaüstü\istanbul_trafik_analizi\backend\data\photos\AXQCQNRaSiNsywVJLDrTrbOFkPwGbaygUpHTc3JY-Bm6YxauXsor_zyMJVxy8fLP2lf-IsYy1pgj_O-9iekzwi9W92ALjGEqfXdi.jpg
2025-05-28 12:34:42,560 - INFO - Fotoðraf indirildi: C:\Users\islim\OneDrive\Masaüstü\istanbul_trafik_analizi\backend\data\photos\AXQCQNT7tVIL2F3qI8-qsKTdLxqkj2fCWIN5RAjW6TUxigH-WhAx04mM2kDNjO0lK6NwrZwqQO-UmgXAQCF_b31VbP-u-vVh_VhG.jpg
2025-05-28 12:34:43,793 - INFO - Fotoðraf indirildi: C:\Users\islim\OneDrive\Masaüstü\istanbul_trafik_analizi\backend\data\photos\AXQCQNQUGaCZ613ekH2x8Na-9oulp9dbLbGQXi7o05mc9IqxQJtIRMrhIJKFgVhsJe3TnGmmtnlaA3OuigSciHfAPaabydTD00En.jpg
2025-05-28 12:34:45,248 - INFO - Fotoðraf indirildi: C:\Users\islim\OneDrive\Masaüstü\istanbul_trafik_analizi\backend\data\photos\AXQCQNQnJgTCKyX9ogB00KJNju2V1vwfTls_1tYuH0kt4MPxKbJ8d4vCpHtmt8TTGO-5xwJ1bIvsYBQ9DFtew29DdlYQijJbRYu6.jpg
2025-05-28 12:34:46,756 - INFO - Fotoðraf indirildi: C:\Users\islim\OneDrive\Masaüstü\istanbul_trafik_analizi\backend\data\photos\AXQCQNTUJlrUdvnNfzNx1SA0THDOF0YSnC2kVt9uf_pwbuLpPfKMNaVbI4DGJklDLXWhoYuwTLTwThDzeLtEfOnubqWQjhNaSkEq.jpg
2025-05-28 12:34:47,949 - INFO - Fotoðraf indirildi: C:\Users\islim\OneDrive\Masaüstü\istanbul_trafik_analizi\backend\data\photos\AXQCQNTfvVfO0cha7kxUv5yx9Wo_xLvledZ4UF5GWJdT2TyRnVqXzhGZ5RfFED3OnbnCArtw5Ufi9klZaRAWaTz3VeLMtF7b-HfU.jpg
2025-05-28 12:34:49,531 - INFO - Fotoðraf indirildi: C:\Users\islim\OneDrive\Masaüstü\istanbul_trafik_analizi\backend\data\photos\AXQCQNRIJZeIQ0LR1xFNDant5oIxV1LrZbaNdQuBFXh6FNQo-loeaed4KWJoKgl5GOveU3TMhNfd6FaUdb9CrFVfWeNEy3kWsE8e.jpg
2025-05-28 12:34:51,262 - INFO - Fotoðraf indirildi: C:\Users\islim\OneDrive\Masaüstü\istanbul_trafik_analizi\backend\data\photos\AXQCQNRueYtQaNa90x9dxel4dEC0MR6mHvZDIpIgrsE8FmuF1uFiarxEbtpxKRYn-dxmV8WFKKkC4YM4Ww6QOsRD6jjWDHfQEuas.jpg
2025-05-28 12:34:51,278 - INFO - Mekan iþlendi: Rumeli Cafe & Restaurant
2025-05-28 12:34:53,507 - INFO - Detay çekilen mekan: Köþk 1981 fish meat restaurant
2025-05-28 12:34:54,886 - INFO - Fotoðraf indirildi: C:\Users\islim\OneDrive\Masaüstü\istanbul_trafik_analizi\backend\data\photos\AXQCQNSHHFNtQ6GeEY8UjV5EyDcW069ns2_c1rFETKtzpN3JCkj700014goy3oriQublJ8DyP0rEl2VGAMOLxAdzMp0vGZ2ggpsz.jpg
2025-05-28 12:34:56,001 - INFO - Fotoðraf indirildi: C:\Users\islim\OneDrive\Masaüstü\istanbul_trafik_analizi\backend\data\photos\AXQCQNT49A8RvP1mVW-YF8O7tuQwRnmNeknhuG3vD_vA3cNr0qGTcWb0oXuZF2bQAhfEptPH09LiGguGuy1m56frfSExiulpwnUK.jpg
2025-05-28 12:34:56,993 - INFO - Fotoðraf indirildi: C:\Users\islim\OneDrive\Masaüstü\istanbul_trafik_analizi\backend\data\photos\AXQCQNQ146zTHQTtajC5_pjlZjHHwUXYig9WDZLf-lp2JM7h2tl9o7AfDK2mHHdeI1AZXMiCpDxSHmei0BVg1mUHYxoSkDd0e8hX.jpg
2025-05-28 12:34:58,187 - INFO - Fotoðraf indirildi: C:\Users\islim\OneDrive\Masaüstü\istanbul_trafik_analizi\backend\data\photos\AXQCQNTcCEA6Du77FHfFjB-qjTBNuIZK-X4-0Ye7K0iAbiI1PvuTZlqgvxf-OFwj7bL6pKnE4PbodEgSM3FMDo6VY574LEVGp9cP.jpg
2025-05-28 12:34:59,622 - INFO - Fotoðraf indirildi: C:\Users\islim\OneDrive\Masaüstü\istanbul_trafik_analizi\backend\data\photos\AXQCQNTtK50wtv2gKOWNvs_lSNeF3WC8ar9NXTjxASEBIMbLvvzZiLOi9F9CyZMI32qA-vI1FPq-pLnpiBzwV-7B0B1KkPlbh0-g.jpg
2025-05-28 12:35:01,479 - INFO - Fotoðraf indirildi: C:\Users\islim\OneDrive\Masaüstü\istanbul_trafik_analizi\backend\data\photos\AXQCQNRak12ITcPIXNEHPopjnCoEWlRCDwdQUn-TaWb_dIZVEJ_Wr1wmmT8LrWXK_80Hq2HmjUBizXWL4XRUhxOzSmjaT5RtkRYU.jpg
2025-05-28 12:35:02,744 - INFO - Fotoðraf indirildi: C:\Users\islim\OneDrive\Masaüstü\istanbul_trafik_analizi\backend\data\photos\AXQCQNSToLrqvlXfU0jwRX1-mpkVe2oq8Q8ARGuhjHm1SpPmgP0ba59hzbIGO4Q0rpCppw8_YL0wYVRaQjcIzRDDCM2RWv4-bxi8.jpg
2025-05-28 12:35:04,058 - INFO - Fotoðraf indirildi: C:\Users\islim\OneDrive\Masaüstü\istanbul_trafik_analizi\backend\data\photos\AXQCQNQfPFo1eJePvSXvsXLVR41pasYAC77PuwXpzBrAydOumh8qsHy8Q-FZdOjlygBp0v7P9VtKneHf_BDa3r_TivgaXhyKd9uM.jpg
2025-05-28 12:35:05,378 - INFO - Fotoðraf indirildi: C:\Users\islim\OneDrive\Masaüstü\istanbul_trafik_analizi\backend\data\photos\AXQCQNT0qqBkwe4-S9RAs39vHnQZd0EPazISnxqFQeYzAgOug1sgFUdE5g7H3jl8TesmnLmwamobTPWEDtX8fyAG20-Fekyiy8D0.jpg
2025-05-28 12:35:06,538 - INFO - Fotoðraf indirildi: C:\Users\islim\OneDrive\Masaüstü\istanbul_trafik_analizi\backend\data\photos\AXQCQNSsULZWarI6hrMZrnpXenrTcjqwv911xknW5LN8Xf_M-OW6cIPgfDPaEG63qqNhAcuJ_359VgtiVUlnNw2oVC3c1AF674UW.jpg
2025-05-28 12:35:06,558 - INFO - Mekan iþlendi: Köþk 1981 fish meat restaurant
2025-05-28 12:35:08,716 - INFO - Detay çekilen mekan: Khorasani Restaurant
2025-05-28 12:35:10,197 - INFO - Fotoðraf indirildi: C:\Users\islim\OneDrive\Masaüstü\istanbul_trafik_analizi\backend\data\photos\AXQCQNTsz9ULuW83k7EeubLN8yziUzzGZk8J_h05AzhQ9RRamAgO42VCaR6CgdwEP7zKZ-rfL9Teq_eeqkDhao-OaAqM2XOUAK5R.jpg
2025-05-28 12:35:11,519 - INFO - Fotoðraf indirildi: C:\Users\islim\OneDrive\Masaüstü\istanbul_trafik_analizi\backend\data\photos\AXQCQNRoB_WFmNiso74qICAyTEgo0Kavk70j61aH-Az-zkZRv-GMSlz1YFCk-KeE2qMvai_brsFRCrdmDFI8xCf_WDfZARlFJbFU.jpg
2025-05-28 12:35:12,613 - INFO - Fotoðraf indirildi: C:\Users\islim\OneDrive\Masaüstü\istanbul_trafik_analizi\backend\data\photos\AXQCQNQ4FEymmFhhR41ULuRSpO1ABGJVkArcl-KEAoxrZ1BIl1FjSClMgixp7aqiaez_xsVd5BCI1wZT1p8boMfxUJWCJwXa-yiS.jpg
2025-05-28 12:35:13,552 - INFO - Fotoðraf indirildi: C:\Users\islim\OneDrive\Masaüstü\istanbul_trafik_analizi\backend\data\photos\AXQCQNQrDoduuaVuxBow8-QvJhwOelf_tfcnfKW4pbRncacBgblVlgICshJLLH_aGC8vajlszyTjqKHjs4fCn1FFEiAz4bwe8G5u.jpg
2025-05-28 12:35:14,606 - INFO - Fotoðraf indirildi: C:\Users\islim\OneDrive\Masaüstü\istanbul_trafik_analizi\backend\data\photos\AXQCQNTMXfOtYZd_1pwfVxtYA9l65LcyxjJYhXZaN1NRhCWLmNYcj0sTdg7xtlmbj-Bv_yl7h-ydLWfLCSKkDKQpb6mRIowlmrnB.jpg
2025-05-28 12:35:16,209 - INFO - Fotoðraf indirildi: C:\Users\islim\OneDrive\Masaüstü\istanbul_trafik_analizi\backend\data\photos\AXQCQNQYPZwVvy7xZ0hTQ8T2Y8NQ8xCw16Vd_ZG0qyigfkM7Hatlb0m_DjaKjpUW2LCe2JIGyaJ0rroaEbuPgS0fVUSIzYIY_72K.jpg
2025-05-28 12:35:17,612 - INFO - Fotoðraf indirildi: C:\Users\islim\OneDrive\Masaüstü\istanbul_trafik_analizi\backend\data\photos\AXQCQNSA2X7AwaLgkVb4LOrEQc50Sxceh-4cQmYVFuALnHmO8cJeKgHQGbFf0kNPkTeDW-obX7Jery3J7zpdKExz3qKHOvNbL-X0.jpg
2025-05-28 12:35:19,080 - INFO - Fotoðraf indirildi: C:\Users\islim\OneDrive\Masaüstü\istanbul_trafik_analizi\backend\data\photos\AXQCQNReStpRlzX5ZPMAYjU_mYYMcVzcdfysFAXoN6w8UCCjha50jmRDLPvGgx29X6dkq1ZsNcNk_uspfsGwqyReCEdM9-lf8uoQ.jpg
2025-05-28 12:35:20,300 - INFO - Fotoðraf indirildi: C:\Users\islim\OneDrive\Masaüstü\istanbul_trafik_analizi\backend\data\photos\AXQCQNQ7Ik3NEf7yNfoj0t16WqDjRpz1Q3I1Lyd6_K1L5ClFkuicu6TiyVDtV3qkXPcJz4ERg0kdJDHdP1LQkRk729G6eYQijJP7.jpg
2025-05-28 12:35:22,044 - INFO - Fotoðraf indirildi: C:\Users\islim\OneDrive\Masaüstü\istanbul_trafik_analizi\backend\data\photos\AXQCQNRuIk4pDKpJY3H2Yj0nPeYhE0lXfjtuOdhKMapmrWgigs11dBgfDwqaejDG-YH914vX1VGm33e-ZbnImc13658-NArLcCUe.jpg
2025-05-28 12:35:22,044 - INFO - Mekan iþlendi: Khorasani Restaurant
2025-05-28 12:35:24,211 - INFO - Detay çekilen mekan: Old House Restaurant Terrace
2025-05-28 12:35:25,336 - INFO - Fotoðraf indirildi: C:\Users\islim\OneDrive\Masaüstü\istanbul_trafik_analizi\backend\data\photos\AXQCQNSxrLug_4knj6ibxsOrTMi8NX8YPmZmM95uiv-VcSZZSd8xqwCCUy69crHEelMgczZYbWqbgl070IPPB9qKlbHlgsW4qGA8.jpg
2025-05-28 12:35:26,607 - INFO - Fotoðraf indirildi: C:\Users\islim\OneDrive\Masaüstü\istanbul_trafik_analizi\backend\data\photos\AXQCQNSwTPkimohy2TgrTX66LgK9iTNdWbhE_rK4CduS_56Grm90fwhZSlCoAPknGrM-tJr5Qj1NAuTNp-cpb9gTsSI6n1nKZETG.jpg
2025-05-28 12:35:27,994 - INFO - Fotoðraf indirildi: C:\Users\islim\OneDrive\Masaüstü\istanbul_trafik_analizi\backend\data\photos\AXQCQNSuus_cK6xqBqL8ISR5DukOrGoh8ez_cy9jWE0eov2R9fVMnt1jx_5CCQXWaenJp5O81ea8Hy7xEvGEHef7hmuXapCK-QYK.jpg
2025-05-28 12:35:29,552 - INFO - Fotoðraf indirildi: C:\Users\islim\OneDrive\Masaüstü\istanbul_trafik_analizi\backend\data\photos\AXQCQNRCVz5p5ZOscr2MpHo__s7WPvGCAWi29m4xeQcs57ElNJdfeAJpg760sJg7uu71yfOLE9OMYagxMYhwmEwj_bUt8HPr3gq3.jpg
2025-05-28 12:35:30,710 - INFO - Fotoðraf indirildi: C:\Users\islim\OneDrive\Masaüstü\istanbul_trafik_analizi\backend\data\photos\AXQCQNQ9XB4tOw88io5MFx0gPLJQgRmqAZQC9eEBzONOjnTqwEZXYE1nQK1PmKjPod3A9DAlpMQ_Pe6VgZf0Yc6tBUF1tpj4ce0S.jpg
2025-05-28 12:35:32,216 - INFO - Fotoðraf indirildi: C:\Users\islim\OneDrive\Masaüstü\istanbul_trafik_analizi\backend\data\photos\AXQCQNRQFo6ZYllxINt923l7J3KCYvogJRDKJdIgPq3HQ7VT_kADOxrlE_b-CuVTGl_PDJ-QvmCrV8ylx9cwKKxcQjGirnE5O0OG.jpg
2025-05-28 12:35:33,414 - INFO - Fotoðraf indirildi: C:\Users\islim\OneDrive\Masaüstü\istanbul_trafik_analizi\backend\data\photos\AXQCQNQ9miaExpaqPoN0LJ8smZo0N8lq66fIivRgJz-JvUquF5k_k12a4azczrgFW3aouUZotmAcftViyY4zu4hKk8FjP7dRoVdT.jpg
2025-05-28 12:35:34,810 - INFO - Fotoðraf indirildi: C:\Users\islim\OneDrive\Masaüstü\istanbul_trafik_analizi\backend\data\photos\AXQCQNQv35rqSog-LzxDC6cAfWtYiRVi5pJv9_avlkITIIeD7SKTYEtkbTC2QAPZqaAVSmft9yjBZK1RsLOd16WSDYPw1k3dkjrA.jpg
2025-05-28 12:35:36,051 - INFO - Fotoðraf indirildi: C:\Users\islim\OneDrive\Masaüstü\istanbul_trafik_analizi\backend\data\photos\AXQCQNQ56JTQzE0kXdj_u6siTlLgBW6SYLaJonQQBi1HBmPeFefrrs7sY7gRHnkPXwycVnqUThWc_gsWePXgXdON80hF4KCFzVce.jpg
2025-05-28 12:35:37,625 - INFO - Fotoðraf indirildi: C:\Users\islim\OneDrive\Masaüstü\istanbul_trafik_analizi\backend\data\photos\AXQCQNRULAZJMneIC7fFHuF0NOSntG4dATY5hlkS9vPvuTNvVD3UchB6HlwOkzNkxOXTjpHJ-1SMeFjSl4fEIXEARL1MR6E4ykfC.jpg
2025-05-28 12:35:37,641 - INFO - Mekan iþlendi: Old House Restaurant Terrace
2025-05-28 12:35:39,803 - INFO - Detay çekilen mekan: Lale sultan Restaurant
2025-05-28 12:35:42,798 - INFO - Fotoðraf indirildi: C:\Users\islim\OneDrive\Masaüstü\istanbul_trafik_analizi\backend\data\photos\AXQCQNSRl4jLqBD267M0x2YaMsS07dDfBuYoyitnq3O6HkQO_1d2MexGHDKBYHlR3aajZ0Xb37Y7vTnBerJogzxkM-rFw0lQPBSJ.jpg
2025-05-28 12:35:44,235 - INFO - Fotoðraf indirildi: C:\Users\islim\OneDrive\Masaüstü\istanbul_trafik_analizi\backend\data\photos\AXQCQNSSNpkrIxnUjQqRJswqe1xRToX6Ux2sXVk7m4sHzoOKIkHh164SZQI_YdoLrIVS8jePolcU1TuSbOWdQNUCyAalXMhQcSxW.jpg
2025-05-28 12:35:45,232 - INFO - Fotoðraf indirildi: C:\Users\islim\OneDrive\Masaüstü\istanbul_trafik_analizi\backend\data\photos\AXQCQNTh_O-sdRiLoMZO93k0HEv0cJEQpn2K68gzBlVzg7N4jkZss4Yj8CEWuwHLdgKNRH8440ZkJJl-wknkdC2OjP4AQt2VGUkY.jpg
2025-05-28 12:35:46,461 - INFO - Fotoðraf indirildi: C:\Users\islim\OneDrive\Masaüstü\istanbul_trafik_analizi\backend\data\photos\AXQCQNR_Tsiwv5XoxqWDxrB22yzLLY8evuae6VkQutnRCKyobB1j9PCns2MMh0lMqyOLZbamc2xDWxvAlgxsG8exGSoW_vr8kBZ_.jpg
2025-05-28 12:35:47,766 - INFO - Fotoðraf indirildi: C:\Users\islim\OneDrive\Masaüstü\istanbul_trafik_analizi\backend\data\photos\AXQCQNToHNbRk-Xq3XhlImb984YyLtQSNL4RspNNKZijUFL8ctbXai591KZ03XGcmDYWNemR5XGi1DR1U74LBEhdF63WU2Gg6LJG.jpg
2025-05-28 12:35:49,027 - INFO - Fotoðraf indirildi: C:\Users\islim\OneDrive\Masaüstü\istanbul_trafik_analizi\backend\data\photos\AXQCQNQ6g8vjgqJ8eZw5cdV3RhhgY9oKZtwojjV79mH7dCoOLEgVrGBKnAXa5D9YJDg-IEZQAIuFmgKUkxAHDhU4kWa2N3sTvbjs.jpg
2025-05-28 12:35:50,084 - INFO - Fotoðraf indirildi: C:\Users\islim\OneDrive\Masaüstü\istanbul_trafik_analizi\backend\data\photos\AXQCQNT9QZrFfQNsTUyi1-AoffrEEpOEKtHEeSHs_JUNydLl3_Zu6vuJ0DRL6pBKf79uMbrzQz67s5vDzJ_YfWPKoM7i_ZH3BvR3.jpg
2025-05-28 12:35:51,096 - INFO - Fotoðraf indirildi: C:\Users\islim\OneDrive\Masaüstü\istanbul_trafik_analizi\backend\data\photos\AXQCQNTvOirdwWWcVXSTDbmu2bbu3pmYc1IeNX750mF6kbU-m7ipxFE2p6s65G19kVk_KtToIpLJ1xL75O6YGyzabP6F5czsiVz6.jpg
2025-05-28 12:35:52,228 - INFO - Fotoðraf indirildi: C:\Users\islim\OneDrive\Masaüstü\istanbul_trafik_analizi\backend\data\photos\AXQCQNTwv4wMG19qVyLL4c1XQjlt9cUWrSwc8Jeuzcw4Krm2HcWsYf_2bqKsY3C6AFdP-PcMIcrpV_L1xQLPHrJcvS4hskA1-357.jpg
2025-05-28 12:35:53,811 - INFO - Fotoðraf indirildi: C:\Users\islim\OneDrive\Masaüstü\istanbul_trafik_analizi\backend\data\photos\AXQCQNQMj0CEfTDcv43mveoHkyGxAx-W-MmOAFsjBIfLz0VKpX-PtlD4c5AE88nnycXI99nthnFeVY1Wv1cD2cev3FQWfmPyYkb8.jpg
2025-05-28 12:35:53,813 - INFO - Mekan iþlendi: Lale sultan Restaurant
2025-05-28 12:35:55,982 - INFO - Detay çekilen mekan: Esto Restaurant
2025-05-28 12:35:57,222 - INFO - Fotoðraf indirildi: C:\Users\islim\OneDrive\Masaüstü\istanbul_trafik_analizi\backend\data\photos\AXQCQNQE-hJs5ya69YgwzdjzfuCx9crh5Gpbogj3H5t_LXBg6KDZRg5Shey6VlnzMn3n-hM8mLSksQ0iCHw3HUSd3CbVRtnAq20K.jpg
2025-05-28 12:35:58,264 - INFO - Fotoðraf indirildi: C:\Users\islim\OneDrive\Masaüstü\istanbul_trafik_analizi\backend\data\photos\AXQCQNSjKPCPZbO_IcipQ4tJQWRm3uXzoX28fbkRpfNzFGCgu87xwHVIDYjFchZ-oVASP6gviZR1vLBSmzhrTQZj1cVm9nCfvNSn.jpg
2025-05-28 12:36:00,014 - INFO - Fotoðraf indirildi: C:\Users\islim\OneDrive\Masaüstü\istanbul_trafik_analizi\backend\data\photos\AXQCQNTYDY7NjocJ7mfOeY0LLP38TdlIE3oklwGWnUT0jC30tl7_HyvBgxyEfZRnpHnvlIRivg94lWLzhZzOGktKi0d1CZcE-5vQ.jpg
2025-05-28 12:36:01,315 - INFO - Fotoðraf indirildi: C:\Users\islim\OneDrive\Masaüstü\istanbul_trafik_analizi\backend\data\photos\AXQCQNTyZVrnXX8-OUY313tCQHNgTE4yCiY9E0wHI0M_6oCjJsVlMI3mEPZ-FAbyjlO-Myj3xgCjCTzY4LzeqZpZhDdQT-IjLhgL.jpg
2025-05-28 12:36:02,799 - INFO - Fotoðraf indirildi: C:\Users\islim\OneDrive\Masaüstü\istanbul_trafik_analizi\backend\data\photos\AXQCQNRpIWUzUuIAyKoFWXxnraPXG8eei35Dr3NY2jioML-DVrl8i_H2CtADxxoNY3CHnoUk1d8Lwx78MWqrb6xb856R0FYzQzF_.jpg
2025-05-28 12:36:04,150 - INFO - Fotoðraf indirildi: C:\Users\islim\OneDrive\Masaüstü\istanbul_trafik_analizi\backend\data\photos\AXQCQNSb2B2ABisIKEX35rXYF_lkC2vf0FH4FFPs9AHHp2nQUFLur3peFSZs0DIOlzcTdZiNxG0dRK5feBTC2ve1YsmOjIgwB_Yx.jpg
2025-05-28 12:36:05,356 - INFO - Fotoðraf indirildi: C:\Users\islim\OneDrive\Masaüstü\istanbul_trafik_analizi\backend\data\photos\AXQCQNSFkJdJXtXY95g9P5_0KafjiB23wt33NTqd1KTYDkAegX-USmW6FssBl148w5HvONDlOjkSkon9-ICPGmARMjxh6YAi9sVp.jpg
2025-05-28 12:36:06,406 - INFO - Fotoðraf indirildi: C:\Users\islim\OneDrive\Masaüstü\istanbul_trafik_analizi\backend\data\photos\AXQCQNQwXjnpiVCLZiMZlRu9kluiV1xJsYo_lcAXtPqZ7MEgFrHyQUZUWvcDJeJLdqOU0NMzOxh5iEVXgN4XQiPQs7Lw80tbOCLu.jpg
2025-05-28 12:36:07,632 - INFO - Fotoðraf indirildi: C:\Users\islim\OneDrive\Masaüstü\istanbul_trafik_analizi\backend\data\photos\AXQCQNREJndcqmG59ZiFwpohtpywa-jP9crGPV2lwnzHEMeq6z-0iC14polx8Dn79CIncVSsC20JcwBqsIM8CeuRnfIv7gGxx9K3.jpg
2025-05-28 12:36:08,795 - INFO - Fotoðraf indirildi: C:\Users\islim\OneDrive\Masaüstü\istanbul_trafik_analizi\backend\data\photos\AXQCQNTIYRFCxxDoKzbjDgvZAqQEOVtPAlJcp7hr2hV6AqpaWBJpnLq6984ghmX5hARUP_Pcp9MbpNyVtO8ziCYGdF0_7cfzkX5S.jpg
2025-05-28 12:36:08,801 - INFO - Mekan iþlendi: Esto Restaurant
2025-05-28 12:36:10,974 - INFO - Detay çekilen mekan: Emek Saray Restaurant
2025-05-28 12:36:11,940 - INFO - Fotoðraf indirildi: C:\Users\islim\OneDrive\Masaüstü\istanbul_trafik_analizi\backend\data\photos\AXQCQNSXCjbGDhs2w7yXovLJKgCIoDvsVIYp6cq-yYlhFjU7MvSBYONnXtWQCIKyCRVA-upAVMiiMji0UPfOlYGIZ_0RWksgb6Me.jpg
2025-05-28 12:36:13,088 - INFO - Fotoðraf indirildi: C:\Users\islim\OneDrive\Masaüstü\istanbul_trafik_analizi\backend\data\photos\AXQCQNTXJ7blvl00Q8EB4QJson9dzeHwIZfJZG5Aph0HSph-XzmV_ug1e6RPPaSnol6zSTSVm1rKxfjkTLgHrXbmvOgKxGKAsFpj.jpg
2025-05-28 12:36:14,097 - INFO - Fotoðraf indirildi: C:\Users\islim\OneDrive\Masaüstü\istanbul_trafik_analizi\backend\data\photos\AXQCQNTGpmN7L1BYgpmJAmDiynrjiBFBwWlBpTuMLfT4DLTtJCbU66iEn20ummVO4dDye911YgmJ6AfrKcBBQnfzIKkzhM-IC3pn.jpg
2025-05-28 12:36:15,421 - INFO - Fotoðraf indirildi: C:\Users\islim\OneDrive\Masaüstü\istanbul_trafik_analizi\backend\data\photos\AXQCQNTEf-QOHMsynV7LqBKXajYea1ctCLOGOCgGzVXd0PkyQ2RFOZjTvOUNZC40YaDazNv3ccEhHV0CWiAlXdHM-ExisSSHws7Y.jpg
2025-05-28 12:36:16,976 - INFO - Fotoðraf indirildi: C:\Users\islim\OneDrive\Masaüstü\istanbul_trafik_analizi\backend\data\photos\AXQCQNRakCu_V8gxh5xB-KKvr6k7cAEg-9-irNX4lIJSE-T-EUUQ2e4BWGIChrbXqEoFvqc409hj6G7cknymvEulXiqlc63xuHku.jpg
2025-05-28 12:36:18,190 - INFO - Fotoðraf indirildi: C:\Users\islim\OneDrive\Masaüstü\istanbul_trafik_analizi\backend\data\photos\AXQCQNTuW2OKdsLk9y7ixMGskoiBA0E82eAqeIuGzEt9Hf0QM1arw4hLKnbOcDdXC4ZI08-vt1JxJCJJJqEzjGktKP-ENnP9heCh.jpg
2025-05-28 12:36:19,354 - INFO - Fotoðraf indirildi: C:\Users\islim\OneDrive\Masaüstü\istanbul_trafik_analizi\backend\data\photos\AXQCQNRvaad8BoeoocFco4HP8WlpnhtSb164tquvuuJiH7-RagKEUcx29oPLLPOefqTmqTKombV0TiVzo7EWbqh6E39iYLG15wVm.jpg
2025-05-28 12:36:20,753 - INFO - Fotoðraf indirildi: C:\Users\islim\OneDrive\Masaüstü\istanbul_trafik_analizi\backend\data\photos\AXQCQNTcr8FgH5O014CPCTSSGF86pBPGAfgreKNuCTcCoLbAKTAGHXtL1K1-h7iGAQ5TTtgcSDniAyFFZdFa3koYbBdKTCJAWF0J.jpg
2025-05-28 12:36:22,094 - INFO - Fotoðraf indirildi: C:\Users\islim\OneDrive\Masaüstü\istanbul_trafik_analizi\backend\data\photos\AXQCQNSFPEQ_DXsg8cQKqIK9PJmoJEm85x_Cm0QJaUEddk4wtnrtccvF2ik15U8JT1le1DYTmXK5eGZihQYhUwsgbvzduZgc6Xjy.jpg
2025-05-28 12:36:23,437 - INFO - Fotoðraf indirildi: C:\Users\islim\OneDrive\Masaüstü\istanbul_trafik_analizi\backend\data\photos\AXQCQNSKSp7VQ1X2hZSTXjCJSGw6TtXnUpI04IWBrzkC10O15ASYu7p0oQp4IhPVTOeD_pPJWyUdp6R3miuYGtAy08IzfS8Q1E8n.jpg
2025-05-28 12:36:23,440 - INFO - Mekan iþlendi: Emek Saray Restaurant
2025-05-28 12:36:25,636 - INFO - Detay çekilen mekan: Roof Panorama Ýstanbul
2025-05-28 12:36:27,126 - INFO - Fotoðraf indirildi: C:\Users\islim\OneDrive\Masaüstü\istanbul_trafik_analizi\backend\data\photos\AXQCQNRdca5kwhuo19cd17g9N7Ew8G4eX3yITYvCCeFSGBwhkV0Ir3O6bvqDAKRoOzM6lMo_54033npe2-J__tNSZ2GicR3aZIXN.jpg
2025-05-28 12:36:28,332 - INFO - Fotoðraf indirildi: C:\Users\islim\OneDrive\Masaüstü\istanbul_trafik_analizi\backend\data\photos\AXQCQNS4KIYHdvcqX3T2iPY8_vHE3C33MZbDhprS5qb8PEZeW4tLOK7lHw1MwyupyqIVYZGSGdZianLIIUYHFl6wgSxPzI00kmYJ.jpg
2025-05-28 12:36:29,942 - INFO - Fotoðraf indirildi: C:\Users\islim\OneDrive\Masaüstü\istanbul_trafik_analizi\backend\data\photos\AXQCQNRiu1AFmrM6Oo-cU0EZCgLoUU-BZb_iTDC4kcPTRIfprvuyaVfQChB3Rdp_pGQWH_u4xamwD-Y8O_ZrAk40cGKm2kRElCGR.jpg
2025-05-28 12:36:31,567 - INFO - Fotoðraf indirildi: C:\Users\islim\OneDrive\Masaüstü\istanbul_trafik_analizi\backend\data\photos\AXQCQNTIkM_hVGMnbYsq5q5MMidCfpMn-ZpU7EZ0kFK2U9_A8vFa-UaQ0VWpsBo8rZ8HFEMjK5hVxCePu-OsMvE4LNmLJIZ3EaOW.jpg
2025-05-28 12:36:33,530 - INFO - Fotoðraf indirildi: C:\Users\islim\OneDrive\Masaüstü\istanbul_trafik_analizi\backend\data\photos\AXQCQNQgY9RBTdatLvLO5SMKZaPvNa9_qFXMOj0nJf3lm4cG49Lbe8o9olLxon5y25RVPQAo8sPSPVhT07K78yc6UrPo9JfviZuO.jpg
2025-05-28 12:36:34,845 - INFO - Fotoðraf indirildi: C:\Users\islim\OneDrive\Masaüstü\istanbul_trafik_analizi\backend\data\photos\AXQCQNRDPG7RWb-7plW8kvXT8FRB42tRU1dR1ljnBfB5CDnWnCazvquTGS6Q8i1uDeljfs29WilIA1WDyBKfgKcTZzYOQUi84j9_.jpg
2025-05-28 12:36:36,104 - INFO - Fotoðraf indirildi: C:\Users\islim\OneDrive\Masaüstü\istanbul_trafik_analizi\backend\data\photos\AXQCQNS5zctz8TFsamPa69Yv9mpkw21amQEf1eiJsxCRsLqrYZi0s0coZ40f1g20om0a8W3U6ltSvlH-i7IzBy0Ji9jKmCvYzl-h.jpg
2025-05-28 12:36:37,091 - INFO - Fotoðraf indirildi: C:\Users\islim\OneDrive\Masaüstü\istanbul_trafik_analizi\backend\data\photos\AXQCQNTwKJ3v9WobN2xXzfmZnAWtifOsjlnfU7wejmE6g7Tr7fdDJT1RFoee_XQsznflzAqa0GdmuzvJfv0sRjHV9ImJ9akXQo_I.jpg
2025-05-28 12:36:38,820 - INFO - Fotoðraf indirildi: C:\Users\islim\OneDrive\Masaüstü\istanbul_trafik_analizi\backend\data\photos\AXQCQNQchKvK6_qzZoCQ0TOdJBr1MjkI6vLvXuRhYhrnC0ZtG3j8ZRtCrp4_kA3KJzwL6FgyNINwbZByJ6TzbZhHMv_BloN2ct2S.jpg
2025-05-28 12:36:39,897 - INFO - Fotoðraf indirildi: C:\Users\islim\OneDrive\Masaüstü\istanbul_trafik_analizi\backend\data\photos\AXQCQNQy-9CJbkrmLF-VXAvTVwAwhxJjQSrlWHaqLeM1uN2zHFXnULaeuqAwDZni31PkW_vKdiHAlJcXbupDFJxs2DgSiNaNhCpO.jpg
2025-05-28 12:36:39,903 - INFO - Mekan iþlendi: Roof Panorama Ýstanbul
2025-05-28 12:36:42,057 - INFO - Detay çekilen mekan: Cozy Garden Fish And Meat Restaurant
2025-05-28 12:36:43,618 - INFO - Fotoðraf indirildi: C:\Users\islim\OneDrive\Masaüstü\istanbul_trafik_analizi\backend\data\photos\AXQCQNRdlWg_i6Lv7mjleFMnvU8mLX2eW328QIRv8YNMZJ5atEcB-_SApBic6Yl-EaKzZrrMdxKxE3mBknGfXnC6B-Ki7qprx4GO.jpg
2025-05-28 12:36:44,796 - INFO - Fotoðraf indirildi: C:\Users\islim\OneDrive\Masaüstü\istanbul_trafik_analizi\backend\data\photos\AXQCQNQlqIwzswyy4q2fR4OtC2QILlXkU8VwIAbIxUm_LBjmC--iWI9pl6PjY5Xn4ZpikrPRzxrJjJH1Ab6WKkEGNJoABNF_XZWb.jpg
2025-05-28 12:36:46,450 - INFO - Fotoðraf indirildi: C:\Users\islim\OneDrive\Masaüstü\istanbul_trafik_analizi\backend\data\photos\AXQCQNQr3rf4FOE64TCDGJAajDp-XplxqefYFMj5aHHkjo8_FPaKCoQ_-uRf49vXjATNXTp10H3cravKVQ7U9jPggmJaCiE6uSak.jpg
2025-05-28 12:36:47,646 - INFO - Fotoðraf indirildi: C:\Users\islim\OneDrive\Masaüstü\istanbul_trafik_analizi\backend\data\photos\AXQCQNQtn8c627u3U15igbh8Acsf5nwHvt9ygaWSmNcuBWFxFTtUXptP2ccTMzzmuOvMwkBNaYavVF73c92k4zOaDtfmskM7JqRV.jpg
2025-05-28 12:36:49,011 - INFO - Fotoðraf indirildi: C:\Users\islim\OneDrive\Masaüstü\istanbul_trafik_analizi\backend\data\photos\AXQCQNSlQuiC4W-W1GM0QSq3fVPvfxRbnJczNbnGoSI1BJJ5BnXuZekqBWV9IYk5_FfDcNX084vg9OmY2NvaIy7nqTxE2oixqu5U.jpg
2025-05-28 12:36:50,302 - INFO - Fotoðraf indirildi: C:\Users\islim\OneDrive\Masaüstü\istanbul_trafik_analizi\backend\data\photos\AXQCQNQYvNQMUOcqyC_vSjwLyI1wy-f5bsThf1e4ofqEL-4hc3NW7xBKWuzEIdYjoolYd6SA7hXMI5NvZ8G59gurkBdnTPaDSWYO.jpg
2025-05-28 12:36:51,726 - INFO - Fotoðraf indirildi: C:\Users\islim\OneDrive\Masaüstü\istanbul_trafik_analizi\backend\data\photos\AXQCQNR3HRd0pv2CWaB5dXM0WmtvhQkQ15rqBcYLVGXPCL6zG_YNDQh6mUO9bGFwvZIHunw2rgGZD6Cs1UioV7fCayVFbYi5Zv13.jpg
2025-05-28 12:36:52,856 - INFO - Fotoðraf indirildi: C:\Users\islim\OneDrive\Masaüstü\istanbul_trafik_analizi\backend\data\photos\AXQCQNQ4qqm_hUhEpW2p5rdJNjeYwnq3GaLx6TWOaS7JQ6sk0ZSxmXF6naPWXE2W01QLpxSSv8Y0K_zlR2w-zv_MB4A1013BKsF2.jpg
2025-05-28 12:36:54,219 - INFO - Fotoðraf indirildi: C:\Users\islim\OneDrive\Masaüstü\istanbul_trafik_analizi\backend\data\photos\AXQCQNT54cKrDk5i7-tjddb1ugiYZJLCqSat-M3TNBmWDiROG-qMNNdbykyXsbziA57kOz2zo4Ja-FRE3JViFMFi3uUzDuWGwHsj.jpg
2025-05-28 12:36:56,154 - INFO - Fotoðraf indirildi: C:\Users\islim\OneDrive\Masaüstü\istanbul_trafik_analizi\backend\data\photos\AXQCQNQpZ7ZQo9hneOgQDMM5FgqVuAHMMgW-WFkeggXaTMHx_oZwEPAhDSDx0eVRToplrXBClYR9jSvmmlzcB7m3TEBot6eQ4IGj.jpg
2025-05-28 12:36:56,157 - INFO - Mekan iþlendi: Cozy Garden Fish And Meat Restaurant
2025-05-28 12:36:58,314 - INFO - Detay çekilen mekan: Erhan Restaurant
2025-05-28 12:36:59,510 - INFO - Fotoðraf indirildi: C:\Users\islim\OneDrive\Masaüstü\istanbul_trafik_analizi\backend\data\photos\AXQCQNTkm7yYnDv0Gz_AFEqtd2J6g3WpcqdzV9ExvpnbTlAEDlSOGxmj4nD-aRqDULm8qO8pOKDhxbPPoXnG_4NcXlLIL855OlJC.jpg
2025-05-28 12:37:01,143 - INFO - Fotoðraf indirildi: C:\Users\islim\OneDrive\Masaüstü\istanbul_trafik_analizi\backend\data\photos\AXQCQNSjUUyEoEQVuvmWAyyxpizGhIQv8VY-X2Ls8X7H9VoLhczbMpOPfrSavmWAtZk_wyXGiC36eDGASsySzseJWje6p001r0B3.jpg
2025-05-28 12:37:02,352 - INFO - Fotoðraf indirildi: C:\Users\islim\OneDrive\Masaüstü\istanbul_trafik_analizi\backend\data\photos\AXQCQNS0Turg-xvncmCcT4xRDGpOO78D-oxKqFf-gC1dTbzj82XWgFvuNuHDO49ODuB7AnKBtWF92QEkbLDYZUdMFn8JDgJR5n06.jpg
2025-05-28 12:37:03,963 - INFO - Fotoðraf indirildi: C:\Users\islim\OneDrive\Masaüstü\istanbul_trafik_analizi\backend\data\photos\AXQCQNRy-ynPreujX99UU0KU4cIOMm5NK6u23vEz8Jat8WcvmQ5jaKiR7Lf5nBg8pDWJbifH9-lCv7hVuXyqV94gEMRXj0CT8qYH.jpg
2025-05-28 12:37:05,478 - INFO - Fotoðraf indirildi: C:\Users\islim\OneDrive\Masaüstü\istanbul_trafik_analizi\backend\data\photos\AXQCQNR-M2VXp9nU95s2K90gdKzr6iP1zopfHdc6QbAj_6mM4L7tH5LbMwsVsqXtPd-og2ApeoFuuNc7D7L9gF-tgXvir_DX0tGa.jpg
2025-05-28 12:37:06,862 - INFO - Fotoðraf indirildi: C:\Users\islim\OneDrive\Masaüstü\istanbul_trafik_analizi\backend\data\photos\AXQCQNSeq-peY3Mg2USYyqNvM4FYujXtbOt0Z9kUpdQLJwCEYHR6-hWLZSoarucvxGMHefnJeFErWDtuyIR0ECUYGLIzVYwMgj-l.jpg
2025-05-28 12:37:08,290 - INFO - Fotoðraf indirildi: C:\Users\islim\OneDrive\Masaüstü\istanbul_trafik_analizi\backend\data\photos\AXQCQNS-BX-zWqgmkHSl0sRRzu1jKLpq0DS-G2Mxqs9ff00RUQB3z6UWyZelqyGGD7p7IejVPb3y_3plIZaWC_mbR7mzqeNDDk1_.jpg
2025-05-28 12:37:09,958 - INFO - Fotoðraf indirildi: C:\Users\islim\OneDrive\Masaüstü\istanbul_trafik_analizi\backend\data\photos\AXQCQNTxXbY_iQENc7LOMiZ3SfDtp8qpr5QoEVx3ey6r3MisQPOhoKJ1nMhyVI8dwfipG3j5X75FGWO1vH6gYWMDCXjHckYmsKX1.jpg
2025-05-28 12:37:11,895 - INFO - Fotoðraf indirildi: C:\Users\islim\OneDrive\Masaüstü\istanbul_trafik_analizi\backend\data\photos\AXQCQNTiJ9NYO2c4tTt1Gne74vvOoW2bVmHx5YOflHLPjNjZP9eWSLwJiRWcI_SSBqQjgqfk3N1kjABKdi2G-tgTRtjizGQlFv-2.jpg
2025-05-28 12:37:12,990 - INFO - Fotoðraf indirildi: C:\Users\islim\OneDrive\Masaüstü\istanbul_trafik_analizi\backend\data\photos\AXQCQNTIE0dopjqzvetpErwj7uvEf-7MXYXk9np78RiMFparntV8Ny84Me-aQX_S7nQCYffAf3G52kqMxbimEF_jojS_cNLFJOvv.jpg
2025-05-28 12:37:12,990 - INFO - Mekan iþlendi: Erhan Restaurant
2025-05-28 12:37:15,188 - INFO - Detay çekilen mekan: Turk Art Terrace Restaurant
2025-05-28 12:37:16,228 - INFO - Fotoðraf indirildi: C:\Users\islim\OneDrive\Masaüstü\istanbul_trafik_analizi\backend\data\photos\AXQCQNSkCFpVKv74K6pVBXBAyKYXlDEo_q3ROnGn1G5zXhsVlQePriFdyIw-_R0l3spv82s72RvlpzwHwbTSCVlBn-wfCMx3PwNg.jpg
2025-05-28 12:37:17,774 - INFO - Fotoðraf indirildi: C:\Users\islim\OneDrive\Masaüstü\istanbul_trafik_analizi\backend\data\photos\AXQCQNR-G4USSjabGgx03D8j_VXbA1NZglGKvAPXkGXqdhuSkeqA5DLPyZ4DRHNcPAwSk0_CTvuBkgqvJ2oi1inj9860cRu6U_Ia.jpg
2025-05-28 12:37:19,293 - INFO - Fotoðraf indirildi: C:\Users\islim\OneDrive\Masaüstü\istanbul_trafik_analizi\backend\data\photos\AXQCQNSI8k9aymMxYBKGLcGr-CBh3XqJFpy8_lGVMQ8EcgihezzIo7SO7-koyrwEdvNnW4gnw85egOzCNhI3lWbgZs4UvUkMcQbR.jpg
2025-05-28 12:37:20,402 - INFO - Fotoðraf indirildi: C:\Users\islim\OneDrive\Masaüstü\istanbul_trafik_analizi\backend\data\photos\AXQCQNTJyir7I_ywV76j_MJVOulnvcvY-GTScmnb5wlJ7urcT5qQ61kbuuGrF6rEn4oS6j2Q2AyeOhKTol3tdbWcrX2hfSK4m9JJ.jpg
2025-05-28 12:37:21,862 - INFO - Fotoðraf indirildi: C:\Users\islim\OneDrive\Masaüstü\istanbul_trafik_analizi\backend\data\photos\AXQCQNQWy1cSbnRFhRuJa8rfPvrajBqt_obBA0iVgxB16FE10YOGk5VxNaJ-N5tu68MyI4i5VhZDhHv1BUm9ZI-g8sLvdDy98d8T.jpg
2025-05-28 12:37:23,555 - INFO - Fotoðraf indirildi: C:\Users\islim\OneDrive\Masaüstü\istanbul_trafik_analizi\backend\data\photos\AXQCQNSN05SWfCDYFlEytutYa4JLAsSZTYi8fFp1kHmRCjhmh2cbzwSI2q-huvD8KR9jzBebpGpTmgqFOkOqoDlVu3zknzkBZDx7.jpg
2025-05-28 12:37:25,274 - INFO - Fotoðraf indirildi: C:\Users\islim\OneDrive\Masaüstü\istanbul_trafik_analizi\backend\data\photos\AXQCQNRTZQgkgYcLsTFFgmNCkGv2gM-0qrNp4EDQuLUHZPJzDRHIT0TYlMxKsnf-7QK9XPv6ZoLl3ycF56aqq7bXFvj-x1sDRum2.jpg
2025-05-28 12:37:26,413 - INFO - Fotoðraf indirildi: C:\Users\islim\OneDrive\Masaüstü\istanbul_trafik_analizi\backend\data\photos\AXQCQNT6TQI4tYewq7rJRgW-vg46oe0LG2ImYigtl2ZYwHRTUg5aJnxFb8DSTHBjkdWcYbglrdTQ9Xd-terpihD5n71dSEmVcUf-.jpg
2025-05-28 12:37:28,192 - INFO - Fotoðraf indirildi: C:\Users\islim\OneDrive\Masaüstü\istanbul_trafik_analizi\backend\data\photos\AXQCQNTxPsIo_IhUtZqLZy3YO3qVmP_4qQwEP1GdLb99P5PnJ9aNezPhGZD5a3cKu4xAkQjmWo_nAe1D3W-y4MJJeRPuHHKqzpPi.jpg
2025-05-28 12:37:29,605 - INFO - Fotoðraf indirildi: C:\Users\islim\OneDrive\Masaüstü\istanbul_trafik_analizi\backend\data\photos\AXQCQNThmGKlwFVVSuj_9Y-DZJPvya2Afs_Aori8V-xOlZsC3_sURlE3KWyIpr8Kr7KyFU60RAoBpkX1BFeQXhnm0IdepWd8Pk5R.jpg
2025-05-28 12:37:29,605 - INFO - Mekan iþlendi: Turk Art Terrace Restaurant
2025-05-28 12:37:31,795 - INFO - Detay çekilen mekan: Alemdar Restaurant & Cafe
2025-05-28 12:37:33,105 - INFO - Fotoðraf indirildi: C:\Users\islim\OneDrive\Masaüstü\istanbul_trafik_analizi\backend\data\photos\AXQCQNR3VNAfBaDOc6fl5BazT5pi-ylfZlSWwchcrgC13SXAhgKhd3MY3pXFK4nDbr9PdWWWswOv4T6_6uhIAMag6DEWr_XI78mo.jpg
2025-05-28 12:37:34,480 - INFO - Fotoðraf indirildi: C:\Users\islim\OneDrive\Masaüstü\istanbul_trafik_analizi\backend\data\photos\AXQCQNS_zhGWF1V-381MXvPlUxbrMZJdryBiz_GEr-cZUZfKu5yut-jN-K4b7coTPyy1dgaXl0aLIxPLRaKMlN--W2vZCUk75NQA.jpg
2025-05-28 12:37:35,572 - INFO - Fotoðraf indirildi: C:\Users\islim\OneDrive\Masaüstü\istanbul_trafik_analizi\backend\data\photos\AXQCQNQTS8SGivrIuj0uBKKdlON86pd8-cZqIBxOxFW1-xKYuuOvbys9fi7blLgFWVyVgSrslJtz1kBOYoyqAM2U1MNudXZkGEeY.jpg
2025-05-28 12:37:36,805 - INFO - Fotoðraf indirildi: C:\Users\islim\OneDrive\Masaüstü\istanbul_trafik_analizi\backend\data\photos\AXQCQNQ3uzxfFFBDtQDDuG0p5RBmOR5KTsSc1gVZ8idYpMMCgE_ssxqs2G4cgclDFSwef4FDMmesotwWj9ZJg7qsU00XQdvQQmzm.jpg
2025-05-28 12:37:38,134 - INFO - Fotoðraf indirildi: C:\Users\islim\OneDrive\Masaüstü\istanbul_trafik_analizi\backend\data\photos\AXQCQNRqLpjV9YNqnWPUw_0Esn86rsQq9S4FLa76WN0zXKYxvurAJ0CtysLXgg56sty3Pju615Mo0wLjKuqCNjFDNEUcvncWpdAx.jpg
2025-05-28 12:37:39,768 - INFO - Fotoðraf indirildi: C:\Users\islim\OneDrive\Masaüstü\istanbul_trafik_analizi\backend\data\photos\AXQCQNRHGHCvotyd2NQmC84p0c2aXJmK94BG3GN8bxK1Ekg7vLge0-Z4ZLC6ZyS4u2081LNaPfXduSi_CJo8smW7PVIoIAXdfuMK.jpg
2025-05-28 12:37:41,452 - INFO - Fotoðraf indirildi: C:\Users\islim\OneDrive\Masaüstü\istanbul_trafik_analizi\backend\data\photos\AXQCQNQousm2IplyEcBHln4nnQxAan2e1cUKpwfvOp7yfzd7efdvaXlcnTYSvlXme96LAde3KKCmme6OZ-K5EK309Z2nSiewbpoT.jpg
2025-05-28 12:37:42,952 - INFO - Fotoðraf indirildi: C:\Users\islim\OneDrive\Masaüstü\istanbul_trafik_analizi\backend\data\photos\AXQCQNS-8KGTD-rv04ByeK4_90JGIrUnu6cqLAxoyTKHJUujiVgjCdUKvktKPzZ5gumQtXLdILGwmwqxRiQ_bf8GS9jHRNas-Lkl.jpg
2025-05-28 12:37:44,518 - INFO - Fotoðraf indirildi: C:\Users\islim\OneDrive\Masaüstü\istanbul_trafik_analizi\backend\data\photos\AXQCQNScqqbUhglii2Ws3s_miEUEA-Tu2-Du6VCLIoDE-_ip9QsAM8qLRYsjUNB8uwEsYsG2-Kqu0liBgkufesJuCb8DBAZZKBHQ.jpg
2025-05-28 12:37:46,132 - INFO - Fotoðraf indirildi: C:\Users\islim\OneDrive\Masaüstü\istanbul_trafik_analizi\backend\data\photos\AXQCQNSFFyi_82gupfVy-Rbj8975FdlTuBmfutr133Hii-shPIuw9ehp2v4Ua6Kspn43Pc2wc6tkK1G_xLeJjjcxGINH-I_tvEOm.jpg
2025-05-28 12:37:46,135 - INFO - Mekan iþlendi: Alemdar Restaurant & Cafe
2025-05-28 12:37:48,322 - INFO - Detay çekilen mekan: Guney Restaurant
2025-06-07 18:17:59,974 - INFO - Klasörler oluþturuldu: C:\Users\islim\OneDrive\Masaüstü\istanbul_trafik_analizi\backend\data, C:\Users\islim\OneDrive\Masaüstü\istanbul_trafik_analizi\backend\data\photos
2025-06-07 18:17:59,976 - INFO - API queries_quota: 60
2025-06-07 18:18:00,834 - INFO - Google Maps API baþarýyla baþlatýldý
2025-06-07 18:18:00,834 - INFO - Oteller aranýyor...
2025-06-07 18:18:01,707 - INFO - API'dan dönen sonuç sayýsý: 20
2025-06-07 18:18:04,742 - INFO - API'dan dönen sonuç sayýsý: 20
2025-06-07 18:18:07,653 - INFO - API'dan dönen sonuç sayýsý: 20
2025-06-07 18:18:07,654 - INFO - Toplam çekilen mekan: 60
2025-06-07 18:18:07,856 - INFO - Detay çekilen mekan: ULUBAT CASTLE HOTEL
2025-06-07 18:18:09,414 - INFO - Fotoðraf indirildi: C:\Users\islim\OneDrive\Masaüstü\istanbul_trafik_analizi\backend\data\photos\AXQCQNRPaDx1kvqAn0McOF6yCLCjZNEknLaovqMQAzUmZGLqCMu0UPUTHuPIS1TjRmRn5dlGN9sIUj9A69sEh4Mbk750iLD90m30.jpg
2025-06-07 18:18:10,585 - INFO - Fotoðraf indirildi: C:\Users\islim\OneDrive\Masaüstü\istanbul_trafik_analizi\backend\data\photos\AXQCQNRboUqGpQyMlv6aFtIEcgUIrGZyoyQI_5Zw-mtU1VN-m_6UdjHbZyKn4Nl93a8Nb4Onhm27ti5vhxn-60buXicqX67DtFtT.jpg
2025-06-07 18:18:11,734 - INFO - Fotoðraf indirildi: C:\Users\islim\OneDrive\Masaüstü\istanbul_trafik_analizi\backend\data\photos\AXQCQNT8LfM-dRYuuBQv87AmxPUWu9gLH4b5hJtsKZO7bXYxtmNHnhEoExl0xG_YDb3t9YwxCXsKNPlTncyTP_GbUtwmi8xnSyIV.jpg
2025-06-07 18:18:13,180 - INFO - Fotoðraf indirildi: C:\Users\islim\OneDrive\Masaüstü\istanbul_trafik_analizi\backend\data\photos\AXQCQNSIkTLywW23ouH_Yns_hrn7iT5cnNv2TK44nzh80-iIC8bSbFroMW1E8uB2RdYJy5tj9rN6bcAZfh9aT96nTfQI32kJ11WU.jpg
2025-06-07 18:18:14,545 - INFO - Fotoðraf indirildi: C:\Users\islim\OneDrive\Masaüstü\istanbul_trafik_analizi\backend\data\photos\AXQCQNQd1bTEId3AOy8fFNvFtx-FtVi-WETidDxdD-QBzvyVZykVERe4HyDJZGaPta2_0uDnbXT6pRQJ9hXgMthCUKOjJvblqem2.jpg
2025-06-07 18:18:15,722 - INFO - Fotoðraf indirildi: C:\Users\islim\OneDrive\Masaüstü\istanbul_trafik_analizi\backend\data\photos\AXQCQNRF4Ldp3wynm7oudC5qyqNGfI6Qn271BZjcVpeslxVXcopg7EdjX_rwBTkjz60O2Fc7syfWKmEFFMG7OgxanuIgheECVzfm.jpg
2025-06-07 18:18:17,039 - INFO - Fotoðraf indirildi: C:\Users\islim\OneDrive\Masaüstü\istanbul_trafik_analizi\backend\data\photos\AXQCQNSuv_3RJkYcsCEZ25F3Nn3EZCHkU1e3zAf8zeo5t7rOD3sg1yjsnS1rQyyCVXPg6yezoIqmaISNjWk0DQUaoL3e-BDE-muM.jpg
2025-06-07 18:18:18,454 - INFO - Fotoðraf indirildi: C:\Users\islim\OneDrive\Masaüstü\istanbul_trafik_analizi\backend\data\photos\AXQCQNRMA85m8yvLfLrmftYMgRpH8Xa7Cprv3e4Y4l5kW1-l7P6vTsFgT9TH4_Srx1bnhRLGMflY7jSg7Qke_8J_YUl-GcqostNs.jpg
2025-06-07 18:18:19,611 - INFO - Fotoðraf indirildi: C:\Users\islim\OneDrive\Masaüstü\istanbul_trafik_analizi\backend\data\photos\AXQCQNTyggGQipTOT4P_MgDPFRhgJtfv9ksHn3VyCjfcVL8_TEwcMWKpJfq-Rxy6gKn393hr1I-yYpmfQjPXok4YxjYr16fJd8X4.jpg
2025-06-07 18:18:20,794 - INFO - Fotoðraf indirildi: C:\Users\islim\OneDrive\Masaüstü\istanbul_trafik_analizi\backend\data\photos\AXQCQNRaeYPWFZ4X94JqMYUhKJ30pmD8CeaxA9xN6NzUlg870nd1MmRGy0tYQ41c4ra__l5nSY5bm6MRilQ09aQB-0j2W4hWd_Tg.jpg
2025-06-07 18:18:20,802 - INFO - Mekan iþlendi: ULUBAT CASTLE HOTEL
2025-06-07 18:18:22,961 - INFO - Detay çekilen mekan: Aruna Hotel Ýstanbul
2025-06-07 18:18:24,234 - INFO - Fotoðraf indirildi: C:\Users\islim\OneDrive\Masaüstü\istanbul_trafik_analizi\backend\data\photos\AXQCQNQXiIaOUezDKqP_SKU-wM4vROtM5MA5tPAx94rYmc_4VKDIvgpah_B6Aw0qejr5uXBYPgZZfXqRrr07M_ODCYwXTHP5OTch.jpg
2025-06-07 18:18:25,668 - INFO - Fotoðraf indirildi: C:\Users\islim\OneDrive\Masaüstü\istanbul_trafik_analizi\backend\data\photos\AXQCQNQqsBL5d1c1clfHhe43RmYbOxeE4XzlbJWyC29-0mXOJLZU8xTLAYEppJ7AQOvm6y3JEUbdMrrfpmcWQQWybGj6FWi18vNc.jpg
2025-06-07 18:18:27,090 - INFO - Fotoðraf indirildi: C:\Users\islim\OneDrive\Masaüstü\istanbul_trafik_analizi\backend\data\photos\AXQCQNRr8ie8bpgSg-HuDg9BfZMlOGOxHqjxtha-0yBy39QDZQr4rRHLA_8bJ8iiyg7qiX55vzgrxwuU-BT-WFcf98dxPGFdCASg.jpg
2025-06-07 18:18:28,904 - INFO - Fotoðraf indirildi: C:\Users\islim\OneDrive\Masaüstü\istanbul_trafik_analizi\backend\data\photos\AXQCQNTnhze3-fZQ3ZOPr63PjQ6-a4DSNgOzPcnXjSqhy44QqQK5k53MSp147HuSTcY1QZi1OlEtOBW4A39uxguPjudRvoMRUVs2.jpg
2025-06-07 18:18:30,682 - INFO - Fotoðraf indirildi: C:\Users\islim\OneDrive\Masaüstü\istanbul_trafik_analizi\backend\data\photos\AXQCQNR12HECiiRsD7J8xlSJWWOC0N2iHFHzoNxwIcjypKQ7aWka2AjHfDX5MDnvUJZW42v6zluee5gLo3D6ZLSURtjDpchdvQUM.jpg
2025-06-07 18:18:32,354 - INFO - Fotoðraf indirildi: C:\Users\islim\OneDrive\Masaüstü\istanbul_trafik_analizi\backend\data\photos\AXQCQNSR59JwVPxneZcw0AWQ8sT3ldirLEX6sPbrftNgeaovjcGoqofqInbdWr1j6Ip0tTcTF3c2Yd6wl0tCROnl7ZKT2_Sve4Fr.jpg
2025-06-07 18:18:33,671 - INFO - Fotoðraf indirildi: C:\Users\islim\OneDrive\Masaüstü\istanbul_trafik_analizi\backend\data\photos\AXQCQNQwFoSk9vrIY2FIU3pRWg6gIKpAMTWaFk1Kr7TEjnZqj8rv8JJlilSGv63ftoO0-CiXzTlu5IBJPb98r8aoEc8CjfMJ6vE3.jpg
2025-06-07 18:18:35,039 - INFO - Fotoðraf indirildi: C:\Users\islim\OneDrive\Masaüstü\istanbul_trafik_analizi\backend\data\photos\AXQCQNSq9UhQXpe26TdGFz02_XMqG6-jV224n0mTfpVijaru45ExtpMzORHEXvaQqDG_B5QaNRyDlTYzVJ6bPrOZnhgJ-7zQgjVD.jpg
2025-06-07 18:18:36,429 - INFO - Fotoðraf indirildi: C:\Users\islim\OneDrive\Masaüstü\istanbul_trafik_analizi\backend\data\photos\AXQCQNRqm-V2t53B7tNMATpMnePOIzuF8Ya074Ykd_JK_JyU0ZQp3OBUL46sp_O-mLN_IB7m4XrN_rSXnPKofRBV9VJYj4F71ZUP.jpg
2025-06-07 18:18:37,808 - INFO - Fotoðraf indirildi: C:\Users\islim\OneDrive\Masaüstü\istanbul_trafik_analizi\backend\data\photos\AXQCQNR9Uy6vr2spyo4wV_kdAW-eHliNsKZ5Ri3WT7o1PmXNgf-x22B0BBZUIO9FVr9Ukt6snFl2MWEm3-bLm6mRC3YwbU5RRCgN.jpg
2025-06-07 18:18:37,814 - INFO - Mekan iþlendi: Aruna Hotel Ýstanbul
2025-06-07 18:18:39,972 - INFO - Detay çekilen mekan: Kavi Seaside Hotel
2025-06-07 18:18:41,224 - INFO - Fotoðraf indirildi: C:\Users\islim\OneDrive\Masaüstü\istanbul_trafik_analizi\backend\data\photos\AXQCQNSG_TTRG2HAwkNxiGg-0tBv7345JBH2B6qYpbRDKUZAWJx_RyWiM1fHtjtU_-OP9YEBHzf4zo9zhD1x6_M8mpTjBx_2oUms.jpg
2025-06-07 18:18:42,804 - INFO - Fotoðraf indirildi: C:\Users\islim\OneDrive\Masaüstü\istanbul_trafik_analizi\backend\data\photos\AXQCQNTy7dutB7bt5R6FPSi4rJcfeWqdKRNhJ1pjxOpebxYUd8JyZtOy6f1cBGlHt5Df2bVLMVLi1SkuMLNsOoTSQ0qvY3X6_kqI.jpg
2025-06-07 18:18:44,064 - INFO - Fotoðraf indirildi: C:\Users\islim\OneDrive\Masaüstü\istanbul_trafik_analizi\backend\data\photos\AXQCQNQ064XBpoSQC3VCLnefJBD68HGUBXUiDY_C-41YSirKPKsqlrzd0NK3LW8RW2SPm8-npEiHoVhw88rubuS9F6wkVqtTWJRN.jpg
2025-06-07 18:18:45,374 - INFO - Fotoðraf indirildi: C:\Users\islim\OneDrive\Masaüstü\istanbul_trafik_analizi\backend\data\photos\AXQCQNQEC8K7Q8jZF8a79VJb8ZlCPerPJ_YfdtbKWOkoB16H7UWJ2wjdON5o8pjwV1hafJIE3Ixa_ga7a5CBZDGYt53bwWhsMXQ-.jpg
2025-06-07 18:18:46,960 - INFO - Fotoðraf indirildi: C:\Users\islim\OneDrive\Masaüstü\istanbul_trafik_analizi\backend\data\photos\AXQCQNQNFsjS8aTccOBAVO8rnUK3oKPfazCj4eKJOCrlpFt7PA3lXSPn3mRlfxxNdATFmNeh7djLK1MeNaencjkmXKuACw0jphnu.jpg
2025-06-07 18:18:48,166 - INFO - Fotoðraf indirildi: C:\Users\islim\OneDrive\Masaüstü\istanbul_trafik_analizi\backend\data\photos\AXQCQNSWIZnGfWetqWaExxhwDjmI4BJLAVGo1CVmAfuUPea3-Uk49NXcsrbeWh00c3utdsZCQ-xu5d00_1kYlrHhJeAiToTDSwqn.jpg
2025-06-07 18:18:49,574 - INFO - Fotoðraf indirildi: C:\Users\islim\OneDrive\Masaüstü\istanbul_trafik_analizi\backend\data\photos\AXQCQNSFlkUw5jB3sr0KF0PF_8llG46x7vK1Dt_sc95zUigCNAXFRPoPabbfrB3gigdIr85dv-7BYUbS5jA5NblxJ4zVBUSSacy3.jpg
2025-06-07 18:18:50,928 - INFO - Fotoðraf indirildi: C:\Users\islim\OneDrive\Masaüstü\istanbul_trafik_analizi\backend\data\photos\AXQCQNTTTHJ-5917IUhAJQzqL1y-EZmurPzwhkFnLBsxcQPlT0hom9W03RiCwmTSLI32101l5JfOQyq6fvrvw4UWpmHzj8RWj5ik.jpg
2025-06-07 18:18:52,177 - INFO - Fotoðraf indirildi: C:\Users\islim\OneDrive\Masaüstü\istanbul_trafik_analizi\backend\data\photos\AXQCQNTJMr71NVQVx-pZwfvjNxVZYVlxZoVP8zPrz45cvz3xd5cKgXfRhIUb5UOXFacwX3y0fa73ihwFhIScsuvJpDHT2sKUqeCQ.jpg
2025-06-07 18:18:53,716 - INFO - Fotoðraf indirildi: C:\Users\islim\OneDrive\Masaüstü\istanbul_trafik_analizi\backend\data\photos\AXQCQNSoxJ_g49D_ddAGPwpWMxvRxFV-TfaHk3Ur-gEwa5bR6C6ZGedLZRykUSXQhe8P6fENou3uZDiMhcD8BUJaVmfsHdEoGR5Z.jpg
2025-06-07 18:18:53,716 - INFO - Mekan iþlendi: Kavi Seaside Hotel
2025-06-07 18:18:55,871 - INFO - Detay çekilen mekan: Blu Hotel Ýstanbul
2025-06-07 18:18:57,075 - INFO - Fotoðraf indirildi: C:\Users\islim\OneDrive\Masaüstü\istanbul_trafik_analizi\backend\data\photos\AXQCQNT9KoNQXrUKXDb3ogYHS12EKNyNXX8BRJGnS_L8wVTsASsjnuXc6fV_s3-EznzXxUnHGPhdsUbftYSRrI1Gx2Yj1xMuHwzz.jpg
2025-06-07 18:18:58,007 - INFO - Fotoðraf indirildi: C:\Users\islim\OneDrive\Masaüstü\istanbul_trafik_analizi\backend\data\photos\AXQCQNQxPesg4qDWz9nvdgO9dV22t4KbaDeFFonp5o8ZgT14H1nUEHwzXRhhHbximta33WTG0WVGUS2GnMMVPNkijhDHahxxSB4w.jpg
2025-06-07 18:18:59,464 - INFO - Fotoðraf indirildi: C:\Users\islim\OneDrive\Masaüstü\istanbul_trafik_analizi\backend\data\photos\AXQCQNT2MdCIZ2NQp255dFFGUIaehHwUYdCYrZrHp0KINsIRRBCTR0yN3ob669fI78LI7JXa9x4vJCU-1NTOdUf1vlX1SgD83mBy.jpg
2025-06-07 18:19:00,669 - INFO - Fotoðraf indirildi: C:\Users\islim\OneDrive\Masaüstü\istanbul_trafik_analizi\backend\data\photos\AXQCQNRvMUFwFeZsvIjoV3E_wE2uobhkXb8liFT40uyQItA3SNbjWDpAjXMUtwyHfWWd_ztgSQKjM1RqPDKvYbtT2EElILjo6RJr.jpg
2025-06-07 18:19:01,598 - INFO - Fotoðraf indirildi: C:\Users\islim\OneDrive\Masaüstü\istanbul_trafik_analizi\backend\data\photos\AXQCQNSmdtO9stQo8ugA3Br4ZKubgSZOSMuaRvZqlZBjp5CeuaCWM4BCGPfDJZmHoGitUo69vDeDkdmUbvfPHTgJek0Lc9Z1OW3x.jpg
2025-06-07 18:19:02,794 - INFO - Fotoðraf indirildi: C:\Users\islim\OneDrive\Masaüstü\istanbul_trafik_analizi\backend\data\photos\AXQCQNRHJjCfIZtDc-B7ZmVx-SAul956rsI3zrI09sTYm2UzUjtd3hTIgAZn9lIPYeWlQOov5wpf0dMuzbZAdoVkDcZMxImYrh6U.jpg
2025-06-07 18:19:03,990 - INFO - Fotoðraf indirildi: C:\Users\islim\OneDrive\Masaüstü\istanbul_trafik_analizi\backend\data\photos\AXQCQNQm5Zi43CwCF8KXZBEl5CZQqGLnPPki8EK7jeysIFgjj13g0lz8T_qEPUdossLIqEEMQz5Ps-bVF8PJpO9ty_g2kr-WXcNc.jpg
2025-06-07 18:19:05,231 - INFO - Fotoðraf indirildi: C:\Users\islim\OneDrive\Masaüstü\istanbul_trafik_analizi\backend\data\photos\AXQCQNSow2ykvTwuT70MgGKA-s2suVZqcWa-WAXPWXgr7hwLHP6XQrmwEoqy6TNU3gwa6QZR1QmAmuuPQScT4dkWQ89Fu5I3gP0L.jpg
2025-06-07 18:19:07,035 - INFO - Fotoðraf indirildi: C:\Users\islim\OneDrive\Masaüstü\istanbul_trafik_analizi\backend\data\photos\AXQCQNQqLF9M_qQSJtJXfH1cXEv11p7QbVYtjRlFnFIABkaPGBLi9IcSXQjsUfNu4HLc0VXGuScNHlV5wJvSamCcP_BgsvhAGybS.jpg
2025-06-07 18:19:08,769 - INFO - Fotoðraf indirildi: C:\Users\islim\OneDrive\Masaüstü\istanbul_trafik_analizi\backend\data\photos\AXQCQNQq7GXq0pNZShPfsU4FMifacVsE6nmZhwUQ4-IHLYxdjrG1_BYoQv1bNwrbGVnJ4IxDFDKwsHux2oXKMnk5hiqWE_nxPr8v.jpg
2025-06-07 18:19:08,775 - INFO - Mekan iþlendi: Blu Hotel Ýstanbul
2025-06-07 18:19:10,926 - INFO - Detay çekilen mekan: Cihangir Palace Hotel
2025-06-07 18:19:13,054 - INFO - Fotoðraf indirildi: C:\Users\islim\OneDrive\Masaüstü\istanbul_trafik_analizi\backend\data\photos\AXQCQNSy5u3hBrwcJ49m__dBlzih9cwfcwLdgm5HksEDfp0FNJ1T1uSsxFtR5QD4MkMFsHI-W6G84LwHpNz4lY-P8qtqPEP-fCI8.jpg
2025-06-07 18:19:15,714 - INFO - Fotoðraf indirildi: C:\Users\islim\OneDrive\Masaüstü\istanbul_trafik_analizi\backend\data\photos\AXQCQNQ81q5onwIQncKkHPTInIBWD3lzb6hVBIVTHg9lv-BZADx5WpPQ4EP2soB3J_DTDNL4KGZc5Jokna-2Hs84G-y6P8d49bsE.jpg
2025-06-07 18:19:18,522 - INFO - Fotoðraf indirildi: C:\Users\islim\OneDrive\Masaüstü\istanbul_trafik_analizi\backend\data\photos\AXQCQNSNOYQlFwZrTKGHUwLIXB9--AO8YqTlPFUUsAkhGVBro7oj83QwGQB3iAIHrMWo_VFDBDJuM4bi3FoTu38gojTSw1aCozxA.jpg
2025-06-07 18:19:24,834 - INFO - Fotoðraf indirildi: C:\Users\islim\OneDrive\Masaüstü\istanbul_trafik_analizi\backend\data\photos\AXQCQNTGp5NFfowZg5YTXgnhKUqrIwm8TxnyJr--HBQmgawvSV0i84f8uvlGlOnvv_rAe2FNRNhG6TOMGJUSEupu9qQ-ik1jhgUX.jpg
2025-06-07 18:19:26,664 - INFO - Fotoðraf indirildi: C:\Users\islim\OneDrive\Masaüstü\istanbul_trafik_analizi\backend\data\photos\AXQCQNQONZ3tRmhkkxjNRZ5pfAFYVNApEBy1o_aEtdFrGvNu9IA72i6FQimGg35RW3MX3hW3wFfez-e6LUjjjKbQZf2zc8-uvryD.jpg
2025-06-07 18:19:28,332 - INFO - Fotoðraf indirildi: C:\Users\islim\OneDrive\Masaüstü\istanbul_trafik_analizi\backend\data\photos\AXQCQNTo-M4Z6Ff0tuT8w39G1U0rOX6Y2G6D3jTLd6YNvTbMW6DSMTgWpRlM8X5LDq_Tw4kYCkwsDjZKeck8NI4HVpuaj5DFPUI3.jpg
2025-06-07 18:19:30,902 - INFO - Fotoðraf indirildi: C:\Users\islim\OneDrive\Masaüstü\istanbul_trafik_analizi\backend\data\photos\AXQCQNQw0azLKFEolT6eGnMbxcLToM0i4GD0iJv5Bc4Coq1KsnRWALdfBwzhD30NBqVcf4wHEkZmI5N98OcVUidCUtD-CGrl7yeB.jpg
2025-06-07 18:19:32,887 - INFO - Fotoðraf indirildi: C:\Users\islim\OneDrive\Masaüstü\istanbul_trafik_analizi\backend\data\photos\AXQCQNQzEkh_0AK9U58FV0IYeDl9_nKTt06MMjyy0qPzfC1g7XbVm_B9QS65Lt3E4vPYCWYPpvxoixDihaUXWBcEuRuDaNfZBdWJ.jpg
2025-06-07 18:19:34,504 - INFO - Fotoðraf indirildi: C:\Users\islim\OneDrive\Masaüstü\istanbul_trafik_analizi\backend\data\photos\AXQCQNSX6ql4mSUWxTqAiNiVGd3BMABCjJaXXzQ3Ljy02Bc5SviSOLFLGe8_H172nXKGnlMplY_2hEw1hfxTqd9lKJMpuvHJ4-X2.jpg
2025-06-07 18:19:36,344 - INFO - Fotoðraf indirildi: C:\Users\islim\OneDrive\Masaüstü\istanbul_trafik_analizi\backend\data\photos\AXQCQNSwWMhkpRXfz2dBbalv0Oz5P3nNh8FxICXtCuy3vSDqHaaSKIxNceIa-Wbfg2JkHWfZFIB10CRkr8SL7CZvcLou2oYFQZlL.jpg
2025-06-07 18:19:36,353 - INFO - Mekan iþlendi: Cihangir Palace Hotel
2025-06-07 18:19:38,537 - INFO - Detay çekilen mekan: KOCAK PENSION OTEL
2025-06-07 18:19:40,002 - INFO - Fotoðraf indirildi: C:\Users\islim\OneDrive\Masaüstü\istanbul_trafik_analizi\backend\data\photos\AXQCQNSa-3MalWZJWiGCmXBq-3D44cUUNGEUo-UEPDYpNngSB5GUXBPYhNPzB12cQ57ktkEk_4Pm49bDoEQy6gimSSVWFnEhfDap.jpg
2025-06-07 18:19:41,704 - INFO - Fotoðraf indirildi: C:\Users\islim\OneDrive\Masaüstü\istanbul_trafik_analizi\backend\data\photos\AXQCQNSLiUmFcICoKpKNfT5NaG1wyZcZ1f63rMk1nSuQeOwbJ1zABBHl7ue-OJrk3y55rk7P-EI2vG5fbitA94cshuJIRYi4Y7C1.jpg
2025-06-07 18:19:43,386 - INFO - Fotoðraf indirildi: C:\Users\islim\OneDrive\Masaüstü\istanbul_trafik_analizi\backend\data\photos\AXQCQNRDJfFqi6ZXiOgrXGUmdfY6MeNNr1pryQbzGP82RZuaUYf9uzI7c8cNy5PHo9MTZP1b5pphsLr6NqdXxIhhMCCrUlWPx-So.jpg
2025-06-07 18:19:44,803 - INFO - Fotoðraf indirildi: C:\Users\islim\OneDrive\Masaüstü\istanbul_trafik_analizi\backend\data\photos\AXQCQNTzI7n2awmSKYpPZvRDVmNWD0B5dxpjN5N_zetZQv_NJRo2-2-8cVBFpAYnTSkCExQDpsgnd1X_mH4GYS_EsIf2CM8ybCU1.jpg
2025-06-07 18:19:46,314 - INFO - Fotoðraf indirildi: C:\Users\islim\OneDrive\Masaüstü\istanbul_trafik_analizi\backend\data\photos\AXQCQNSmK6LexDVa6t0Yrgwhjo1Gwd170ogoFfVnmijzsEuK2XhSO7obh7nywAneSt6YHNZ0s2GVaVWcAqIkU77Zc38dfHNpONfa.jpg
2025-06-07 18:19:48,007 - INFO - Fotoðraf indirildi: C:\Users\islim\OneDrive\Masaüstü\istanbul_trafik_analizi\backend\data\photos\AXQCQNTfYQdJPTuLwuEzuyKEhjq3MhONTBShTgbJhQtYEKA6vYr6LfDJHdr3W_DKbh8UvMVbqSZosrW2OZUMUmkhmQsQ17RswJjp.jpg
2025-06-07 18:19:49,888 - INFO - Fotoðraf indirildi: C:\Users\islim\OneDrive\Masaüstü\istanbul_trafik_analizi\backend\data\photos\AXQCQNSK4iOpNFA8tAELQyj0YOgFvbEmZ144yBXsU_--bx9jNRLQfhHnVQyFsqjKF0T0TEZChn5VKNCe_ypcOcqC3C3acc1mq6T7.jpg
2025-06-07 18:19:51,632 - INFO - Fotoðraf indirildi: C:\Users\islim\OneDrive\Masaüstü\istanbul_trafik_analizi\backend\data\photos\AXQCQNQBQEWxELSOeF3j8iGkWPNpgYsqOXdbiUUPKanZzrV_v-z7EXO-VWHwqRQofnZMFsIafZ4eFADQt8tS1f158pxa35-R_4ob.jpg
2025-06-07 18:19:53,107 - INFO - Fotoðraf indirildi: C:\Users\islim\OneDrive\Masaüstü\istanbul_trafik_analizi\backend\data\photos\AXQCQNRFMrRHmnYvsyGgeNBccX5SuajzANqZ-1_jlmCkIlQ_pl7O-5Ji33MxfNFU4vToyc2NY9A8TlKkP_X1bnuNwNFms5l-Mdek.jpg
2025-06-07 18:19:54,464 - INFO - Fotoðraf indirildi: C:\Users\islim\OneDrive\Masaüstü\istanbul_trafik_analizi\backend\data\photos\AXQCQNSULuOEAF4jDNpOWfUOWCR8D-tPIKmdSSGbfZLLLg9TW5A3kxieqUYFUgt4ELD-aNs-F_PcYEHbtSxxaZ0OPBM7ddLsqebC.jpg
2025-06-07 18:19:54,468 - INFO - Mekan iþlendi: KOCAK PENSION OTEL
2025-06-07 18:19:56,606 - INFO - Detay çekilen mekan: Sultanahmet Nu Hotel
2025-06-07 18:19:58,594 - INFO - Fotoðraf indirildi: C:\Users\islim\OneDrive\Masaüstü\istanbul_trafik_analizi\backend\data\photos\AXQCQNRDwVLalGD42BN0W5Ie0to-8jeM7FoiXfArdKLFKuDaTFTaEjQJ2Si1N7is-P-2D97TWB9cgi-iG2nQ2yYs6_NA1lSzGnRO.jpg
2025-06-07 18:20:00,224 - INFO - Fotoðraf indirildi: C:\Users\islim\OneDrive\Masaüstü\istanbul_trafik_analizi\backend\data\photos\AXQCQNRWqBkMprjviX1lNLrxj5rX2cdW5SJokoqikBWZ5uAp1oyS_AfCuheGcNn1uOIsLsNhOtqcUnvuWeyjSIHC_KmK3ZJ-C6ft.jpg
2025-06-07 18:20:01,710 - INFO - Fotoðraf indirildi: C:\Users\islim\OneDrive\Masaüstü\istanbul_trafik_analizi\backend\data\photos\AXQCQNSW2SGnTXCDnUopK74raj80jOI912WGufl4mkCpPlbEAZw2Aeummmz-0T_hwgMJGkQsTICYP2g1DZvkgk_R9OCDjkNZZooF.jpg
2025-06-07 18:20:03,920 - INFO - Fotoðraf indirildi: C:\Users\islim\OneDrive\Masaüstü\istanbul_trafik_analizi\backend\data\photos\AXQCQNRn8MpmRBLcjEZWBmFJ6VF_KsxO55GsssaOnlHilMKp-Jc3D_IfXIzCd1U4a_0cS6kw8xp8QeiIqGSZhuLR7MBcTxAkvlGZ.jpg
2025-06-07 18:20:05,644 - INFO - Fotoðraf indirildi: C:\Users\islim\OneDrive\Masaüstü\istanbul_trafik_analizi\backend\data\photos\AXQCQNTYvgqBIdJZwJKFwEAGLsOhlKomuooa5MuP8XZYFvUUqnVW-C76PtljWwkmlk32QJnCzJmQqtiYaGaqgyiFIgtZkBX1RvP8.jpg
2025-06-07 18:20:07,524 - INFO - Fotoðraf indirildi: C:\Users\islim\OneDrive\Masaüstü\istanbul_trafik_analizi\backend\data\photos\AXQCQNQmOJdt30ulhzLbPvvfI0wY3t1V3L-bZo1hh3R0uG_TvUbxxw1ZpRbgKzooEF-9AZkDPMEeL2uaAqMcDJg_twfSexaiJNbx.jpg
2025-06-07 18:20:09,184 - INFO - Fotoðraf indirildi: C:\Users\islim\OneDrive\Masaüstü\istanbul_trafik_analizi\backend\data\photos\AXQCQNSO_0HAzLTmKAoxbSg63CLoxudz6liRHrONBzYSUIXk8DR2zYOg1az5ouOtbo95c4CvxChUAJQvvQ2BPw8AvGCbQxDdmbnL.jpg
2025-06-07 18:20:10,879 - INFO - Fotoðraf indirildi: C:\Users\islim\OneDrive\Masaüstü\istanbul_trafik_analizi\backend\data\photos\AXQCQNT_hdnf2S0ZU0Vu96n5qcBMhLyB-SPSR_AeneAAYWx6udYg55xG4PBkFDLuTy-dpxk_IjVxf3UchgsxD4DWmkOQQw26NtE7.jpg
2025-06-07 18:20:12,804 - INFO - Fotoðraf indirildi: C:\Users\islim\OneDrive\Masaüstü\istanbul_trafik_analizi\backend\data\photos\AXQCQNRhu_3SxoSr4Z77AmUp9AHIE94K21FlUoljRRYP7ZJ1B3aJ217rQeS736CFmZcUgEvwn-KtmbaOcpT_bxhiVakeEBVWVUxn.jpg
2025-06-07 18:20:14,354 - INFO - Fotoðraf indirildi: C:\Users\islim\OneDrive\Masaüstü\istanbul_trafik_analizi\backend\data\photos\AXQCQNQviTwBoiAYVt69twCTcViQ8GMhwv4EMbQoplyEk9pw8jnP657wgpm9X5iG2qDpfq_wtpjRIciqE7LcxHkzClcp-F4Qr8WT.jpg
2025-06-07 18:20:14,354 - INFO - Mekan iþlendi: Sultanahmet Nu Hotel
2025-06-07 18:20:16,494 - INFO - Detay çekilen mekan: ERCÝYES HOTEL
2025-06-07 18:20:18,577 - INFO - Fotoðraf indirildi: C:\Users\islim\OneDrive\Masaüstü\istanbul_trafik_analizi\backend\data\photos\AXQCQNQ6g3gx52WI2DDHe-3zNW4scDt8SFqnFqHg9awHl8nLT8rx9A5UvH_3LjNN9yg0WJnibvaCFN3lz804ZvYQwD5uhHA7tveP.jpg
2025-06-07 18:20:20,124 - INFO - Fotoðraf indirildi: C:\Users\islim\OneDrive\Masaüstü\istanbul_trafik_analizi\backend\data\photos\AXQCQNSGzKXZ4UN1knfK9-rtIq_n3Y5_qEq6SXhj8w8y__XQry17BAkX0utGMhWqCDV_oZwHFdlWVkdjuZU02oF4S1atw8GGq49M.jpg
2025-06-07 18:20:22,548 - INFO - Fotoðraf indirildi: C:\Users\islim\OneDrive\Masaüstü\istanbul_trafik_analizi\backend\data\photos\AXQCQNTof8eo99XYuSdog_0niyThFosJ9CGrwl4bmx_UmGaRKoEyABVv_0DPqhhQ8rwTDBRQipOUMVn8upThAdMJ1s1yDnspRBHI.jpg
2025-06-07 18:20:24,424 - INFO - Fotoðraf indirildi: C:\Users\islim\OneDrive\Masaüstü\istanbul_trafik_analizi\backend\data\photos\AXQCQNSFqRHDybD3xaFjYuoRn0QBJN6oVqUtmfUyORLodcXllEii8iy8zZNlF63K__Ugu4dZcpysYv2Z8gO6-TazzVdlINOrclaG.jpg
2025-06-07 18:20:26,114 - INFO - Fotoðraf indirildi: C:\Users\islim\OneDrive\Masaüstü\istanbul_trafik_analizi\backend\data\photos\AXQCQNRJRGs-Fqs6uotC1-FRMTDlW3r-MRSApN0N4q65Pjoqlok-btLURXw8_z3xEUFF0CzVTBRWHftjYIdBxSHsHe5UqVw70hYr.jpg
2025-06-07 18:20:27,814 - INFO - Fotoðraf indirildi: C:\Users\islim\OneDrive\Masaüstü\istanbul_trafik_analizi\backend\data\photos\AXQCQNQNSuoFuN6mV1slUfRYiG7CDoZcOfBwOjTxQnxq4L0BSCckBnTV2WlXzxJBB4xpyQxSnEBtlVGS0KgAyAaqjpgfDM6xgQNA.jpg
2025-06-07 18:20:29,977 - INFO - Fotoðraf indirildi: C:\Users\islim\OneDrive\Masaüstü\istanbul_trafik_analizi\backend\data\photos\AXQCQNS7GI8TW83qzkte2VIOFy5A5RxM3VMSO_AzeexAlP0Tu2ICUyEP4EuJhippLgg7ra_1WTWiG2nFBSVb6pxeOw6tq-ESFogX.jpg
2025-06-07 18:20:32,085 - INFO - Fotoðraf indirildi: C:\Users\islim\OneDrive\Masaüstü\istanbul_trafik_analizi\backend\data\photos\AXQCQNTjAEHigCDnr7TsIDTyi6RnaQQvaY2UyzzooAmXtXlEeChio5beWeS-fo-74_UKHg-KSptOrW5fcuE3lS4FVrxRF3X5DAol.jpg
2025-06-07 18:20:34,284 - INFO - Fotoðraf indirildi: C:\Users\islim\OneDrive\Masaüstü\istanbul_trafik_analizi\backend\data\photos\AXQCQNQOcgpnndENJCPr1UTHmVjBh1vzvMWf5hS1m-Zuxj-tqGW_SF3j40jPytYdEDJRDQ73g2fPyHa7YoOBRHk_aB4aNicYwWMn.jpg
2025-06-07 18:20:36,224 - INFO - Fotoðraf indirildi: C:\Users\islim\OneDrive\Masaüstü\istanbul_trafik_analizi\backend\data\photos\AXQCQNRh30JaS5Mchu-MxCGGoqClZi-FCQux7UWFgGhpl2-fSAWAtzag8WY4fNDQ7R2kgSWM1fHBb5mkBqa6hbMHKRzXvf58xnzq.jpg
2025-06-07 18:20:36,235 - INFO - Mekan iþlendi: ERCÝYES HOTEL
2025-06-07 18:20:38,381 - INFO - Detay çekilen mekan: Istanbul Palace Hotel
2025-06-07 18:20:39,724 - INFO - Fotoðraf indirildi: C:\Users\islim\OneDrive\Masaüstü\istanbul_trafik_analizi\backend\data\photos\AXQCQNSwapOBuH8aHVTaA6vaNGCGchSmOUb7RSpXRybBzqE-bOcbUQqVvW0rBGUpV6V-JVYUur4Sk_3pPSKdTkyrh7yQysMzMdTJ.jpg
2025-06-07 18:20:41,194 - INFO - Fotoðraf indirildi: C:\Users\islim\OneDrive\Masaüstü\istanbul_trafik_analizi\backend\data\photos\AXQCQNQ1DMPR28xPVwv5fQYuliqQtBp9aP40M6JVRIoUShPphx_RybHB5djG4uXWDu05hTY_741DalnSHYm52QxbP-obrSFo-af4.jpg
2025-06-07 18:20:42,690 - INFO - Fotoðraf indirildi: C:\Users\islim\OneDrive\Masaüstü\istanbul_trafik_analizi\backend\data\photos\AXQCQNQFyfStOGJktj6Xdd_wuF_jQpkWFx6Z8w2NK8WtlR8DeSA9AZkIKIBNQZmgauGY7xez2wnFILrp2UJHV5cP3xdpFZtTk9XN.jpg
2025-06-07 18:20:44,322 - INFO - Fotoðraf indirildi: C:\Users\islim\OneDrive\Masaüstü\istanbul_trafik_analizi\backend\data\photos\AXQCQNROJ6KwY4TrEJNZqh9KzrDoc4U946QQYqWBtrRZNk4QjYh2AnibcWVAM8yDFEM8jkh5_Ek2D233YuIXjooC-wxA0Z8oXUsz.jpg
2025-06-07 18:20:46,610 - INFO - Fotoðraf indirildi: C:\Users\islim\OneDrive\Masaüstü\istanbul_trafik_analizi\backend\data\photos\AXQCQNSDi1wcWrszo2R3x6fbJqw4Ib-6UCN1ZUVewBmP1D-vqoMgp7zTLwUBSChkdJgSuR003LYZDmhXLYDDY2wyq81zOpTOEHsW.jpg
2025-06-07 18:20:48,399 - INFO - Fotoðraf indirildi: C:\Users\islim\OneDrive\Masaüstü\istanbul_trafik_analizi\backend\data\photos\AXQCQNQxCJY55ruellPKCdJ8lMRKRiFlIk7Q06JEy0S69pvN4M6e_xwC6Y5sW4CL3m9UXN7OehlYH57WoNqolii-_X968JYoqqpO.jpg
2025-06-07 18:20:49,867 - INFO - Fotoðraf indirildi: C:\Users\islim\OneDrive\Masaüstü\istanbul_trafik_analizi\backend\data\photos\AXQCQNQoxa84gUUwXYP_vG0eeslFHcFcCcl96QH8r3A5URzPs5KeI7FVPCAC7OaUvNHfXqUxdHNBcqslkEOaI8wLPajqOVvm863j.jpg
2025-06-07 18:20:51,443 - INFO - Fotoðraf indirildi: C:\Users\islim\OneDrive\Masaüstü\istanbul_trafik_analizi\backend\data\photos\AXQCQNSesBEXjholqy4dDESrxB-nVlaH7MthcSvm03sixkrTAruQwVyikGE5NdTQV_ZmS6sOA41iOzO9Z_qWzXHdxhavSQuD4Il-.jpg
2025-06-07 18:20:52,984 - INFO - Fotoðraf indirildi: C:\Users\islim\OneDrive\Masaüstü\istanbul_trafik_analizi\backend\data\photos\AXQCQNTxi7IAjabqpXSTk0Ceaq0xtNvXAuZM7vNI2VEnWreAGcWVkGsdOjN4EI2vulPVuACw1Dg9vSb1yNzRdXIASvSAz9MMR684.jpg
2025-06-07 18:20:54,421 - INFO - Fotoðraf indirildi: C:\Users\islim\OneDrive\Masaüstü\istanbul_trafik_analizi\backend\data\photos\AXQCQNRbhu_ibcMqVfYHRjpkM8kKeNMpX3WucVmdMCAERM4YSPJkyV7Qm2bbPYyX29zfVXhDZ3NmZFqPzg52fZEwAKsO1qBxDpE3.jpg
2025-06-07 18:20:54,427 - INFO - Mekan iþlendi: Istanbul Palace Hotel
2025-06-07 18:20:56,580 - INFO - Detay çekilen mekan: Magnificent Hotel
2025-06-07 18:20:58,199 - INFO - Fotoðraf indirildi: C:\Users\islim\OneDrive\Masaüstü\istanbul_trafik_analizi\backend\data\photos\AXQCQNS8w2F1IN6kJKTuLfG1p1H4ckxa6Z6m9OAbl4Go_8mGmxrply0ScnQhiAAYRfjBALa4Us6rkoynq03tDyBT0BnDlc_TlhrT.jpg
2025-06-07 18:20:59,784 - INFO - Fotoðraf indirildi: C:\Users\islim\OneDrive\Masaüstü\istanbul_trafik_analizi\backend\data\photos\AXQCQNSJBDCbI5o1qZr_RoWtVgQSY1-2CeTDrD7zWU-stb_qqIEsfP5eDGoQx3BWxJlQ1iVGCV9rw-9dHt-zN7_nyEnsNZDX7glp.jpg
2025-06-07 18:21:01,234 - INFO - Fotoðraf indirildi: C:\Users\islim\OneDrive\Masaüstü\istanbul_trafik_analizi\backend\data\photos\AXQCQNSAESRqCqHd_aTckdSCF4va0G5L3Z6CizDDMsFC4n_oY2KKwAXiYOJdqcQKdlwkUnvGGAbsO2Zp2DMrMw5OU-aa7wIIHXSF.jpg
2025-06-07 18:21:03,171 - INFO - Fotoðraf indirildi: C:\Users\islim\OneDrive\Masaüstü\istanbul_trafik_analizi\backend\data\photos\AXQCQNSP-YCgbZDNxhJ80q0aUlL1DNfLDjOM_3ygCEiu9PKVab3gPJrKlLkbNKEiAXtUtjHlOsNkzEGlWeV8zXg5bcZIM4DfinRY.jpg
2025-06-07 18:21:05,206 - INFO - Fotoðraf indirildi: C:\Users\islim\OneDrive\Masaüstü\istanbul_trafik_analizi\backend\data\photos\AXQCQNRNiz55vRhLX-Z1zJBqwBzkBLbXwXCW84Ipezv2obR2Rm2pqA7Zh_JKt1ovcS7ehl5i_4iXrm3rbHk83Qusc-SPo8K15zg0.jpg
2025-06-07 18:21:06,934 - INFO - Fotoðraf indirildi: C:\Users\islim\OneDrive\Masaüstü\istanbul_trafik_analizi\backend\data\photos\AXQCQNSqty90ZUdPq2wTVB_u9c6Hd9Scg47YoQPIDAOh2TO5npphLN7Pg1w9uoAKvyTTMdq_W6smmQoKYzaIP0Md42Hjl82JvPvC.jpg
2025-06-07 18:21:08,494 - INFO - Fotoðraf indirildi: C:\Users\islim\OneDrive\Masaüstü\istanbul_trafik_analizi\backend\data\photos\AXQCQNTQCpOoaai-7ESpM7RrJ86qcqHzqObd5p1tM6c7Vf1RwrpAcOBTBk0pLDo6TRBk8wjzgr420G7Ot1IXC4VzGXA7Dkz0cakN.jpg
2025-06-07 18:21:10,195 - INFO - Fotoðraf indirildi: C:\Users\islim\OneDrive\Masaüstü\istanbul_trafik_analizi\backend\data\photos\AXQCQNSMkJ2PAs61SmakGo-XE4QRqimnz09gm3nQCRUF3LWhO7R8J5_NBqC_n__nq9GayE-9_PxdKHOA5b7dV42vwaeNni0UZ53j.jpg
2025-06-07 18:21:11,660 - INFO - Fotoðraf indirildi: C:\Users\islim\OneDrive\Masaüstü\istanbul_trafik_analizi\backend\data\photos\AXQCQNT-ugWonGZQwrsSGXCHYoti58pdlAZRDy6bSs2UvflYFfGExcakaeCj5NaChF_JIDlc8TvJdmfVBO6LE7W1CyHpmKrRVhoe.jpg
2025-06-07 18:21:13,694 - INFO - Fotoðraf indirildi: C:\Users\islim\OneDrive\Masaüstü\istanbul_trafik_analizi\backend\data\photos\AXQCQNT7CPiV1n7f8emPnWN3A8yKMtl0sOoejFnQy0RPmYGhdIOHu_T54g7R4GR80Sv55ogYGyvTpDMMwUaJaFPJkPI3eOMPFcHr.jpg
2025-06-07 18:21:13,704 - INFO - Mekan iþlendi: Magnificent Hotel
2025-06-07 18:21:15,874 - INFO - Detay çekilen mekan: Diyar Hotel
2025-06-07 18:21:17,228 - INFO - Fotoðraf indirildi: C:\Users\islim\OneDrive\Masaüstü\istanbul_trafik_analizi\backend\data\photos\AXQCQNShqhzTp9y3C8LCrDeldulQ0kvvc-By_GvSBobr9NTj6rIMfO-NlvY0l5IuI6aQTNo269_e9qkd_tkMIvDL0dg2n4JgXSET.jpg
2025-06-07 18:21:18,694 - INFO - Fotoðraf indirildi: C:\Users\islim\OneDrive\Masaüstü\istanbul_trafik_analizi\backend\data\photos\AXQCQNSHs6G2452v24CHOwl7EBzzmZiwDxa5Ss7YJ1KKjsVC91fVKsez0RmxbjmCa4dX94_23D3h32Knp05fR9llvdl1LG-A-FRZ.jpg
2025-06-07 18:21:20,225 - INFO - Fotoðraf indirildi: C:\Users\islim\OneDrive\Masaüstü\istanbul_trafik_analizi\backend\data\photos\AXQCQNTqDXBB_XbhskH-CYr3jtH2j64NApL-u5Pd4r3rC4mNcaZRjWJLWaFGiUoCTIZXgv2fHvRKvvOP8K-MQ6wKvnBuMFRBzOke.jpg
2025-06-07 18:21:21,698 - INFO - Fotoðraf indirildi: C:\Users\islim\OneDrive\Masaüstü\istanbul_trafik_analizi\backend\data\photos\AXQCQNSFYCfsbgYChzksT8T5kwNsSqSU9gi5VzojntRVOFSDdf06gPIo-bfy-YMdTEYS9madWhKSFRoWnw242Z3JxsQ-UzGAMfjc.jpg
2025-06-07 18:21:23,194 - INFO - Fotoðraf indirildi: C:\Users\islim\OneDrive\Masaüstü\istanbul_trafik_analizi\backend\data\photos\AXQCQNS8eAXchB-Pd1yJRYVgDHDzrZP0grKvqMxsYMJrEPDI4Bwf70NWQGRQXPHTo9BIkvJihPOErLh80IvW2kWwXeNf54cYSJdO.jpg
2025-06-07 18:21:24,554 - INFO - Fotoðraf indirildi: C:\Users\islim\OneDrive\Masaüstü\istanbul_trafik_analizi\backend\data\photos\AXQCQNSPPryQPiYwHczkIglISrDHOiVey17XRhMqePSU05SvcbKBACPn2B6latcDcdMLgS7nO7snz4WffjGhIBVuxrTOmiHmCQ4W.jpg
2025-06-07 18:21:26,024 - INFO - Fotoðraf indirildi: C:\Users\islim\OneDrive\Masaüstü\istanbul_trafik_analizi\backend\data\photos\AXQCQNSiu8tqaWxBnlSyzlOV5T5lV9URvWHxf701ZYn3tgzROfQaby423bLIUmdnNfxLr-vaZd8LmqufIa5FsozqtEbVJbCy0irQ.jpg
2025-06-07 18:21:27,481 - INFO - Fotoðraf indirildi: C:\Users\islim\OneDrive\Masaüstü\istanbul_trafik_analizi\backend\data\photos\AXQCQNSl4yYz6v-qz4PECbWXkQh9eaXcZm4tgWjjOaGJ5RBB8p5L4pG9E-xs2jGr-UdCS5JEmIu6sVAqRYjFXhmO3XKhfFSdtkKS.jpg
2025-06-07 18:21:29,274 - INFO - Fotoðraf indirildi: C:\Users\islim\OneDrive\Masaüstü\istanbul_trafik_analizi\backend\data\photos\AXQCQNTn7BWH8HJ7pQH7vw6Shqw7cxOFQSek-2ZN0Fff2TxQ1TkCOP9yXIJxjPS7DhfhaH8CcGrreN83Wc7vwW2JB63VrMtPmYR2.jpg
2025-06-07 18:21:30,789 - INFO - Fotoðraf indirildi: C:\Users\islim\OneDrive\Masaüstü\istanbul_trafik_analizi\backend\data\photos\AXQCQNR56Cc3etw1piMYJ55g9QaDbhiKx46C-AnYyRoVKuHrB9wZp2nfVTCA22_X7an7x8Krm0m6P1a2aUjKCjl3JPhKul7LqJsS.jpg
2025-06-07 18:21:30,795 - INFO - Mekan iþlendi: Diyar Hotel
2025-06-07 18:21:32,936 - INFO - Detay çekilen mekan: THE LÝMA SUÝTES KADIKÖY
2025-06-07 18:21:34,346 - INFO - Fotoðraf indirildi: C:\Users\islim\OneDrive\Masaüstü\istanbul_trafik_analizi\backend\data\photos\AXQCQNSpJxVOEunIAIO5FTyr4KXSNeO2DVkKmd30uzmoRKJDi4BDOWJbaQlp-j_ehNK9gGXspfpeZA18Nl9rhuQqWbsB615P_7fX.jpg
2025-06-07 18:21:36,064 - INFO - Fotoðraf indirildi: C:\Users\islim\OneDrive\Masaüstü\istanbul_trafik_analizi\backend\data\photos\AXQCQNTvg4S0bQeRXwZ5jA6Se4-RSM3U5HPyaUqzxW9p4xZpKvJp5TnvMp9V5j2Jpy-orqtz3LZzeKZoBEZlf-jSYe7DtaiGum4z.jpg
2025-06-07 18:21:37,803 - INFO - Fotoðraf indirildi: C:\Users\islim\OneDrive\Masaüstü\istanbul_trafik_analizi\backend\data\photos\AXQCQNRe_9vGJMCZxv7Ia0BSoPaw7P19-R8gxGW8ycckfseQDbqIqk2D5BkFt7MBDfJ82aELegpxy3qXRLiSwpGlxMgIrJ9M-pc2.jpg
2025-06-07 18:21:39,248 - INFO - Fotoðraf indirildi: C:\Users\islim\OneDrive\Masaüstü\istanbul_trafik_analizi\backend\data\photos\AXQCQNRUEBy5F_926M7HBFkFrs5hWjFHxA-hpCutgbtPbbGOt9pfAehGl6tXekgwuvC-Qgs-NIDRQy37V-wfXJ0s2Kw7kwUiQfd6.jpg
2025-06-07 18:21:41,025 - INFO - Fotoðraf indirildi: C:\Users\islim\OneDrive\Masaüstü\istanbul_trafik_analizi\backend\data\photos\AXQCQNTk4P5K61BsNybwiS5oDPh0cUDbYBTwHC_Q9lbwPLNbVKzSEXpf3V7ZwkCcAP08CMOckZ5C-m1t6aOvv2jSJWZODwokcsVt.jpg
2025-06-07 18:21:42,815 - INFO - Fotoðraf indirildi: C:\Users\islim\OneDrive\Masaüstü\istanbul_trafik_analizi\backend\data\photos\AXQCQNTvx7NyVjwGpGC19fcNoOZ-q7bHnpxpa-1iQBnFPIXjVjSyQMLNJ1YG0ZO73jNNnGggzlm4vhDWVRSNT9Q5h-rdlsXjtUkI.jpg
2025-06-07 18:21:44,454 - INFO - Fotoðraf indirildi: C:\Users\islim\OneDrive\Masaüstü\istanbul_trafik_analizi\backend\data\photos\AXQCQNSGRWuVMtZEDAOxDg9TJhgPxPHlFYDooTGLvnlnohlxnrdLQ8mtncz_TNqRAHXOMGIsMILyj1nlQ0U-S-4gADAiPu33UMSv.jpg
2025-06-07 18:21:46,264 - INFO - Fotoðraf indirildi: C:\Users\islim\OneDrive\Masaüstü\istanbul_trafik_analizi\backend\data\photos\AXQCQNSlVKQChy9mI8blR7SUtZi_-T8iEN6VG9t75GvbGQdwjTm-dloGH59Vr5IwiI1k4qLp6374755k_Gy8l-RBSfSQncVg7jFU.jpg
2025-06-07 18:21:47,992 - INFO - Fotoðraf indirildi: C:\Users\islim\OneDrive\Masaüstü\istanbul_trafik_analizi\backend\data\photos\AXQCQNTMQ4gi0dVMYpHlLtCZchycxrAUE1UWRAPf5nQTjJsomhRy_NzeWIJt4XwvdYIRVuGLVdfmelADQKZUYYcSEB9AUPhSc9s4.jpg
2025-06-07 18:21:49,654 - INFO - Fotoðraf indirildi: C:\Users\islim\OneDrive\Masaüstü\istanbul_trafik_analizi\backend\data\photos\AXQCQNTMTAfKdExvHgXi3u1Fn3R1ne_LBaFUBcrLmbC_gvg8frVUkBwNsuZz3RI4Uq6QKqmLobUOrZTlNByUhr3hI-4hje2ZRSBR.jpg
2025-06-07 18:21:49,654 - INFO - Mekan iþlendi: THE LÝMA SUÝTES KADIKÖY
2025-06-07 18:21:51,804 - INFO - Detay çekilen mekan: Stay Inn Taksim Hostel
2025-06-07 18:21:53,184 - INFO - Fotoðraf indirildi: C:\Users\islim\OneDrive\Masaüstü\istanbul_trafik_analizi\backend\data\photos\AXQCQNQo39P3v-O02H1QZcjptugOX7_bB6y79M30E_mLuY-RP52jPgzNjekbWla0bHNqmGIjKh7DfM0APUAcKN8jXrTVdj9AyeTr.jpg
2025-06-07 18:21:55,105 - INFO - Fotoðraf indirildi: C:\Users\islim\OneDrive\Masaüstü\istanbul_trafik_analizi\backend\data\photos\AXQCQNS9NBzRWi1ZDg8vFzEC6t5Nsa43HhwYMRhiBfFstPTLuZ6FVOSnNqSobTQUKZBFiCvVfHgsVznYwB3kKXWNBayN586fSNic.jpg
2025-06-07 18:21:56,810 - INFO - Fotoðraf indirildi: C:\Users\islim\OneDrive\Masaüstü\istanbul_trafik_analizi\backend\data\photos\AXQCQNTKL2ZTXx2fmiVICDRDmRnfFRGKTYzj9tdahecxQsq9UB4wpzbDy-C_GSmR7JAKxcALCqoqV0iDOexbpTxl07rM_z8kJ_Un.jpg
2025-06-07 18:21:58,772 - INFO - Fotoðraf indirildi: C:\Users\islim\OneDrive\Masaüstü\istanbul_trafik_analizi\backend\data\photos\AXQCQNSpY3K5RQyWl6g_Brg1pi7P0ek_k35NMaIWFns56SwmC8ey20PWpNKAEvDRn_ypL0etOIoeJhxWmyVFOWfTxknFx7r2uYmB.jpg
2025-06-07 18:22:00,444 - INFO - Fotoðraf indirildi: C:\Users\islim\OneDrive\Masaüstü\istanbul_trafik_analizi\backend\data\photos\AXQCQNQPLt1YIk0R-wD0J8pAvk8bFSIwY_qOfKzEb385tUCHgLm-GsTjrdciAE0ufYxAbfSz_2KIo3Wm3ReDI_k-ZZIEcMFbrQWf.jpg
2025-06-07 18:22:02,103 - INFO - Fotoðraf indirildi: C:\Users\islim\OneDrive\Masaüstü\istanbul_trafik_analizi\backend\data\photos\AXQCQNR5diWxMkO8bcXwrQn3D-KAyW2yn5IcGSpXgvZ69gSSBRtqujYZfJ68nQ7yFuQKNu21X9nk7R4rvYr5-cDuQ1fexvCfldXd.jpg
2025-06-07 18:22:03,879 - INFO - Fotoðraf indirildi: C:\Users\islim\OneDrive\Masaüstü\istanbul_trafik_analizi\backend\data\photos\AXQCQNS96WUL4l9QpgW6q_D5sku9Yg9YOj1lsq6iWljY2V0AJE5yxOIZcFas-aauv6uGhKdmodjTD2jJqo-qXtrY0AHuyONtAp1d.jpg
2025-06-07 18:22:05,694 - INFO - Fotoðraf indirildi: C:\Users\islim\OneDrive\Masaüstü\istanbul_trafik_analizi\backend\data\photos\AXQCQNQL0p9aaYiVYWWjM9PJOx1-kPa74Q_Ej-nthB4-IVZ9Z5XjPxCw2S0XMKnlCYWI5--42o1TyPM0bXjUePAOpwt1ha4o1Lr2.jpg
2025-06-07 18:22:07,594 - INFO - Fotoðraf indirildi: C:\Users\islim\OneDrive\Masaüstü\istanbul_trafik_analizi\backend\data\photos\AXQCQNT0q3xlkCDZtO9_agz1BaV9G_sY6cxr2ORna7PQjsT2q4JHj8iJ2Y3UW21Xhun6dg-JL8Q4xm311ID8_gyNHf7XTPCkdYyH.jpg
2025-06-07 18:22:09,404 - INFO - Fotoðraf indirildi: C:\Users\islim\OneDrive\Masaüstü\istanbul_trafik_analizi\backend\data\photos\AXQCQNRcrqFah0d5AhIOLUO1kOCAO_11YkrSh7uAhQc3HWnv6f25NT4bAFqstnDai2e17UBZtfCjL4_y9SeR68nv6ZvYGNDtHEz-.jpg
2025-06-07 18:22:09,410 - INFO - Mekan iþlendi: Stay Inn Taksim Hostel
2025-06-07 18:22:11,574 - INFO - Detay çekilen mekan: Pasaport Pier Ýstanbul
2025-06-07 18:22:13,250 - INFO - Fotoðraf indirildi: C:\Users\islim\OneDrive\Masaüstü\istanbul_trafik_analizi\backend\data\photos\AXQCQNQWFEgcDK3_fBnr2HwVYmo0TxKXP8-rbuzpXi6ckfxA3-3UpHgjjv7UCFXu6nG8kMeapLWIOOoTigI4fAQQKrkFCPFW50HO.jpg
2025-06-07 18:22:14,774 - INFO - Fotoðraf indirildi: C:\Users\islim\OneDrive\Masaüstü\istanbul_trafik_analizi\backend\data\photos\AXQCQNSUfCwvVYya2LYPktdXJqzn0icMMHhag7Rik_ecBZDPwGlvg3J4HgtNTIm9KzKYqrAxX6aheGvN79z-9sA_pVNe7Y12U4Bn.jpg
2025-06-07 18:22:16,306 - INFO - Fotoðraf indirildi: C:\Users\islim\OneDrive\Masaüstü\istanbul_trafik_analizi\backend\data\photos\AXQCQNSoFnNAKnCj4aOqlCFIEydD8M5gShBwL95XiS-m75lS8brejvHh9tRjz5KBz5vRbSp1gN6GuaxW4Ybedeb17EodMNZWjDZV.jpg
2025-06-07 18:22:17,884 - INFO - Fotoðraf indirildi: C:\Users\islim\OneDrive\Masaüstü\istanbul_trafik_analizi\backend\data\photos\AXQCQNQQ-9eNbrWq9n3C1kDmIOqt-Khl71zpQCuRgOrkxB-A1I_VAoifvuSEfk6LFZ7Wi4mbl1OKL-ishEA2mUCd1cZpHIo0eCxB.jpg
2025-06-07 18:22:19,254 - INFO - Fotoðraf indirildi: C:\Users\islim\OneDrive\Masaüstü\istanbul_trafik_analizi\backend\data\photos\AXQCQNQbDIkMRQrH2oP0lqWjZRqzzyL5Y-cHCYJNsR8Veq_ialnkMlImbQE8hNmCUKn1gkmsRhxtlG5qc-ptjnSKTd-vKgRbKRyQ.jpg
2025-06-07 18:22:20,588 - INFO - Fotoðraf indirildi: C:\Users\islim\OneDrive\Masaüstü\istanbul_trafik_analizi\backend\data\photos\AXQCQNTlun7Xq26b4DtupcGLRANgspHjQ-gWLnjzfGEY27PiIjca5gm5fsJGu0d56PbnG9Y-pi2r63_Gw0lyK2phk87IlxycsffT.jpg
2025-06-07 18:22:22,086 - INFO - Fotoðraf indirildi: C:\Users\islim\OneDrive\Masaüstü\istanbul_trafik_analizi\backend\data\photos\AXQCQNRl9l9-cCbhGls5EX9xYqfLiKGGbTQMnrn-Zew2e7xMNVUzpYzTXHbYVGm8vlj3MTvUjZ9rjtz3ICrOnlqdkIXpSZ9_3Gay.jpg
2025-06-07 18:22:23,749 - INFO - Fotoðraf indirildi: C:\Users\islim\OneDrive\Masaüstü\istanbul_trafik_analizi\backend\data\photos\AXQCQNRqEWOB-EiTSHivOSWHz4Ph5TTGvqrrQ_t6S56FCjGJp-fb-YVFbueqsQ4hdkxNxcsKTMNqGN_lD5lJeWirrRSJxeNJPPeJ.jpg
2025-06-07 18:22:25,281 - INFO - Fotoðraf indirildi: C:\Users\islim\OneDrive\Masaüstü\istanbul_trafik_analizi\backend\data\photos\AXQCQNTW_5j_1cvizUlEcrHbGTKX3Hyt2VA6qXxthF0w0n3k8Lhhxglig3a1jPb4P-y_MLHMx_4Un7Ek9G9F6MmiDVy7y-MAQGjb.jpg
2025-06-07 18:22:26,724 - INFO - Fotoðraf indirildi: C:\Users\islim\OneDrive\Masaüstü\istanbul_trafik_analizi\backend\data\photos\AXQCQNSAE_q2DAoiCfLUZ-tNnLE9Xc7YJVUHOP7RHXCHu2g2i6wqVzZ29WlJS2wkUFEaCkS3lvlSr153AveLEGnjUPIFf0c0a_Iz.jpg
2025-06-07 18:22:26,730 - INFO - Mekan iþlendi: Pasaport Pier Ýstanbul
2025-06-07 18:22:28,897 - INFO - Detay çekilen mekan: Mates Port Hotel
2025-06-07 18:22:30,428 - INFO - Fotoðraf indirildi: C:\Users\islim\OneDrive\Masaüstü\istanbul_trafik_analizi\backend\data\photos\AXQCQNS9VpD1ZDA35hb2XtBEw2cBeVlHKilm1CuRcjMGIwAygUEStfppEAOsMePaHzZUFPUbVyJ3EOxuRS1-c3HxNlHe7y8kWlzX.jpg
2025-06-07 18:22:31,954 - INFO - Fotoðraf indirildi: C:\Users\islim\OneDrive\Masaüstü\istanbul_trafik_analizi\backend\data\photos\AXQCQNSBHwSuxqvVhy7B9OE9uMPAO1UbiABb_QsHScmMQ6qzT3LBHn68WxSOg2_nsuYGSzQdYdlHW2lSxLgoOgYRUfCVaRNLsJjD.jpg
2025-06-07 18:22:33,826 - INFO - Fotoðraf indirildi: C:\Users\islim\OneDrive\Masaüstü\istanbul_trafik_analizi\backend\data\photos\AXQCQNQY0pd13Rg95oA5MJZxDlLofywCez6rbEebyerfoNgScZYDfUxnSoXt-JzKfIx4rLZ21P6Yo5CWHKUeUAdfK75wyfTSqLRo.jpg
2025-06-07 18:22:35,544 - INFO - Fotoðraf indirildi: C:\Users\islim\OneDrive\Masaüstü\istanbul_trafik_analizi\backend\data\photos\AXQCQNQzGygAUNY5X3Wbfi4FZFhuM5qqWOR6xl1Bqh8xXHrUPXHGXC7AeSZx8L3JW5l-30xybm8cLp4ec5GE-UQ4sAwE9FGOnE9N.jpg
2025-06-07 18:22:37,176 - INFO - Fotoðraf indirildi: C:\Users\islim\OneDrive\Masaüstü\istanbul_trafik_analizi\backend\data\photos\AXQCQNTgvQsYX5Y7PxH0TbJOcj-TxrQ1MrybJGYpNu0DgTFkZLQB7hhwywei2AEblX8RDelBUW4tRxURLsZc8SY3kIhLJ3DnXeun.jpg
2025-06-07 18:22:38,769 - INFO - Fotoðraf indirildi: C:\Users\islim\OneDrive\Masaüstü\istanbul_trafik_analizi\backend\data\photos\AXQCQNSvjbechT65VQea_xAQVAbajmoOzPoGAubXm6CpMzr5lfW244ggIT_1wxs-o-uBaa4bFrkTvZLBZQkcFdBFYI8munnmpxdO.jpg
2025-06-07 18:22:39,994 - INFO - Fotoðraf indirildi: C:\Users\islim\OneDrive\Masaüstü\istanbul_trafik_analizi\backend\data\photos\AXQCQNSqCHwsSEtab-nNBM3e8tFGy-18jpbMn86_FG9u05CYSwo2IQqCl2LxRVr_8gAXnnBZkgK5SGf_sFhYOkSjd3clqHfaA6Xj.jpg
2025-06-07 18:22:41,462 - INFO - Fotoðraf indirildi: C:\Users\islim\OneDrive\Masaüstü\istanbul_trafik_analizi\backend\data\photos\AXQCQNR3raOMZiDBEaTn2Lm_rzp2OiCtdEu5vhStK-g4Am69GEVli8FXFqQRx2ERG8fY3yMT2k25f5ublaKrwPU0AKGNwzPgEg8Q.jpg
2025-06-07 18:22:42,916 - INFO - Fotoðraf indirildi: C:\Users\islim\OneDrive\Masaüstü\istanbul_trafik_analizi\backend\data\photos\AXQCQNS6XYvzElQDeALYNrDyKGET3R65auzLUF1UTAJq5ufz4eHIJJ-O6XV3D7RiGwJw1IadnEIqpAUdn_CCbZ1JZGm5eUsx8w-q.jpg
2025-06-07 18:22:44,417 - INFO - Fotoðraf indirildi: C:\Users\islim\OneDrive\Masaüstü\istanbul_trafik_analizi\backend\data\photos\AXQCQNQEd5O30y3rfJ2JEwJ96_8_sYC6UCOPQtSJY9DklqjKjRkGeT_sw06Y3M7K_JBKlGmW1_qVuKcg0ofFTNnux5Vhq7vVBWT3.jpg
2025-06-07 18:22:44,419 - INFO - Mekan iþlendi: Mates Port Hotel
2025-06-07 18:22:46,554 - INFO - Detay çekilen mekan: Veni Vidi Dormi
2025-06-07 18:22:47,748 - INFO - Fotoðraf indirildi: C:\Users\islim\OneDrive\Masaüstü\istanbul_trafik_analizi\backend\data\photos\AXQCQNRyA9c9-WvZHBnGBIYLQBB2XIJXBrZ6SmNUrUs5aBFLDH7cuQXTTjV4ZhghNwLVU6KS_PhJ4Gfct42r6hJoGI1Bs9Tluqiu.jpg
2025-06-07 18:22:49,014 - INFO - Fotoðraf indirildi: C:\Users\islim\OneDrive\Masaüstü\istanbul_trafik_analizi\backend\data\photos\AXQCQNRx19B_818Mkzgr2gbgXXUGdOWuojw1ALZ1meoFXlz9gVfMN7rDt_YDt3jiIHYSymh4Y20keRLT7yj0v9NjEjHMNNZk3qhV.jpg
2025-06-07 18:22:50,006 - INFO - Fotoðraf indirildi: C:\Users\islim\OneDrive\Masaüstü\istanbul_trafik_analizi\backend\data\photos\AXQCQNSUhGLtbuD58pItv-M7uOC1tHl0OBxbtjLQEtTzmhOdvLYbgTj9yeoORaxzPNbXHccLIK7SIgRlV9n3fxy1nES-kCZbglhx.jpg
2025-06-07 18:22:51,477 - INFO - Fotoðraf indirildi: C:\Users\islim\OneDrive\Masaüstü\istanbul_trafik_analizi\backend\data\photos\AXQCQNQl1bJ-xMsz9Fz0sbxV2kDPEAOlnIXwyTT2ORVjxrTmG69lpxV8Je-coSZmqPnvz_mOb44UY2JXAbroC6vWmp1zJYXl3wrb.jpg
2025-06-07 18:22:52,804 - INFO - Fotoðraf indirildi: C:\Users\islim\OneDrive\Masaüstü\istanbul_trafik_analizi\backend\data\photos\AXQCQNRPbAk3WGqG3DE3RXnIvJ-s4hHDElpVvMhZjhD6qC_RG7d9AVLaad6Wu-mUfELo5dEYrtrEEBGOhPQkhGMMKwRTeVXU6OZt.jpg
2025-06-07 18:22:55,817 - INFO - Fotoðraf indirildi: C:\Users\islim\OneDrive\Masaüstü\istanbul_trafik_analizi\backend\data\photos\AXQCQNRzklMOAsgp_nGWvD_jc-AdXqzW6nTK7ZxNaQXg0ImiX7vLcx_a30ysKFe_T7oNppc0aJ40ZEhW2WBf6xWAuBc58r84Vo93.jpg
2025-06-07 18:22:56,888 - INFO - Fotoðraf indirildi: C:\Users\islim\OneDrive\Masaüstü\istanbul_trafik_analizi\backend\data\photos\AXQCQNTuRhGRq_GtZEydULvF2Ovku9RQLl_MDPIZm5KXgPv4C0Lr9OO5KrbF1_WVVeXwJlV8Cnk1J6MeCdvZj4P7GVf4UenLLrN9.jpg
2025-06-07 18:22:58,522 - INFO - Fotoðraf indirildi: C:\Users\islim\OneDrive\Masaüstü\istanbul_trafik_analizi\backend\data\photos\AXQCQNT8ANxsl8UavgfNQlEQQFGrcSIUIgjb4X_9gO15TfBlYgBFXlwEjrWtgFRyFF1XBriXNQojP_4bEK5I15exSqpvUWQH93TL.jpg
2025-06-07 18:22:59,981 - INFO - Fotoðraf indirildi: C:\Users\islim\OneDrive\Masaüstü\istanbul_trafik_analizi\backend\data\photos\AXQCQNTorFq3UV_6RDhKLUFqQhCb73IIAz2bCBku-N4HGui0yMU2ACprXcqFTp3_OqqWKm13yYdhtKWSmDQAbmOpx8sSoCV8Dy-V.jpg
2025-06-07 18:23:01,290 - INFO - Fotoðraf indirildi: C:\Users\islim\OneDrive\Masaüstü\istanbul_trafik_analizi\backend\data\photos\AXQCQNS7vPlB5bGgzLlLAiy1wMEetV-CxEZJrF0I6YU7W4vrEvjXm8V4hcs1EhVxyYHMopcLmgbP7qH6TGkJiUkwaKTxK4b1tjyj.jpg
2025-06-07 18:23:01,294 - INFO - Mekan iþlendi: Veni Vidi Dormi
2025-06-07 18:23:03,515 - INFO - Detay çekilen mekan: BARBAROSSA HOTEL
2025-06-07 18:23:04,964 - INFO - Fotoðraf indirildi: C:\Users\islim\OneDrive\Masaüstü\istanbul_trafik_analizi\backend\data\photos\AXQCQNQSUc45jchFZs_JUlZc9QFOi1gtcXNezRx6W8MqeVVlqnZzz2Fv8pVOzdgpQ4Y9HYL5MpYaMhKCkpkVMWnofn5pIBz9yEd8.jpg
2025-06-07 18:23:06,312 - INFO - Fotoðraf indirildi: C:\Users\islim\OneDrive\Masaüstü\istanbul_trafik_analizi\backend\data\photos\AXQCQNSkQchoVCugLYBtMSpa5qEJIqAz29JkFWiF5S1xvhmjkk9AqhkSbLr2J2gLzy9qRPABQ3N9pgpZF1zpFBbeaITK7CYLFY--.jpg
2025-06-07 18:23:07,907 - INFO - Fotoðraf indirildi: C:\Users\islim\OneDrive\Masaüstü\istanbul_trafik_analizi\backend\data\photos\AXQCQNQ-tdZuwJ68BkX62yBSU3RifweQ8oykJh3BA9Uj-VLSTOWOEgk5WHCMrF9NIiBSUSi1T8pP8OU5p6BHo4hHgNV5dhRAZhf3.jpg
2025-06-07 18:23:09,113 - INFO - Fotoðraf indirildi: C:\Users\islim\OneDrive\Masaüstü\istanbul_trafik_analizi\backend\data\photos\AXQCQNQIyyh0HpBZHWxraljWe2Hl71cAPl2H3E67XOnGEio29lVLo8FRLvKFn4zIeb2rDkSCjbKz6k_GjZ3Ci5AV7X_stmzaCsi3.jpg
2025-06-07 18:23:10,805 - INFO - Fotoðraf indirildi: C:\Users\islim\OneDrive\Masaüstü\istanbul_trafik_analizi\backend\data\photos\AXQCQNQEbp4jusgbBXUQinJgprSZdRWgUVvRupiZcEj2a1cj1jyqUidRmgJRcUpdi9IAmRMgrulO4XpSO7Zc8pV0ClOTGabtWV4O.jpg
2025-06-07 18:23:12,474 - INFO - Fotoðraf indirildi: C:\Users\islim\OneDrive\Masaüstü\istanbul_trafik_analizi\backend\data\photos\AXQCQNQ25xW7HEMCeGrDYX1w46CDhVAtSaFLFqSAoeB6SsoMKLIX_k0QtQ6sjYZysXINX-ZSKsLIfQbS-KL3EYhrVTumJ2uxOnHN.jpg
2025-06-07 18:23:13,784 - INFO - Fotoðraf indirildi: C:\Users\islim\OneDrive\Masaüstü\istanbul_trafik_analizi\backend\data\photos\AXQCQNRacIxBBBdLUR5OgDHm0oDYeEcgshKcmWQDy9b1HKY7WlZmZWONyK2dwxmdv0JvXgBZgZoJJapA048wolWnGQb914Em599i.jpg
2025-06-07 18:23:14,994 - INFO - Fotoðraf indirildi: C:\Users\islim\OneDrive\Masaüstü\istanbul_trafik_analizi\backend\data\photos\AXQCQNRFNqszenuOqV048sICCCCobAqNVEcUbV3WsOmbe371WJ7_YrNEfgtavfN882e0abRSDYeoguXM03cQNWwYbE83y_G15qo-.jpg
2025-06-07 18:23:16,235 - INFO - Fotoðraf indirildi: C:\Users\islim\OneDrive\Masaüstü\istanbul_trafik_analizi\backend\data\photos\AXQCQNS47GgFaGsPXbFk8yFuQ26HxV56FNuEOjkesZ21zt3CIXtX1yUH9Pj5mHhh7bLjIjvfI32XD0HmpqL3HwOb2-oV1-XV1NgH.jpg
2025-06-07 18:23:17,591 - INFO - Fotoðraf indirildi: C:\Users\islim\OneDrive\Masaüstü\istanbul_trafik_analizi\backend\data\photos\AXQCQNR4cXvm2vR3O1kN2Sa3yTiZslSlFKJu0SWkfKnt12zlxzi3u1CjV7s-W9tRoEixU5xjHdWsXW6z39RKkllyEulk0ftGDMnS.jpg
2025-06-07 18:23:17,594 - INFO - Mekan iþlendi: BARBAROSSA HOTEL
2025-06-07 18:23:19,762 - INFO - Detay çekilen mekan: Baykal Hotel
2025-06-07 18:23:21,028 - INFO - Fotoðraf indirildi: C:\Users\islim\OneDrive\Masaüstü\istanbul_trafik_analizi\backend\data\photos\AXQCQNTYplCRlPa1vIWTjxppI79PZ4pW8sdDAvA-8yf6U4DMzGjBXVZSyqHXgEms8touRatk1Z88FonDiEjyyM4Y1IGzi9lLDkxn.jpg
2025-06-07 18:23:22,167 - INFO - Fotoðraf indirildi: C:\Users\islim\OneDrive\Masaüstü\istanbul_trafik_analizi\backend\data\photos\AXQCQNQ58aObaLdk9dgQDZezKw2TxJf9rEb7b3EvxMKTPUTTjGy1tIVwyNuLphlin0Omjo4OURi5VfN7U2nV5WL2E44HlXr1iEUq.jpg
2025-06-07 18:23:23,397 - INFO - Fotoðraf indirildi: C:\Users\islim\OneDrive\Masaüstü\istanbul_trafik_analizi\backend\data\photos\AXQCQNTZCd69NyhcsaSOTeyiHbdsIGfsi9V1eZkq1Q41MCnM0LGOsFv9WYR8mMwfyIw3f0Ibg297CNJdzCREdIxFHrC7qdBEV2ma.jpg
2025-06-07 18:23:24,554 - INFO - Fotoðraf indirildi: C:\Users\islim\OneDrive\Masaüstü\istanbul_trafik_analizi\backend\data\photos\AXQCQNR7ptYhHRa6nBdFcBaZRAK1CtwoCN3ehxmQRKqVle83xiB482nmBWSf7kMOQaMTz6V7vpbZaaUlLSL-UMF6pDoZXHYQJYWK.jpg
2025-06-07 18:23:26,194 - INFO - Fotoðraf indirildi: C:\Users\islim\OneDrive\Masaüstü\istanbul_trafik_analizi\backend\data\photos\AXQCQNTHvN0P3sYzsTxfGHXEY-s3vgfOJwuCzjaQx2VtYhmnAC-WuFXfYI69kH9z-osvKJlhzbS4n2ywwjGkzsGoolgoMgzJ7NPW.jpg
2025-06-07 18:23:27,618 - INFO - Fotoðraf indirildi: C:\Users\islim\OneDrive\Masaüstü\istanbul_trafik_analizi\backend\data\photos\AXQCQNQZS8sbvHzyKBd8Zy-MTmGJYHaIK48OXEY-bD5NRL4fu9vwgpkfoDdRMuxRXj--viWv6ZTO5HtfhKMcQQxcM_QHSRBDUmUN.jpg
2025-06-07 18:23:29,599 - INFO - Fotoðraf indirildi: C:\Users\islim\OneDrive\Masaüstü\istanbul_trafik_analizi\backend\data\photos\AXQCQNQgZ2BJFRgsdHWXnTdJ3jgnuFReVJ9EjzkBbCoB75ZCIVyNcWeuv-4THKMdn45Bl0oEm_M6Z_ZmLejB7gVrizjJch2vIOJH.jpg
2025-06-07 18:23:32,570 - INFO - Fotoðraf indirildi: C:\Users\islim\OneDrive\Masaüstü\istanbul_trafik_analizi\backend\data\photos\AXQCQNQlQPMXXW1GWN39q5tH5JB-WZol31kUUCdpd8JvZ-mfyja8jgUK0KbEgOdgVMCu-myDT3-pE5nN3ILwXHNIUHLtTvgn8rVz.jpg
2025-06-07 18:23:35,696 - INFO - Fotoðraf indirildi: C:\Users\islim\OneDrive\Masaüstü\istanbul_trafik_analizi\backend\data\photos\AXQCQNRydZPKtWF01MTYqOTWS82wonJza0gh5VP11A2FPVhou_8NM_yT5f79VSrcQ4LXIx1T4RRoT3v9jbQ1x92b8xGFlSPZKTEi.jpg
2025-06-07 18:23:37,107 - INFO - Fotoðraf indirildi: C:\Users\islim\OneDrive\Masaüstü\istanbul_trafik_analizi\backend\data\photos\AXQCQNT4r8i4AiePkv-diHO9FgQZwbiQn_11FraiPxx1QILMybd3tVu1r0aCSvuUWW4Yw2OFTs1MD1OJ6M44UHX38Oa9VYYU9o-K.jpg
2025-06-07 18:23:37,113 - INFO - Mekan iþlendi: Baykal Hotel
2025-06-07 18:23:39,259 - INFO - Detay çekilen mekan: Sultanahmet Hotel Han
2025-06-07 18:23:40,746 - INFO - Fotoðraf indirildi: C:\Users\islim\OneDrive\Masaüstü\istanbul_trafik_analizi\backend\data\photos\AXQCQNSHzcEO6ogS1xnvXi6v-riX_SlrCJtCujpux6bJdrYpNTy8wcR6HTk-I2D8wmzG-mdpFtao3-yZPUuNYoe1l6rPFZUGAojd.jpg
2025-06-07 18:23:43,730 - INFO - Fotoðraf indirildi: C:\Users\islim\OneDrive\Masaüstü\istanbul_trafik_analizi\backend\data\photos\AXQCQNQ5I3ew2sMgaNHOnvI0RNzpj2hnIrQRi4NKArwGT8IWQIhRC3TXnAPtQbR096jptQReYK-Buiah8f-sNPkF9VN-xxTvXY3P.jpg
2025-06-07 18:23:45,107 - INFO - Fotoðraf indirildi: C:\Users\islim\OneDrive\Masaüstü\istanbul_trafik_analizi\backend\data\photos\AXQCQNRzj6B-l9TBkCpltw61jefKpohOxZA9OMK5sbNnCkI-WguKaOxteRlWiQd2zSnnzShV6OtQeNfb94InHc7hO7UHtEX-g1Ff.jpg
2025-06-07 18:23:46,714 - INFO - Fotoðraf indirildi: C:\Users\islim\OneDrive\Masaüstü\istanbul_trafik_analizi\backend\data\photos\AXQCQNTVTZtCwQ2vp40-xR-aRY7g7MURmVhWsMRKIB7KIdnPlsn4WxUHGjgEkmyKHGh17dNj7aIgKQDMxiDL52GqruVoxewa4Unw.jpg
2025-06-07 18:23:48,263 - INFO - Fotoðraf indirildi: C:\Users\islim\OneDrive\Masaüstü\istanbul_trafik_analizi\backend\data\photos\AXQCQNQro15o0lQI5h9kQLZi5ueWlhRTwhYpZxQ5OKXAnh1fFgzx4ounJM8hNV4iptgqiVPnz-25_zIQRpKPjg0jhYAMaSgvnW2b.jpg
2025-06-07 18:23:49,681 - INFO - Fotoðraf indirildi: C:\Users\islim\OneDrive\Masaüstü\istanbul_trafik_analizi\backend\data\photos\AXQCQNTrw8eFSvkMRGde-C_F5m5KelBxXtxWk_BjIjAorG7jmxQbn2MUliWkdXo6oJHy2I-3rVpLewUq0gu8yD3QKERBYJz7mc8t.jpg
2025-06-07 18:23:50,906 - INFO - Fotoðraf indirildi: C:\Users\islim\OneDrive\Masaüstü\istanbul_trafik_analizi\backend\data\photos\AXQCQNQRVJuUVthFF9_HlN78ktP6JYChc_cS-yym-s79dlqW3uQP4NDsSfpJzqC_kEzGt0GMfh-JVpyvyZLDpcr2sVFh4xmNcjrO.jpg
2025-06-07 18:23:52,284 - INFO - Fotoðraf indirildi: C:\Users\islim\OneDrive\Masaüstü\istanbul_trafik_analizi\backend\data\photos\AXQCQNS59nsohuimoMwApaROOXEMCbdP4KwKRefovd-ubUsK1rfGCThEKARbGnJDsuCeIttuyywmcLd94OP8HcgET2tp9ZQm-9t7.jpg
2025-06-07 18:33:51,524 - INFO - Klasörler oluþturuldu: C:\Users\islim\OneDrive\Masaüstü\istanbul_trafik_analizi\backend\data, C:\Users\islim\OneDrive\Masaüstü\istanbul_trafik_analizi\backend\data\photos
2025-06-07 18:33:51,524 - INFO - API queries_quota: 60
2025-06-07 18:33:52,474 - INFO - Google Maps API baþarýyla baþlatýldý
2025-06-07 18:33:52,474 - INFO - Restoranlar aranýyor...
2025-06-07 18:33:52,984 - INFO - API'dan dönen sonuç sayýsý: 20
2025-06-07 18:33:55,812 - INFO - API'dan dönen sonuç sayýsý: 20
2025-06-07 18:33:57,815 - INFO - Toplam çekilen mekan: 40
2025-06-07 18:33:58,049 - INFO - Detay çekilen mekan: Hanzade Terrace Restaurant
2025-06-07 18:34:04,990 - INFO - Fotoðraf indirildi: C:\Users\islim\OneDrive\Masaüstü\istanbul_trafik_analizi\backend\data\photos\AXQCQNQIjWCtfJRIen8rukzBnhv1x0PN-P2vwa_ncgmS8r3ZGWAERRnG_DLEWPXAdr3X8gSGfajMZRuQPyGXLfQGWWB7zvp6Utys.jpg
2025-06-07 18:34:15,658 - INFO - Fotoðraf indirildi: C:\Users\islim\OneDrive\Masaüstü\istanbul_trafik_analizi\backend\data\photos\AXQCQNQF0XOJ5rDIWqhN52XZSC2_E0DWD-NrVtx8mEbyA_z8xVyHU3TlMSR0YQMRte-4YSTi2lEcB2lCq12OTCywDEGg1U6gWPuS.jpg
2025-06-07 18:34:17,974 - INFO - Fotoðraf indirildi: C:\Users\islim\OneDrive\Masaüstü\istanbul_trafik_analizi\backend\data\photos\AXQCQNS93iVKe4krBsiPsk0jANuIh5G8uEk6TNJVt4uPn34gNR5b-ddg1snkQ3rWKhCiOvBUl57YKqn9NnNid2T01LSUfH49w3dA.jpg
2025-06-07 18:34:19,708 - INFO - Fotoðraf indirildi: C:\Users\islim\OneDrive\Masaüstü\istanbul_trafik_analizi\backend\data\photos\AXQCQNSzk5EisFSK3lpVcGr1wduM9zJGzAjxaNcRbiC1IT-nlSy2_8LmxYD_Ip27YD6_2SsoP76kE7h8mnUkGopG4TYn5tuL1htd.jpg
2025-06-07 18:34:21,251 - INFO - Fotoðraf indirildi: C:\Users\islim\OneDrive\Masaüstü\istanbul_trafik_analizi\backend\data\photos\AXQCQNShHDjtPakSGNChLD4UxIa3NCvNh3peTQBlBXJaHsSkf8iXMQq1mv4oMsNL8DJseu12BFOhyoTNZJUHcFmQ2XhUxXLNyKW5.jpg
2025-06-07 18:34:23,252 - INFO - Fotoðraf indirildi: C:\Users\islim\OneDrive\Masaüstü\istanbul_trafik_analizi\backend\data\photos\AXQCQNQBXuUJNp8BvUMKfdPwE5QGJsRWcwY10TkRWCWJJA8Abn7l51J_upgRSeMyDliFIN6of8C88LO--zf136D0-WQUSsy3kUIN.jpg
2025-06-07 18:34:25,344 - INFO - Fotoðraf indirildi: C:\Users\islim\OneDrive\Masaüstü\istanbul_trafik_analizi\backend\data\photos\AXQCQNR6mzXKFHiOKjGY8daMv6-gQyXprxwo4iEICagNU5SCULuxEdYyORcya3rouhx4QkLRTvuLm2VBPmAAQjVNAm9I7XUnaKUp.jpg
2025-06-07 18:34:28,097 - INFO - Fotoðraf indirildi: C:\Users\islim\OneDrive\Masaüstü\istanbul_trafik_analizi\backend\data\photos\AXQCQNQBhpLotqo9sy3NdmCpXSaQuoiLGBll0JMgqBk77n-dsUVzLfLWYeTBrFS1vnPW9bq-CfN9yvgzCRpJQ5yPAHww60TU9agQ.jpg
2025-06-07 18:34:33,054 - INFO - Fotoðraf indirildi: C:\Users\islim\OneDrive\Masaüstü\istanbul_trafik_analizi\backend\data\photos\AXQCQNTDuAeXeZVg-8g7kJyxlxKPHXiKhDmB7gUcbysVuM-PflfVZ5UGfmacVcGr_vMkjRqn6FtViaSnjAHzVs83L534uJ0KmUMx.jpg
2025-06-07 18:34:36,096 - INFO - Fotoðraf indirildi: C:\Users\islim\OneDrive\Masaüstü\istanbul_trafik_analizi\backend\data\photos\AXQCQNRO-LeK0aHQART1Sj59OyduZLzFGV6XLtLH9s1PwcbUJ0RN53LElZaDCkOWWz68UbDvXzxls2WY-ZP0ID98xKJ1f7LLuVCW.jpg
2025-06-07 18:34:36,098 - INFO - Mekan iþlendi: Hanzade Terrace Restaurant
2025-06-07 18:34:38,954 - INFO - Detay çekilen mekan: BUHARA FÝSH MEAT HOUSE ROOF
2025-06-07 18:34:42,364 - INFO - Fotoðraf indirildi: C:\Users\islim\OneDrive\Masaüstü\istanbul_trafik_analizi\backend\data\photos\AXQCQNR_79gR9jEs-fMeO-4xo87pF543zoTNxLIy90meDf_Q4_4GR3mWfezDi_86QhHfrMnVKNra5BE8G9tvU9vywBTrT_TvYhgH.jpg
2025-06-07 18:34:54,954 - ERROR - Fotoðraf indirme hatasý: ('Connection aborted.', RemoteDisconnected('Remote end closed connection without response'))
2025-06-07 18:34:58,646 - INFO - Fotoðraf indirildi: C:\Users\islim\OneDrive\Masaüstü\istanbul_trafik_analizi\backend\data\photos\AXQCQNTWmKFEkfJA-6gikuzYQnWJMs46w4CVnKHAf8cPDkpFYUNuhJsavRvP-UTpHkt1XfGbr6EBxI6xqXloESvukJR0SRh_taK4.jpg
2025-06-07 18:35:00,816 - INFO - Fotoðraf indirildi: C:\Users\islim\OneDrive\Masaüstü\istanbul_trafik_analizi\backend\data\photos\AXQCQNRs-6v1f8WpgWCDtdELRjIi9OQraI9upCEO4tkkh05jf-e5goXFd5uAAKCbuwBJxiTyHKLjzYckrzqbS-2ysmHQQv_kLiao.jpg
2025-06-07 18:35:04,354 - INFO - Fotoðraf indirildi: C:\Users\islim\OneDrive\Masaüstü\istanbul_trafik_analizi\backend\data\photos\AXQCQNTGV7fZClqTiY76EpPSscLNE5WepLFCQekPyH_DVnn_kL4W-OT0gOkdP9CvK5kMQkCgvjMNxMRHAqt92ORurtb-Vm71b_OA.jpg
2025-06-07 18:35:07,275 - INFO - Fotoðraf indirildi: C:\Users\islim\OneDrive\Masaüstü\istanbul_trafik_analizi\backend\data\photos\AXQCQNSOMDaALmtO42Wo9nKG3ABKNxgf_JPRUBVKE8mPpzkKvw6rv8ZXzL1KbTFK6RlXMmtkYDhkspH6iR4yLonayVUTzv_qXt4W.jpg
2025-06-07 18:35:11,594 - INFO - Fotoðraf indirildi: C:\Users\islim\OneDrive\Masaüstü\istanbul_trafik_analizi\backend\data\photos\AXQCQNS2OPTFgst_jJezatzyxzBQOCg5y4-mPdiG5qaU_8mljthZemdLUiWNVf-oZsDWUcmNljfdzdKJ4tuImltb8oOx4Bzw8XjM.jpg
2025-06-07 18:35:13,614 - INFO - Fotoðraf indirildi: C:\Users\islim\OneDrive\Masaüstü\istanbul_trafik_analizi\backend\data\photos\AXQCQNR58TR5yklwXk55CP4qXCA-OuliAgnz12NC7ZR8HncboobwAJOqV9sn8--UP6r70mPT-FWAhnOZFSfI-m11u0v5FnrIUp1q.jpg
2025-06-07 18:35:18,848 - INFO - Fotoðraf indirildi: C:\Users\islim\OneDrive\Masaüstü\istanbul_trafik_analizi\backend\data\photos\AXQCQNQh1nFvlyIDmAm4mRDhxcBXfLYEYRg2LzbluYjbDWtuGHgAo4ftmlyWv_fOna4cHzVU1uPPcwR2v-a262bw20cOZ_JGVB94.jpg
2025-06-07 18:35:22,956 - INFO - Fotoðraf indirildi: C:\Users\islim\OneDrive\Masaüstü\istanbul_trafik_analizi\backend\data\photos\AXQCQNTgphhTEsd_h1S6c85qjACjqO0-m_QMJGkHPFvjdibk8dYmCASkikaqNbmNZarVgFrIj031bTvtxfb3HtC3gfrfDXrhjc8g.jpg
2025-06-07 18:35:22,960 - INFO - Mekan iþlendi: BUHARA FÝSH MEAT HOUSE ROOF
2025-06-07 18:35:25,328 - INFO - Detay çekilen mekan: Roof Panorama Ýstanbul
2025-06-07 18:35:30,094 - INFO - Fotoðraf indirildi: C:\Users\islim\OneDrive\Masaüstü\istanbul_trafik_analizi\backend\data\photos\AXQCQNRFBVylCltV-vKRfi82Ne8d7wH0jxyQM0Iu5wTfHlo10s5zggEekxLva45u3l4FetImeHoy-b0JHCdJnwKnBi-ApFVjtq9I.jpg
2025-06-07 18:35:36,816 - INFO - Fotoðraf indirildi: C:\Users\islim\OneDrive\Masaüstü\istanbul_trafik_analizi\backend\data\photos\AXQCQNRuMRuDsAF0ZQI_K_FJxfBqeFTTV7ZXnzbQKoGWZAGhSDi-5DeHZmARmwctKI51nGkjNLyo8_3Jd57tKzo7ewfGyUWUgwI4.jpg
2025-06-07 18:35:39,475 - INFO - Fotoðraf indirildi: C:\Users\islim\OneDrive\Masaüstü\istanbul_trafik_analizi\backend\data\photos\AXQCQNSuS86rkwZszjuiZ_vHd5AH_7lCTOONPDv-f26gE7j-DJH1HtEtgsUQY7pQXzMLmspprbVvV-p0NeH0HO0A7Uet9lnudOqp.jpg
2025-06-07 18:35:41,124 - INFO - Fotoðraf indirildi: C:\Users\islim\OneDrive\Masaüstü\istanbul_trafik_analizi\backend\data\photos\AXQCQNTAxc1qI0eEsvUQgFWoadM6WJS6ldVTxXIrHF_eNgpSR_YxP9cH_ASor2xMvfMNqjVtLTJ9ZU7Nl2qwfPUMA0olIOwvQCLm.jpg
2025-06-07 18:35:42,812 - INFO - Fotoðraf indirildi: C:\Users\islim\OneDrive\Masaüstü\istanbul_trafik_analizi\backend\data\photos\AXQCQNR-61RcCS3V9NXUjtFgHqQfylj1-hHmL-DcmNzJIrnDviWPDX5VVX1qldRGp3H3g20mfX__g8BikX9N9vruV_W694yT3wJG.jpg
2025-06-07 18:35:44,294 - INFO - Fotoðraf indirildi: C:\Users\islim\OneDrive\Masaüstü\istanbul_trafik_analizi\backend\data\photos\AXQCQNSMfyc2uCuSEEF6zPzewdkCRSk0XppwLfzAzabK3mOPxvvTK_qyEuM6AeO19xYL-rVZK76A-svuuyKVpIFc243oAT4R-bPv.jpg
2025-06-07 18:35:45,666 - INFO - Fotoðraf indirildi: C:\Users\islim\OneDrive\Masaüstü\istanbul_trafik_analizi\backend\data\photos\AXQCQNRY9belnrievZnOVwf5ef5-AZNmMO0WXHgD9yjrg2_inOZv5frsw1Ky0NTsoVWzDJQLSADmgrvZJV8q5FJvY8Cd278lNAnR.jpg
2025-06-07 18:35:47,084 - INFO - Fotoðraf indirildi: C:\Users\islim\OneDrive\Masaüstü\istanbul_trafik_analizi\backend\data\photos\AXQCQNTsRxhLLp-1Dw8iu6b44ReEgCpgBasZ3ryyq83z6vI5br4sdGAUU8rdvg8ZS-7ZxiRZknq8EEXf1cBm_woi60f0lF0MRxMk.jpg
2025-06-07 18:35:48,485 - INFO - Fotoðraf indirildi: C:\Users\islim\OneDrive\Masaüstü\istanbul_trafik_analizi\backend\data\photos\AXQCQNS9_NKG-l88Sr29MEXGmCrx73lzE5GI_inu_yjkKVowFpze7s4IqcJfkgtgEryV9cWFsPqD8sx4Pp7lqZWyhf0AwkCRzWBD.jpg
2025-06-07 18:35:50,574 - INFO - Fotoðraf indirildi: C:\Users\islim\OneDrive\Masaüstü\istanbul_trafik_analizi\backend\data\photos\AXQCQNRE0HUDVz6buB668HF0iPt_s3HcA3E8ori7L-FrE_McQTweMZScH0uHuZyJy0Jc-A-3XTY308V_HWvaadxbP_fM_w1W82k0.jpg
2025-06-07 18:35:50,574 - INFO - Mekan iþlendi: Roof Panorama Ýstanbul
2025-06-07 18:35:52,734 - INFO - Detay çekilen mekan: Pino Gare Roof Restaurant
2025-06-07 18:35:54,374 - INFO - Fotoðraf indirildi: C:\Users\islim\OneDrive\Masaüstü\istanbul_trafik_analizi\backend\data\photos\AXQCQNRYQwBVSs6i66bzQ8muTBuSavhKt5KfhgVax_T50ZVwYhSy4U93GV7gwiTYMw9LfdlSlz0Ti6Mm5aQ053i4FXvZdCynW1RN.jpg
2025-06-07 18:35:56,227 - INFO - Fotoðraf indirildi: C:\Users\islim\OneDrive\Masaüstü\istanbul_trafik_analizi\backend\data\photos\AXQCQNSRlS33GzN_Q2yRjbiSfZn-_LCbN52UijbuqYpVir6Lo76c0-z-Rj88b3uDwbhWTv-LySqOvhTEEENpv3ZxC7OTjswMD0he.jpg
2025-06-07 18:35:58,090 - INFO - Fotoðraf indirildi: C:\Users\islim\OneDrive\Masaüstü\istanbul_trafik_analizi\backend\data\photos\AXQCQNTsjoGTuD0QAgRDjFV83ZxyTgDjExtuwdYXL8jPTPaPurXft5QTBQCZ4jAjuLX5nJbOuKoq1aY4bZlHBKeaK1p_AFRy0lPH.jpg
2025-06-07 18:35:59,544 - INFO - Fotoðraf indirildi: C:\Users\islim\OneDrive\Masaüstü\istanbul_trafik_analizi\backend\data\photos\AXQCQNQanCyOKUqQblYreV0z9NS3vU-1_-SqP4Zrr0r2J8ArthcbExy2iSLxvc1doxH0M3T7VEcZEmt2thnjuQSuAwTsLUmet1AN.jpg
2025-06-07 18:36:02,794 - INFO - Fotoðraf indirildi: C:\Users\islim\OneDrive\Masaüstü\istanbul_trafik_analizi\backend\data\photos\AXQCQNRYGLdXp51st22ajNaW3zQLP2YiOrgizbYvglp0hvmwZMgEhoQhy1EwWEdULDAAzZyL8mMHnyKXYcknaVxV5d5AL3n3vjoi.jpg
2025-06-07 18:36:04,778 - INFO - Fotoðraf indirildi: C:\Users\islim\OneDrive\Masaüstü\istanbul_trafik_analizi\backend\data\photos\AXQCQNSpm28F-nFt8_y41hZvlkBrEwFlVycQCN-ZVcBVG-9xjUy50bjASKypbqeUmYMbt5FtfdYXJPwwo-OtmvCKU7YQ4wShWpGk.jpg
2025-06-07 18:36:07,784 - INFO - Fotoðraf indirildi: C:\Users\islim\OneDrive\Masaüstü\istanbul_trafik_analizi\backend\data\photos\AXQCQNRsycZob1xWN1yByku9u-AetGuBz6A-d_aILloWHgU2iIjXynhOrptOLSVGFmkTgpCP4fZif8slUAnU5E9Ap9_7AkB8Y9dJ.jpg
2025-06-07 18:36:17,744 - INFO - Fotoðraf indirildi: C:\Users\islim\OneDrive\Masaüstü\istanbul_trafik_analizi\backend\data\photos\AXQCQNT7dLyPVQ0Ln-OXArP-QWR_RbXX5X3By0wAawyx9eOYNL6uFNOkihhvQwAeAIBxqv3R-s4RxdcNg5r8QBFGhaZ1XB1F0MgU.jpg
2025-06-07 18:36:22,955 - INFO - Fotoðraf indirildi: C:\Users\islim\OneDrive\Masaüstü\istanbul_trafik_analizi\backend\data\photos\AXQCQNSYfGpQqgZhUjmoMDLtrwaj25BbBdNuHruSgmACA0fVOCGU5YzxOz7sSxvR2kJ9IqEvpUZengfI3LlfG80OaBNz7BLUGEQ2.jpg
2025-06-07 18:36:25,735 - INFO - Fotoðraf indirildi: C:\Users\islim\OneDrive\Masaüstü\istanbul_trafik_analizi\backend\data\photos\AXQCQNRnGiHop6pn9puRtVInDX_hSXSNQZL-g41DcR0AW9xi0UnqMhTLj5b_QPS9Mj6q4-trn2uujfKNBWFkNUyuYtKpfQkpUQQU.jpg
2025-06-07 18:36:25,744 - INFO - Mekan iþlendi: Pino Gare Roof Restaurant
2025-06-07 18:36:28,181 - INFO - Detay çekilen mekan: Garden 1897 Restaurant
2025-06-07 18:36:31,466 - INFO - Fotoðraf indirildi: C:\Users\islim\OneDrive\Masaüstü\istanbul_trafik_analizi\backend\data\photos\AXQCQNSf_ZlIkIO4uDlZLCmvKwraGulG-V4GK9HKEKH9VYMKx6Rp9vP5BGbv-xscz-vcfbzaj7QUo_8qUzeJLoBwg6NZnTcGgO_1.jpg
2025-06-07 18:36:35,688 - INFO - Fotoðraf indirildi: C:\Users\islim\OneDrive\Masaüstü\istanbul_trafik_analizi\backend\data\photos\AXQCQNQmhm4rTrqT8vW1s6XeuQgnwR4i7l11jQO6AGrRXNWmfdxDB365bElDXglbOB-1MXZZMwCnZAsx42cHNnFsV9ebqFvugplH.jpg
2025-06-07 18:36:38,234 - INFO - Fotoðraf indirildi: C:\Users\islim\OneDrive\Masaüstü\istanbul_trafik_analizi\backend\data\photos\AXQCQNQT7UAu1YW21pi7_-4EGb7u3dGZOKGS6noFCUDet6nyJ1DOUt4Cd8wRV0c0ixDTL4oz7oaggJpyzhdOsNJBV4uBA_3fbtF8.jpg
2025-06-07 18:36:40,234 - INFO - Fotoðraf indirildi: C:\Users\islim\OneDrive\Masaüstü\istanbul_trafik_analizi\backend\data\photos\AXQCQNQrvXcl9gTEi2KFs4LmOIs-zP8AX3sdaQ443ftNquAWkk-ixrfJEYfnJA8OapEbCdmo0njebo7vLY0bWCtfHpa28ihKb3xa.jpg
2025-06-07 18:36:42,953 - INFO - Fotoðraf indirildi: C:\Users\islim\OneDrive\Masaüstü\istanbul_trafik_analizi\backend\data\photos\AXQCQNR0EZ1XL_YijZOTDT8zw-lRMM6Y_rTNLqPqq0yjI_Jk61WCMPCye7oyGTZHSoXNKIsdvt4JVUC1GlWe5vM7Nk5OMX9Qk1TG.jpg
2025-06-07 18:36:49,235 - INFO - Fotoðraf indirildi: C:\Users\islim\OneDrive\Masaüstü\istanbul_trafik_analizi\backend\data\photos\AXQCQNSBaxwXTfkWu-EgHtFi3_nr_HKYPj8clzcbMXOMXC4KFu4S6t7I9TFYfFTdl2vPSBrXEXepR5ma63bOegc6BiFnRfCWu6p-.jpg
2025-06-07 18:36:56,229 - INFO - Fotoðraf indirildi: C:\Users\islim\OneDrive\Masaüstü\istanbul_trafik_analizi\backend\data\photos\AXQCQNSW8IOAOVSy8Ov_AX8pU7k-yG_5H5xRcbOBN2VovHUe-p74MFoFhE_Dxu9UM4d1QJWEMbQz-ExKeAL5C36dDT-BbJ3HjFdG.jpg
2025-06-07 18:37:05,768 - INFO - Fotoðraf indirildi: C:\Users\islim\OneDrive\Masaüstü\istanbul_trafik_analizi\backend\data\photos\AXQCQNTioqcwyqX8_1jcbrv6Pvp9sM0v2GXvt8vTe2QGDkbS0UHmswayNzkwyYIgaMEAkU1N4yP8PtDVKw9NHj3pq7JSg7cEixcs.jpg
2025-06-07 18:37:07,656 - INFO - Fotoðraf indirildi: C:\Users\islim\OneDrive\Masaüstü\istanbul_trafik_analizi\backend\data\photos\AXQCQNQsu1jLM01aHn3UEj6Y2BWdYkTsx1ky1eRIPggqcG2CL-JeF_DG3eYtS0ts0_qrbFSCoRyBwEJ7pn3bi2lj6SPATuujZdig.jpg
2025-06-07 18:37:09,556 - INFO - Fotoðraf indirildi: C:\Users\islim\OneDrive\Masaüstü\istanbul_trafik_analizi\backend\data\photos\AXQCQNRN9kLGbz5bz6OSqAEigfA-3Gr_5FxZEnxNC9Qm3sqEnR634SkOjVcNAUM6LAMOWgH59jLVrwb9StLTKiPtl0zVJMO-sB1d.jpg
2025-06-07 18:37:09,564 - INFO - Mekan iþlendi: Garden 1897 Restaurant
2025-06-07 18:37:11,735 - INFO - Detay çekilen mekan: Hidden Garden
2025-06-07 18:37:13,625 - INFO - Fotoðraf indirildi: C:\Users\islim\OneDrive\Masaüstü\istanbul_trafik_analizi\backend\data\photos\AXQCQNSdEAikxAD1SggtGh5JfS1ihjj4gHmC8U6LdhV_tUSOBfriVM-SaWYiR0zbHTEAjp-D-9smraWTrHDnmlKnmFawiDRxVqAH.jpg
2025-06-07 18:37:15,957 - INFO - Fotoðraf indirildi: C:\Users\islim\OneDrive\Masaüstü\istanbul_trafik_analizi\backend\data\photos\AXQCQNTRiOmkW3AUSyPILh3wOQBOpS1Zs6Ekmo4kwck9fIzVPinU0ddsOB4GYvw8sCF3GKRgim3tur9XI2hd0FU81x1epAXu3ae_.jpg
2025-06-07 18:37:17,757 - INFO - Fotoðraf indirildi: C:\Users\islim\OneDrive\Masaüstü\istanbul_trafik_analizi\backend\data\photos\AXQCQNRPMjiVqoLoKmL45o62aQNu-nYc8MQmthyoReMZy84GZHuFe9DU1PjRaVHzII8LHSzgYhaDKczCqs94n5fBZx1LC_U1vLFu.jpg
2025-06-07 18:37:21,015 - INFO - Fotoðraf indirildi: C:\Users\islim\OneDrive\Masaüstü\istanbul_trafik_analizi\backend\data\photos\AXQCQNT2xosTrJzyTJrfAz8gY645QZ5RYqu-QUsi4p-dZfMeN-4xBf6L4k3aowH6kBbOYsFL8kJKzxstEeY_Ad_w3UewVY1PJqW3.jpg
2025-06-07 18:37:24,351 - INFO - Fotoðraf indirildi: C:\Users\islim\OneDrive\Masaüstü\istanbul_trafik_analizi\backend\data\photos\AXQCQNQkkedeOL_iHSjVGqaLMrdmMs2bdqQranLpFkpMF_o-t9u1gW7fzqRB57cfVYoiSce_9uskdSqqb5Ylnf6Fvrhw7SJ45kxo.jpg
2025-06-07 18:37:37,053 - INFO - Fotoðraf indirildi: C:\Users\islim\OneDrive\Masaüstü\istanbul_trafik_analizi\backend\data\photos\AXQCQNS_sAOFBpag5MJZ_Licxa70lvVj5rZRfu6gEg4ML1By5v-gMR5vqV1ClWkyodk_pRtX9qpaE5KROp60tClDjykP-sM0A_yp.jpg
2025-06-07 18:37:42,496 - INFO - Fotoðraf indirildi: C:\Users\islim\OneDrive\Masaüstü\istanbul_trafik_analizi\backend\data\photos\AXQCQNS6Fil5QNdQKi-gMfaHF3TQ58Zpizwmm_dd7-vDWilEEo4bAA2EamxAycYiAPGVPfVkw69rTWxwohOHbx0VZo5nS024bPCp.jpg
2025-06-07 18:37:46,503 - INFO - Fotoðraf indirildi: C:\Users\islim\OneDrive\Masaüstü\istanbul_trafik_analizi\backend\data\photos\AXQCQNR2KdXLRznB8jfdGpbzsfaZkzf52qeX2DSXjrSdtG3RaZH9YwuoCcE9WJz6J3olnMurt6FJkgnOIHEEMTU9555hxXA-oc85.jpg
2025-06-07 18:37:48,536 - INFO - Fotoðraf indirildi: C:\Users\islim\OneDrive\Masaüstü\istanbul_trafik_analizi\backend\data\photos\AXQCQNQmkwFjoMr1DPg6OCJ1_VB537Xn4dAs7ipLqStgy1PLVMR47Kc7pPboIKxGOCERYhF8nbAzTmwnYjbOkxgBcDqTlFMA3sTc.jpg
2025-06-07 18:37:54,089 - INFO - Fotoðraf indirildi: C:\Users\islim\OneDrive\Masaüstü\istanbul_trafik_analizi\backend\data\photos\AXQCQNROF_jiwLM2GcDypbEmRWrr2CDUY433iIVdlvN0SmkdYqR4CajgIeBx0uBycVVdYtlSOYO-yE0EFQln4VsB1yfctR8GIuDW.jpg
2025-06-07 18:37:54,092 - INFO - Mekan iþlendi: Hidden Garden
2025-06-07 18:37:56,410 - INFO - Detay çekilen mekan: OLD KONAK CAFE RESTAURANT
2025-06-07 18:38:14,340 - INFO - Fotoðraf indirildi: C:\Users\islim\OneDrive\Masaüstü\istanbul_trafik_analizi\backend\data\photos\AXQCQNR8luGLfqOJJK4ulZr2OSPlgJ_iHZvWv0lEkSXb4X_-fuvW8j1ByH2q-R3_1kWl01xNPmz0ja3Zm2uY1hzXS54eHIf2fv-v.jpg
2025-06-07 18:38:15,600 - INFO - Fotoðraf indirildi: C:\Users\islim\OneDrive\Masaüstü\istanbul_trafik_analizi\backend\data\photos\AXQCQNSs1H6uZq8WpX6bv1OEAHnIUOUvWyAN5vHAWxX6_BnEi2LxcEL-fvwousQI-yg42zvh-tMzlJc3cy4OV1-XLX_SCBgP_6_9.jpg
2025-06-07 18:38:16,852 - INFO - Fotoðraf indirildi: C:\Users\islim\OneDrive\Masaüstü\istanbul_trafik_analizi\backend\data\photos\AXQCQNTEZlel1qazY6QoLCbb6jsXBil0gxDzPjsSGDE9v8-Sai-e927FNrZecHe-p-1epr1KyRf0CWQmSM4-8oKuuBvzgQrvDYYM.jpg
2025-06-07 18:38:18,039 - INFO - Fotoðraf indirildi: C:\Users\islim\OneDrive\Masaüstü\istanbul_trafik_analizi\backend\data\photos\AXQCQNT0ZUFYQLazIZV4525O8BA5qKnwXtpnduyX-6xesXKsBHBmTUUG8dZ3xPaZyZix4OJ3FoFZHPr-0e8OxVQi3_qa7Yjx3juF.jpg
2025-06-07 18:38:19,290 - INFO - Fotoðraf indirildi: C:\Users\islim\OneDrive\Masaüstü\istanbul_trafik_analizi\backend\data\photos\AXQCQNROG1GsWaODLV7GyFBgQAPwzsWOds3-F8IRVSO3XPCW498Tk3ExtfXRLrLeP3nBLGb0qyREl_I8wakCOsfDZvWQQgmZrj5L.jpg
2025-06-07 18:38:20,439 - INFO - Fotoðraf indirildi: C:\Users\islim\OneDrive\Masaüstü\istanbul_trafik_analizi\backend\data\photos\AXQCQNRxUSQZN1_4VZMvcFXX13sK7gZ38Ylk-80ThwAIQjpS2c0a37KXg5eJkuU6MvL-HI2dMs9ih_2zZbjL4xVTsK6YNUzJnfMr.jpg
2025-06-07 18:38:21,822 - INFO - Fotoðraf indirildi: C:\Users\islim\OneDrive\Masaüstü\istanbul_trafik_analizi\backend\data\photos\AXQCQNRlH0BcYBaz8xW_ANcRZCMTkhQ9WzApb2dc-txwRBFgCEW_x7kL5_Bmpvr4zVE4cGTWdy7UzSvXkibBIwxDU7VimaYZBGxA.jpg
2025-06-07 18:38:23,255 - INFO - Fotoðraf indirildi: C:\Users\islim\OneDrive\Masaüstü\istanbul_trafik_analizi\backend\data\photos\AXQCQNQ3o4Mtky7k5pn8BU-5Y3t_TsUWYi3avLbtrlgHPO4NwrvWzMbZ58Npeeac-HXlUmrUY9FO9p4AYIs9XR4C0UC94ASCLZXE.jpg
2025-06-07 18:38:24,594 - INFO - Fotoðraf indirildi: C:\Users\islim\OneDrive\Masaüstü\istanbul_trafik_analizi\backend\data\photos\AXQCQNR8zVJrLUdnxHlqgvGlyhbSlxk50INWsQNPUSFuKjp4DZmJA2LKz6bjydk8shOU-SQMztQ4ORxXJLiDJ_2ODC-awYt88pPI.jpg
2025-06-07 18:38:26,189 - INFO - Fotoðraf indirildi: C:\Users\islim\OneDrive\Masaüstü\istanbul_trafik_analizi\backend\data\photos\AXQCQNTMDprYkCYnh8RfaXjSftGNQIT1x0kMrJXDASDrA8CPC2Y8NTvGA0jB2bE5sKW1j56RwJSOm9C8GydGO1Q5uugWwbAs2rm8.jpg
2025-06-07 18:38:26,189 - INFO - Mekan iþlendi: OLD KONAK CAFE RESTAURANT
2025-06-07 18:38:28,388 - INFO - Detay çekilen mekan: By Chef Restaurant
2025-06-07 18:38:30,444 - INFO - Fotoðraf indirildi: C:\Users\islim\OneDrive\Masaüstü\istanbul_trafik_analizi\backend\data\photos\AXQCQNTow6v44Kc3bDAgBXUQiuXnqNwUJ5MXg0jwgOy_Kbi2_36Base_tp7piyzoxeyCgSb5mU2DadMJOy__Q5i2ZHx1gnZHZ6Ky.jpg
2025-06-07 18:38:34,837 - INFO - Fotoðraf indirildi: C:\Users\islim\OneDrive\Masaüstü\istanbul_trafik_analizi\backend\data\photos\AXQCQNTDCaDSCYennfFRu26RWzp1f-XOqUwOd-W0Uc06LCTU787jn2cThsum-7i6x-CQXmlcLMvP6FeXhFSetcYPAc5ZZVUek6_Q.jpg
2025-06-07 18:38:43,322 - INFO - Fotoðraf indirildi: C:\Users\islim\OneDrive\Masaüstü\istanbul_trafik_analizi\backend\data\photos\AXQCQNTolJwBXatsavwdF8bM61TJQSBIGb4WXgPQOQNAobyCcZm8SKiZ8Za5WSJB1B5Nq0_SDHTTmBwWV9ptNBwIKv1gZ6b1m-iW.jpg
2025-06-07 18:38:57,823 - INFO - Fotoðraf indirildi: C:\Users\islim\OneDrive\Masaüstü\istanbul_trafik_analizi\backend\data\photos\AXQCQNTX9oCZHSC3GPaGW_XA_8iTAZJlymrWZM4iC3AF1WHV7FtAgsCGLK_i3JqdJoYNe_TC095Ni70YP7IJZhpQ_MO331HAavuL.jpg
2025-06-07 18:39:03,031 - INFO - Fotoðraf indirildi: C:\Users\islim\OneDrive\Masaüstü\istanbul_trafik_analizi\backend\data\photos\AXQCQNSfP2iuOLG8kodQAfOB_MPREM_lEU93KhnxHKpNMumWFZZ5WO4kBBiT35jCOiFJBCLgkTCrkCQGHixSs7523o5V-K-iv7h5.jpg
2025-06-07 18:39:08,044 - INFO - Fotoðraf indirildi: C:\Users\islim\OneDrive\Masaüstü\istanbul_trafik_analizi\backend\data\photos\AXQCQNS3ZI7ZIrwBDrlASKJDeiSrHl7llysfmuervp9aXWxmCxVWffvPfE1jDHOBcWgTdP3H0EtRcE5m3oVXvWBv3lW7_nHgQbWU.jpg
2025-06-07 18:39:09,700 - INFO - Fotoðraf indirildi: C:\Users\islim\OneDrive\Masaüstü\istanbul_trafik_analizi\backend\data\photos\AXQCQNSkVV2xENYwLwTE9fXFmqjaPdVpj6JgYRRakXrVEfIkTjNUtwG7FzHaBI74MolQDF6Drin4JjPzFS19dtsiWjcqGmbEk-u-.jpg
2025-06-07 18:39:11,449 - INFO - Fotoðraf indirildi: C:\Users\islim\OneDrive\Masaüstü\istanbul_trafik_analizi\backend\data\photos\AXQCQNTV5iUuUpoFW5KkNXBqzn6rjIbxw7hkCV5_H89iLJFjxs9hVgKpZ_dBM4PxsdQjzXXGGX_rpxNvooXyGXsktk7WKzhTdNic.jpg
2025-06-07 18:39:13,329 - INFO - Fotoðraf indirildi: C:\Users\islim\OneDrive\Masaüstü\istanbul_trafik_analizi\backend\data\photos\AXQCQNQs0tDc8d5Hjzjp8bOs9GCXUKd6da2CIzjGvFLBns0vZ1twoK4kENKVMvmxxAFQ_Bp4qIVjg_ZzIMuLVPOb2kjwTsYeR4-C.jpg
2025-06-07 18:39:15,253 - INFO - Fotoðraf indirildi: C:\Users\islim\OneDrive\Masaüstü\istanbul_trafik_analizi\backend\data\photos\AXQCQNSybHyAHucGjUhMtvZz23XRVfh49bD4YiFR_z0qQdh7ks2_j9c9Y_fo5hMQxnKaIw6lgCeHxakKiDXsxjdLn9VPvV4IP_R-.jpg
2025-06-07 18:39:15,257 - INFO - Mekan iþlendi: By Chef Restaurant
2025-06-07 18:39:17,422 - INFO - Detay çekilen mekan: FÜLANE RESTAURANT
2025-06-07 18:39:19,128 - INFO - Fotoðraf indirildi: C:\Users\islim\OneDrive\Masaüstü\istanbul_trafik_analizi\backend\data\photos\AXQCQNQumz3ZfaFct8yXUsoj9_Ta293EebS_ReMk9kDkybzk5YazNGMLdKGSPNDakNM3UUOj6Cg7IB8KNuQcij-neNkot8Y8EGu8.jpg
2025-06-07 18:39:21,798 - INFO - Fotoðraf indirildi: C:\Users\islim\OneDrive\Masaüstü\istanbul_trafik_analizi\backend\data\photos\AXQCQNTRrHM-nWPcOmUaFdVn2o9Xj0pdAPYFag7J4Wm3F2zsNq4Nic3tfHNQCp6G9AHLAxM04Jb_N1gxZlfRyX6mgON7nSu6JhCL.jpg
2025-06-07 18:39:23,717 - INFO - Fotoðraf indirildi: C:\Users\islim\OneDrive\Masaüstü\istanbul_trafik_analizi\backend\data\photos\AXQCQNRmWKv7DSSeptZpPw8bNA6_py1CutjTB94v_revf4B6-v4i6Mn9wecWXQljhmfjSTD9PLztywU6kWaeO9A1POB5CysT9PNo.jpg
2025-06-07 18:39:25,420 - INFO - Fotoðraf indirildi: C:\Users\islim\OneDrive\Masaüstü\istanbul_trafik_analizi\backend\data\photos\AXQCQNQLFq2Z5cR2JDe3BtCHru29eLklYWzKuEbbL0NpVx0lVThsevygTxk_a5N6HpUm78-gyYCIE44PBHdA3-oXDGJBZnTOzKVI.jpg
2025-06-07 18:39:27,145 - INFO - Fotoðraf indirildi: C:\Users\islim\OneDrive\Masaüstü\istanbul_trafik_analizi\backend\data\photos\AXQCQNQ5yqgiC5hA0yOFi-GMrvTwgk2WsoPMBKZ5uPteBFxDn2N8AGXMUCCBAoDD704uawaN-LNG9Uqr5oVLGadviUkG22XTga6Q.jpg
2025-06-07 18:39:28,865 - INFO - Fotoðraf indirildi: C:\Users\islim\OneDrive\Masaüstü\istanbul_trafik_analizi\backend\data\photos\AXQCQNRaUaWnoo_syQ4a-sYJc5twQLFPumUrWKd3UVrU-O0xg90XwT7-N3I012RtE8gQaKX3HhAyt1jJH9KWjumdScjHiABvn62s.jpg
2025-06-07 18:39:31,326 - INFO - Fotoðraf indirildi: C:\Users\islim\OneDrive\Masaüstü\istanbul_trafik_analizi\backend\data\photos\AXQCQNQk_znJTY2ShDovBfXuwYMYRw8u46Y6alzUYdcm5rsGSfuQPZcRcU0mPE0kZH_xJb0Cpj_-EulKC7_fbFnbzida-VcBkTSs.jpg
2025-06-07 18:39:33,276 - INFO - Fotoðraf indirildi: C:\Users\islim\OneDrive\Masaüstü\istanbul_trafik_analizi\backend\data\photos\AXQCQNTtyvJcqSztmIYXbBYOSFm8ZDYW0FMW9EQIr8OSbWdj18P8JxVZk-wmF0_1viYPPI6dWTNEEP7FFG1WM0hbcqygLKD5p4wc.jpg
2025-06-07 18:39:34,882 - INFO - Fotoðraf indirildi: C:\Users\islim\OneDrive\Masaüstü\istanbul_trafik_analizi\backend\data\photos\AXQCQNSvfdN6BOhyQh3pgjSKcXy02Hg9zGPRYBzE8GLiEeP0UYjdMdh9f1DOtNyz4Z_Own3udo-fnmThnxTLA2WeO_s23Ja5lqnS.jpg
2025-06-07 18:39:36,566 - INFO - Fotoðraf indirildi: C:\Users\islim\OneDrive\Masaüstü\istanbul_trafik_analizi\backend\data\photos\AXQCQNRAlrSPEItaodOKO7D9p35GuntcPQPm4RWBJP3WlItNOC9LBWQsGYeJ9Pch1zY_yMNG8d3oKhumQzlBSeh1kz7keukdmw6j.jpg
2025-06-07 18:39:36,580 - INFO - Mekan iþlendi: FÜLANE RESTAURANT
2025-06-07 18:39:38,748 - INFO - Detay çekilen mekan: Loti Roof Lounge
2025-06-07 18:39:40,425 - INFO - Fotoðraf indirildi: C:\Users\islim\OneDrive\Masaüstü\istanbul_trafik_analizi\backend\data\photos\AXQCQNTqNPUhp1nzEJT7-AQnszSlJlK8j65T4qYXEG6InqtYMCDg8g1ImxJArnwlGv0uGy3lDfEZAO87IE2pr9Gm1E_9oXQwqT3R.jpg
2025-06-07 18:39:42,112 - INFO - Fotoðraf indirildi: C:\Users\islim\OneDrive\Masaüstü\istanbul_trafik_analizi\backend\data\photos\AXQCQNRYceeJKVwhrrHM3O_PC-dVtyBDX0rAZL1IQdBS075tPPPBl0ZOuF-kruOEsuUcGMyCVhqhN3BM31eER46eVMyR1Dp6fUHb.jpg
2025-06-07 18:39:43,719 - INFO - Fotoðraf indirildi: C:\Users\islim\OneDrive\Masaüstü\istanbul_trafik_analizi\backend\data\photos\AXQCQNTG4_sMz1j8-pFN8rj_6g22tLuUQH75GOpGR5lDUlm3EhVqvHFIQLvHXMocpCy4OgdB5xQyYWA5xKBr8JT-CFTXKNowjWbB.jpg
2025-06-07 18:39:45,199 - INFO - Fotoðraf indirildi: C:\Users\islim\OneDrive\Masaüstü\istanbul_trafik_analizi\backend\data\photos\AXQCQNSBsG_FnFlW564WAMCajo411v9-kZ3h_KUhOYGDgjSY8jY3tF7nM_Pwyt19A5YrNnkQwgZum7SiM6hT18Hh17aJ-ksizwyb.jpg
2025-06-07 18:39:46,688 - INFO - Fotoðraf indirildi: C:\Users\islim\OneDrive\Masaüstü\istanbul_trafik_analizi\backend\data\photos\AXQCQNS5nCYxi5teMeFGrarkWNkXzbXiyv-bEjk4XXtOL4zInj_4mmiT1ZknEWT-GzprXlb8-QE5VfK1sdIuSJZlFCazvd32b7v8.jpg
2025-06-07 18:39:48,064 - INFO - Fotoðraf indirildi: C:\Users\islim\OneDrive\Masaüstü\istanbul_trafik_analizi\backend\data\photos\AXQCQNSohJSqrAuOpKoHeq-mx9kmY7TsTE_KYfvc2uLW_DHMtvASlJrrXo8DclUkBZR5NKmMQdNXtIOXHmTSqb1i_RNgmwxtHdvL.jpg
2025-06-07 18:39:49,815 - INFO - Fotoðraf indirildi: C:\Users\islim\OneDrive\Masaüstü\istanbul_trafik_analizi\backend\data\photos\AXQCQNTW2MCGXbvaNuQM_EcugdHp-KxDICg5dKjjksAo48uwjNoxHrk62Roh1juYTCeLGW0jmx3UPJr1xI_wCnbDSiWOscs8IC3F.jpg
2025-06-07 18:39:51,737 - INFO - Fotoðraf indirildi: C:\Users\islim\OneDrive\Masaüstü\istanbul_trafik_analizi\backend\data\photos\AXQCQNRMic45jdtHsWx9q2dR_CNtfB_njOrR84F1FraxMMRSVT_t-q1akXklrLi1t6Ia0oZbP8RQLw_f2HLOL53e8nC8UXqwkUYF.jpg
2025-06-07 18:39:53,269 - INFO - Fotoðraf indirildi: C:\Users\islim\OneDrive\Masaüstü\istanbul_trafik_analizi\backend\data\photos\AXQCQNTjqtj5TlOKix56By9YcHz0A3hydDHEwPcC1K9UEHwuZm5sBCVeVUxGOCpqQ2jnECQNKTihNMJq8I8vtqzkAkO3cz2AF2VX.jpg
2025-06-07 18:39:54,930 - INFO - Fotoðraf indirildi: C:\Users\islim\OneDrive\Masaüstü\istanbul_trafik_analizi\backend\data\photos\AXQCQNQY4zyTZc6GLaR7qYlUzObKq0Lra8yfLAGwQ0BcOm9htN1GMpRwCabAbhmymI-zmwog4buIHiG3OTaDdommn6ymV4TcbrZD.jpg
2025-06-07 18:39:54,936 - INFO - Mekan iþlendi: Loti Roof Lounge
2025-06-07 18:39:57,139 - INFO - Detay çekilen mekan: Galata Sanat Restaurant Galata Köprüsü
2025-06-07 18:39:58,835 - INFO - Fotoðraf indirildi: C:\Users\islim\OneDrive\Masaüstü\istanbul_trafik_analizi\backend\data\photos\AXQCQNRQzvP9SZdvyiwUwN7dt2ZhD1ElOVHNMPSQMrBo2_GbjpswBMD1yF2ov2Tw8f6YR4SM3IbWX9BW4H2P1xjanWcHXaGvIb45.jpg
2025-06-07 18:40:00,640 - INFO - Fotoðraf indirildi: C:\Users\islim\OneDrive\Masaüstü\istanbul_trafik_analizi\backend\data\photos\AXQCQNQk4rhO6d0KFVNb1ksa87tpWboB5n2WauJrJWJ8Xw_0K9nKLsGdxJGk5wHUHp393frt5glXtZcKiX8XusiZvseLUYaFa3mo.jpg
2025-06-07 18:40:02,362 - INFO - Fotoðraf indirildi: C:\Users\islim\OneDrive\Masaüstü\istanbul_trafik_analizi\backend\data\photos\AXQCQNSP5MocYsLL5fVeLn15qybOki9SLd7I_EDpWdKYO0d-IiJY3OMpVQtc3SC5pJorXcs7cnjOh9YjbNvrPihNFT5ogagZXA5N.jpg
2025-06-07 18:40:04,122 - INFO - Fotoðraf indirildi: C:\Users\islim\OneDrive\Masaüstü\istanbul_trafik_analizi\backend\data\photos\AXQCQNQk-6-fmS5gdfK0bXu-aw7ean68wjoBKAY4JRovxtHOOffX1tIRcRinlhm18pQp6PzQmOnjop95m4zjf_mfbx7MCH-nrpj8.jpg
2025-06-07 18:40:05,858 - INFO - Fotoðraf indirildi: C:\Users\islim\OneDrive\Masaüstü\istanbul_trafik_analizi\backend\data\photos\AXQCQNTql8jBXjh5l4ScKpT1aACVDcHIJXYOteUAYHhPaX_3j-wJwvcPSvHX21YaHb28Tjp_ICfEBMWBq75yCrEJ0XMXpaqgcrPk.jpg
2025-06-07 18:40:08,045 - INFO - Fotoðraf indirildi: C:\Users\islim\OneDrive\Masaüstü\istanbul_trafik_analizi\backend\data\photos\AXQCQNRoncb_4QrfL_fi6aDIo5N4ldcifkQ-v1cTSpYa_N7BlY7G-078bui7fekxDMYS9CK7dDs5x9b37j-4im6qA_56joQ6mDpS.jpg
2025-06-07 18:40:14,440 - INFO - Fotoðraf indirildi: C:\Users\islim\OneDrive\Masaüstü\istanbul_trafik_analizi\backend\data\photos\AXQCQNS6qlF4GMMKYSvVud5EPbyOMsg7QCFefd8yPI-FB5CSL_zos5CMlXYzZFH7Gh1QFVfiU4hio0-zQf-5Uen6Cc8yA_ysM4V8.jpg
2025-06-07 18:40:17,095 - INFO - Fotoðraf indirildi: C:\Users\islim\OneDrive\Masaüstü\istanbul_trafik_analizi\backend\data\photos\AXQCQNSRh0UosdHrhAFrzztR7EhBJxRj9FtN8o8E-1KqJm8O2VU2ITud5ZZCN4J8KHL_xChNVBCQlQc3OIoVUWilviTeI7mvLRZS.jpg
2025-06-07 18:40:19,060 - INFO - Fotoðraf indirildi: C:\Users\islim\OneDrive\Masaüstü\istanbul_trafik_analizi\backend\data\photos\AXQCQNSoTtSXGTOXe_1bX55EUdcR22n01-e6XTxr6JKV1TAuhjQiJy4j6l2dmFQ9WTTLAqa36HNyuXrPVsmaoOATOg1D7m4s96AL.jpg
2025-06-07 18:40:21,019 - INFO - Fotoðraf indirildi: C:\Users\islim\OneDrive\Masaüstü\istanbul_trafik_analizi\backend\data\photos\AXQCQNRvjd8lZ4ghZXaCTCtGPB_LoKgTCFrtDxevzuz2gxUSNxwz-4U8LOqPYDwfUQFSNko2HCleou5-WBA9_ixCqMZDNcIiU0YK.jpg
2025-06-07 18:40:21,025 - INFO - Mekan iþlendi: Galata Sanat Restaurant Galata Köprüsü
2025-06-07 18:40:23,183 - INFO - Detay çekilen mekan: By Ferro Kebab And Fish House
2025-06-07 18:40:24,767 - INFO - Fotoðraf indirildi: C:\Users\islim\OneDrive\Masaüstü\istanbul_trafik_analizi\backend\data\photos\AXQCQNQkCB_goE7mzvjUPIKuu9Z8-8g6JKC2UwvjBkY2WJMKRuGqRGfexZK4gVvnpEwZc6EFSer1yiGW1r5SKXFEzGay0y7M7Q-b.jpg
2025-06-07 18:40:26,492 - INFO - Fotoðraf indirildi: C:\Users\islim\OneDrive\Masaüstü\istanbul_trafik_analizi\backend\data\photos\AXQCQNSwe5d87b7uGS0DfiRJ7pg64KulLkPiCBAzU8MR1cU4Hg4K30QRYZrPqoTixHIcbCpOwFkLSVP3zuxEHwHW9abNvqbK5MzC.jpg
2025-06-07 18:40:28,101 - INFO - Fotoðraf indirildi: C:\Users\islim\OneDrive\Masaüstü\istanbul_trafik_analizi\backend\data\photos\AXQCQNTXjbFA2ayUMEELKIPXGlB5MK7xln8SqiUa31xvaNE0DI9SnGbXKHQFz9pvqEgMNKMlAKBaXg-JXeXq_ALmC3HI911Gd63U.jpg
2025-06-07 18:40:29,490 - INFO - Fotoðraf indirildi: C:\Users\islim\OneDrive\Masaüstü\istanbul_trafik_analizi\backend\data\photos\AXQCQNTN6yUkKrWiclrz9vQKQ6MyTd2EmNqlWpq8zIIZrof5m9H-rr_diEie18du1vG0FS9RH_Vrkpg3RBWM09rAeACRQMKHzotW.jpg
2025-06-07 18:40:31,004 - INFO - Fotoðraf indirildi: C:\Users\islim\OneDrive\Masaüstü\istanbul_trafik_analizi\backend\data\photos\AXQCQNSnRF4Fh_PQIv0nM9jf1fRXnPfJjrQSPR7BVzMbx-OgrOhpUJivfaFBeDwvFiyskk3dOeJvcvkzYF5NKK1kzNRGy06MSujp.jpg
2025-06-07 18:40:32,809 - INFO - Fotoðraf indirildi: C:\Users\islim\OneDrive\Masaüstü\istanbul_trafik_analizi\backend\data\photos\AXQCQNTgZEv6cwY3sBRzrNNrv83O6hb9_p7njAdqy1XoNvJASd6pcy-j_67_k2CVn6GB_9K6inW_3ZePz_o1ihCY2WbY2btpmllC.jpg
2025-06-07 18:40:34,740 - INFO - Fotoðraf indirildi: C:\Users\islim\OneDrive\Masaüstü\istanbul_trafik_analizi\backend\data\photos\AXQCQNSiMOTc-WJUNXz0gAahgq85qU8tYas0BbgYEQlan8Uj87q0o0_EppYLGwQlIracVMy0w5DAkYcxu1kTbqfNl8VPghgwaojf.jpg
2025-06-07 18:40:36,680 - INFO - Fotoðraf indirildi: C:\Users\islim\OneDrive\Masaüstü\istanbul_trafik_analizi\backend\data\photos\AXQCQNQ5s_mzTKp06O4g4BCCcKW6Xxl5Q3-xgYnD3kN-ml-6Frxc30oQ64vqHk7CBsdDKn92SnkBE5pGGxuMJ3KleA0vjBeSKoZZ.jpg
2025-06-07 18:40:38,395 - INFO - Fotoðraf indirildi: C:\Users\islim\OneDrive\Masaüstü\istanbul_trafik_analizi\backend\data\photos\AXQCQNS9cfIMKt1Fo1KOa6GXMZpFRxGEJgWAaPlrXwcDPlnI7M3JG4F-YLp_3IAroqBk3ujdsUkap7N8LwMlKf9ljiQv36YzqYih.jpg
2025-06-07 18:40:40,003 - INFO - Fotoðraf indirildi: C:\Users\islim\OneDrive\Masaüstü\istanbul_trafik_analizi\backend\data\photos\AXQCQNTMG7zdJCg0mTp8FwtU_eOsaCQLXA-ic84NxRvRVcYFMQ2p8WWdinip98rAJ--bZGdBHdUFfv1eXDWG2l6aj8z0Rh_63ggW.jpg
2025-06-07 18:40:40,009 - INFO - Mekan iþlendi: By Ferro Kebab And Fish House
2025-06-07 18:40:42,156 - INFO - Detay çekilen mekan: The First Ottoman Lounge
2025-06-07 18:40:43,337 - INFO - Fotoðraf indirildi: C:\Users\islim\OneDrive\Masaüstü\istanbul_trafik_analizi\backend\data\photos\AXQCQNTd9Zcy6Xq6JYFHgLUcCMwB5G24ZEhlkPtvS-mqGSJeZMcM6ZcOwjyfUpr2jlSJckvVBbinTUtvPB4pMkWtuy4wVrYG5xI2.jpg
2025-06-07 18:40:44,517 - INFO - Fotoðraf indirildi: C:\Users\islim\OneDrive\Masaüstü\istanbul_trafik_analizi\backend\data\photos\AXQCQNQdTAVE6hRpySrfAg8vesG8YKN7XCP6i6xWElAvBmRmNFrQ08BbJzX4fRPgBy0Zx9bkKQVESYf0jp1Ire-XUU67dtFiiFAO.jpg
2025-06-07 18:40:45,746 - INFO - Fotoðraf indirildi: C:\Users\islim\OneDrive\Masaüstü\istanbul_trafik_analizi\backend\data\photos\AXQCQNTtIS4fBQ9INPWIosXF5BwbKM3SYFyD92wVxgMR-h_enplrzjljcxZjN5Du9iAR8CjcU7XTWtoCsMQ7aid5kpbRV537802a.jpg
2025-06-07 18:40:46,797 - INFO - Fotoðraf indirildi: C:\Users\islim\OneDrive\Masaüstü\istanbul_trafik_analizi\backend\data\photos\AXQCQNRjxqz62pHnPZpXEko2zkwNC9uesDIuHTpZlCz-CEj-ZxDU7-i6Ot1ozFOc8fFGIwRL41NNc8JARSaGLZLvvfzGJAlDKFHo.jpg
2025-06-07 18:40:48,022 - INFO - Fotoðraf indirildi: C:\Users\islim\OneDrive\Masaüstü\istanbul_trafik_analizi\backend\data\photos\AXQCQNTp7LDbVwJVlbIaY5PGRIXD137j1rhHZeTBlBaooHUDfEsAG1pP8fJmk0v0Fg50AzFrYLK4cXnftSjCrbVu6Q0Xp4pXg4IE.jpg
2025-06-07 18:40:49,148 - INFO - Fotoðraf indirildi: C:\Users\islim\OneDrive\Masaüstü\istanbul_trafik_analizi\backend\data\photos\AXQCQNQQ2Je1hrd0qn54DDxIkREljs7aYovFL9-9Gdl_3t7oU68k3f5Mm9aHiGAAyqHXAFWDa0FLfnFtcst09zsrju7N1Qi2M4hm.jpg
2025-06-07 18:40:50,462 - INFO - Fotoðraf indirildi: C:\Users\islim\OneDrive\Masaüstü\istanbul_trafik_analizi\backend\data\photos\AXQCQNRflxk3Aj_HwBDTZEVkHYh1EKkrSpcgHP52lHbI9Yf-1zPibASAoeE77iRINYCOWilyvN2D9fzV7d8kOtNBL107aZfUkSc3.jpg
2025-06-07 18:40:51,738 - INFO - Fotoðraf indirildi: C:\Users\islim\OneDrive\Masaüstü\istanbul_trafik_analizi\backend\data\photos\AXQCQNR1lmP8ltfpxcAjIFM3EITVY_axdjX-z8f4zNcMXr-Fs6xeH_O2ukrJ_3BfUJMiFq17kNf41RxPxlQXlQk3kasdvFWwkGOB.jpg
2025-06-07 18:40:52,856 - INFO - Fotoðraf indirildi: C:\Users\islim\OneDrive\Masaüstü\istanbul_trafik_analizi\backend\data\photos\AXQCQNSLs1uKTqhqxLyCvPv5Kz2uKGOVKrwwEaYoiUonhDJEyYEHpnTV8JIooSPQI9F9PEo5Ok38E_8R-JMorBek-H1JT5FjNdZ2.jpg
2025-06-07 18:40:54,183 - INFO - Fotoðraf indirildi: C:\Users\islim\OneDrive\Masaüstü\istanbul_trafik_analizi\backend\data\photos\AXQCQNT_-wdByCjH5bpMq2dpoKdwJoy4Qvxi_FkUw3FKD0jTqVv8uRv3LxQQ0h2FZ6UptHw6XFNAuY88AnedpqIU32M2tbbs5G-p.jpg
2025-06-07 18:40:54,187 - INFO - Mekan iþlendi: The First Ottoman Lounge
2025-06-07 18:40:56,335 - INFO - Detay çekilen mekan: Old Ottoman Cafe & Restaurant
2025-06-07 18:40:57,310 - INFO - Fotoðraf indirildi: C:\Users\islim\OneDrive\Masaüstü\istanbul_trafik_analizi\backend\data\photos\AXQCQNTyX7TlqTDi0r6WS1uQkHDVPrcKHwGvsrDZQZd5nIW3e0I10rWAuaflTmFNaINwwDZPqrKrGeYOP4vKzDfI1pnmE-T-Fldm.jpg
2025-06-07 18:40:58,987 - INFO - Fotoðraf indirildi: C:\Users\islim\OneDrive\Masaüstü\istanbul_trafik_analizi\backend\data\photos\AXQCQNTDj_I_p-8GGPQGgzq9r5gEofiW4YY9BWSS59z_dOzwt30BQpwjDKfgIw1kA4z2Rs69uGWUsCtJ4Qa8tms-Z5vEKErsMpI7.jpg
2025-06-07 18:41:00,394 - INFO - Fotoðraf indirildi: C:\Users\islim\OneDrive\Masaüstü\istanbul_trafik_analizi\backend\data\photos\AXQCQNQp9lCVt1V3Rd1moRMLXqneBq5EGOkW3Fy5BHHLe32GEHOuqcy3wc2EDQ73eqW0ljm3paDSBNDkAiwh-fSKlaTgOZhWD1GE.jpg
2025-06-07 18:41:01,424 - INFO - Fotoðraf indirildi: C:\Users\islim\OneDrive\Masaüstü\istanbul_trafik_analizi\backend\data\photos\AXQCQNQiydl-ktqHi_MuONlqDdi55TpGri66DfDPl9MSc0lbs8e9LLMPUBCxJqsNgGFPdGywahgaBidrM9tdzyFWAiuUHXg4FZKY.jpg
2025-06-07 18:41:02,741 - INFO - Fotoðraf indirildi: C:\Users\islim\OneDrive\Masaüstü\istanbul_trafik_analizi\backend\data\photos\AXQCQNTH2kbq80RKvk3e2vgRpEwg7rrFmWEad13PREPJKfi5FdYQRcypsmv4fg8t99aq4479bIOPipsnhqO9lViyPA0om7UNb9MT.jpg
2025-06-07 18:41:04,239 - INFO - Fotoðraf indirildi: C:\Users\islim\OneDrive\Masaüstü\istanbul_trafik_analizi\backend\data\photos\AXQCQNSR7slps0Fapjwg_7SlHqpnUPpKeeAQB4tCszhEHrsBJGzONAu5e7gfd_oCUmgFxSwNQ2VccqoQKPnyUk4IujUJwnS1TYVy.jpg
2025-06-07 18:41:05,542 - INFO - Fotoðraf indirildi: C:\Users\islim\OneDrive\Masaüstü\istanbul_trafik_analizi\backend\data\photos\AXQCQNSj0imERxJzxXB5djEXBLj4h9Ioqq_z1OiV0Jil5M2Q_g57peHVeWknBHE-Vnd68LxlRBfNDfwNG5hlf19rYJ8lhAe1vj7l.jpg
2025-06-07 18:41:07,237 - INFO - Fotoðraf indirildi: C:\Users\islim\OneDrive\Masaüstü\istanbul_trafik_analizi\backend\data\photos\AXQCQNRodpv9ThaLmuzc6moLE083yKLxo4jxTwIiOk2MI7Z3zBQgCGfZNjmT4LTIesmLQw209eYlC9VrrSIO5ym2XTNieNvipY3r.jpg
2025-06-07 18:41:08,546 - INFO - Fotoðraf indirildi: C:\Users\islim\OneDrive\Masaüstü\istanbul_trafik_analizi\backend\data\photos\AXQCQNQB0AX9eG-kaYqVxrlD3n3Y1cnpkSvELo0g5TCCSdsUbMWz9xvkhbZyixapt7mOvz4ZuGEPyuwrlVrAvdLM95Jdz-urPw_k.jpg
2025-06-07 18:41:10,060 - INFO - Fotoðraf indirildi: C:\Users\islim\OneDrive\Masaüstü\istanbul_trafik_analizi\backend\data\photos\AXQCQNSme-A4yb3ITfj1y2aCRoHVa1x_wK4gIOGffJ1Le0jjRcKcAbCl0uYPjhlIHrAkBNb5EXT1te1vxtI3CaqND2FZ5RofFbbY.jpg
2025-06-07 18:41:10,066 - INFO - Mekan iþlendi: Old Ottoman Cafe & Restaurant
2025-06-07 18:41:12,217 - INFO - Detay çekilen mekan: Food Palace 1981 Anatolian Restaurant
2025-06-07 18:41:13,817 - INFO - Fotoðraf indirildi: C:\Users\islim\OneDrive\Masaüstü\istanbul_trafik_analizi\backend\data\photos\AXQCQNS3yxiZseUEmULJzLyxR8CJvDIZ2Q2RH33obYbNiwVAkPDpK7gLeIr3gddlhzz5imNyWcN2_V3_54RNcA7TXqk-mPp4F6gq.jpg
2025-06-07 18:41:15,161 - INFO - Fotoðraf indirildi: C:\Users\islim\OneDrive\Masaüstü\istanbul_trafik_analizi\backend\data\photos\AXQCQNRgaLmmrkknOkoQ3Tk2SncS5AR9WEeJy_k5SjYfZR4L4ewg0ktKJUbjsA0PP50z0YriTecROw3TdGkwvQK_nyhyCrXmI6XQ.jpg
2025-06-07 18:41:16,376 - INFO - Fotoðraf indirildi: C:\Users\islim\OneDrive\Masaüstü\istanbul_trafik_analizi\backend\data\photos\AXQCQNQO6styTHreua-JaORrdrcu4ij0IOHifX51j9i5N0ei0_sSsHH0ygmcWBGe8gTKAOSzjG7BjGCXr8DoTzoeb5GqPIt3C9lO.jpg
2025-06-07 18:41:17,597 - INFO - Fotoðraf indirildi: C:\Users\islim\OneDrive\Masaüstü\istanbul_trafik_analizi\backend\data\photos\AXQCQNRdAjyVEVKL9cRFh6SfcWE1m_IXPHwsi_qLoBulH-0Zj4c59Sw1Uj3LGWmJy0yer2hSM9TEd2RkzVaFHW32qFwyQ9SpWc9b.jpg
2025-06-07 18:41:19,013 - INFO - Fotoðraf indirildi: C:\Users\islim\OneDrive\Masaüstü\istanbul_trafik_analizi\backend\data\photos\AXQCQNTP_woTtKUuBeNpp08Vd0dSWLgaHC_OyO2xwZQ1r4KYbUf4vOrm3ER1iGGYh_eTaMx2Lno9B7aR9n-3Oz-boypEduaaDtZ-.jpg
2025-06-07 18:41:20,212 - INFO - Fotoðraf indirildi: C:\Users\islim\OneDrive\Masaüstü\istanbul_trafik_analizi\backend\data\photos\AXQCQNQb3FtSvzlJvNRZaLxfL7w1scCRDxGUyCQsNMUaLPJVoFA_gNjgsufCwAVmP6qj5QiNhep5lhquaYfltF83KEzwyvF6cVwc.jpg
2025-06-07 18:41:21,747 - INFO - Fotoðraf indirildi: C:\Users\islim\OneDrive\Masaüstü\istanbul_trafik_analizi\backend\data\photos\AXQCQNQHKlGm_oazZW-Gv3WcmYY3jCZcNUsLKq_qCXGGliefPla-tIerhbnMai79AjNL_VApKjXfQrLsAfpGP58S401BjDsu_F-0.jpg
2025-06-07 18:41:23,187 - INFO - Fotoðraf indirildi: C:\Users\islim\OneDrive\Masaüstü\istanbul_trafik_analizi\backend\data\photos\AXQCQNT1ext_TIz-wv1hhBwcHeEstCqbxLueau9cR8-4EL0uedQQenogPODv9FUKHvxqTr39Cue573X_DX270HH7kOIk6lY-f73A.jpg
2025-06-07 18:41:24,586 - INFO - Fotoðraf indirildi: C:\Users\islim\OneDrive\Masaüstü\istanbul_trafik_analizi\backend\data\photos\AXQCQNTi2mbddBAQJfkxEXLDlN8_NBtrjEuhYbRVV9BSb46JyOtpuITmRBWUjQ_MnH69TAH3rXeHNRaBhrkIXE4CsiAWteO92qR7.jpg
2025-06-07 18:41:25,987 - INFO - Fotoðraf indirildi: C:\Users\islim\OneDrive\Masaüstü\istanbul_trafik_analizi\backend\data\photos\AXQCQNS3B2M1hvPgLBZLVMXdVMGVjRplznkj7gRyEZxhw0KUa-rX3WPGwiu0F2dVpgaO1LjhOwmoApLOUqtSxGZrnuoFUJhKvuuI.jpg
2025-06-07 18:41:25,992 - INFO - Mekan iþlendi: Food Palace 1981 Anatolian Restaurant
2025-06-07 18:41:28,180 - INFO - Detay çekilen mekan: Deraliye Terrace
2025-06-07 18:41:29,867 - INFO - Fotoðraf indirildi: C:\Users\islim\OneDrive\Masaüstü\istanbul_trafik_analizi\backend\data\photos\AXQCQNRuMqKCnEc5zlhhl1gDgmKjN2OieRM-7DNAZVFxDwZk0i6qkjxpVwTGu3Rcm0-8XvrXh31JwmZ1IyGTpKisrMYfpZp-nVWJ.jpg
2025-06-07 18:41:30,928 - INFO - Fotoðraf indirildi: C:\Users\islim\OneDrive\Masaüstü\istanbul_trafik_analizi\backend\data\photos\AXQCQNRM3_xxXMjbGdXkynczsx-b5ImpPWDQRRR4HBZouRJae0HH-PxuAvIp8yIdoJUZ_nma4RnYgtNUwJHcptYglg5ArHHuzayY.jpg
2025-06-07 18:41:32,302 - INFO - Fotoðraf indirildi: C:\Users\islim\OneDrive\Masaüstü\istanbul_trafik_analizi\backend\data\photos\AXQCQNSwGGCpcNgVZkQ1HoZkXGrR9fuUKL_qbPsiRbQrf1aKzJvHGyX-cisqUASLwSEj2MwNNxDzIZE2J4Awyg7_ivhRL7S-0fEn.jpg
2025-06-07 18:41:33,554 - INFO - Fotoðraf indirildi: C:\Users\islim\OneDrive\Masaüstü\istanbul_trafik_analizi\backend\data\photos\AXQCQNTJhiaGqmzLEdTOmuMpd_tejQ5H9Z6QAHTJe_NxjR42eIB1b6P-dBtQ18XSyvCQwesKTA1vzt58figdxGlq8-Vw4TCZOAzx.jpg
2025-06-07 18:41:34,834 - INFO - Fotoðraf indirildi: C:\Users\islim\OneDrive\Masaüstü\istanbul_trafik_analizi\backend\data\photos\AXQCQNQcmqt5rxcOF47WH93P6kcXjUWRsTzebUwgKjZcNO6nr8l23WVvtEfdseMGI0IoJno9rBcTk6T_QnSrLaOj95EUxxBk4IMn.jpg
2025-06-07 18:41:35,879 - INFO - Fotoðraf indirildi: C:\Users\islim\OneDrive\Masaüstü\istanbul_trafik_analizi\backend\data\photos\AXQCQNSrj06BOFGfv_p_IC-GuVnBuAs_-L8V55dFk1ZhXN-oWR9CHZ_aIYvqGETm-J5ECdEuMqqjiTgkPMXoUeyNuBYEO2OSwAtN.jpg
2025-06-07 18:41:37,075 - INFO - Fotoðraf indirildi: C:\Users\islim\OneDrive\Masaüstü\istanbul_trafik_analizi\backend\data\photos\AXQCQNQD3X0mnZlNdX7lQbCeoIDejJ4mkejcd2CLYBdECjCMADqdAwrpEoPxZF0Mmcra3jzMMj6uKv-jbLtlZ1AZPcZTwKeiGaT7.jpg
2025-06-07 18:41:38,193 - INFO - Fotoðraf indirildi: C:\Users\islim\OneDrive\Masaüstü\istanbul_trafik_analizi\backend\data\photos\AXQCQNSEqYp5vVYYFhMRCaDQOYGcCBxDl4mMaHlHl6K7R3jD2GZKh21H-X7c52jCCuWUxDDNqH_gV9zTKILeNGQVsFOh2MWJR-qo.jpg
2025-06-07 18:41:39,519 - INFO - Fotoðraf indirildi: C:\Users\islim\OneDrive\Masaüstü\istanbul_trafik_analizi\backend\data\photos\AXQCQNQnFqxP5Z-fFiyIFRcIvO_ZX4sEALKFS8R59VUfaJn7USCTHqcUQOYOGqHAVZYzYvRP57sji9u0ct_UsZE2MKj_9jVMkTl1.jpg
2025-06-07 18:41:40,636 - INFO - Fotoðraf indirildi: C:\Users\islim\OneDrive\Masaüstü\istanbul_trafik_analizi\backend\data\photos\AXQCQNTGipKUjcdnkxVgQMrT-I41o66q9qtHisO9A361SN0Pyye7o8MqyFo39xLBXQSTaNQfkoy4T6VxgQFG3NsIFytjrmZ9MU9Y.jpg
2025-06-07 18:41:40,640 - INFO - Mekan iþlendi: Deraliye Terrace
2025-06-07 18:41:42,823 - INFO - Detay çekilen mekan: Sirkeci Lokantasý 1912
2025-06-07 18:41:43,950 - INFO - Fotoðraf indirildi: C:\Users\islim\OneDrive\Masaüstü\istanbul_trafik_analizi\backend\data\photos\AXQCQNSe6yATWwTuL2QdhMgNQT77r0Tf_InfywL2RrIGtkenG_seHjupi_g3gO9K8DT-GdL5_nrmPWeJX-0Jgfd_YTz0-lbRD2iz.jpg
2025-06-07 18:41:45,002 - INFO - Fotoðraf indirildi: C:\Users\islim\OneDrive\Masaüstü\istanbul_trafik_analizi\backend\data\photos\AXQCQNS39RpIwha6AN5OHMqjMyM-DBGJxrSF_rR6h4byuY5gt5zzrgE9Oa-_LJPMuK3RnV42LcwJrGlqsRWynWeirNcOWAY4YIwN.jpg
2025-06-07 18:41:46,329 - INFO - Fotoðraf indirildi: C:\Users\islim\OneDrive\Masaüstü\istanbul_trafik_analizi\backend\data\photos\AXQCQNTcryg1jwbbi5IUDL6zP-l77CvHHAufpfQ6zrJL3HRXnN5tRxDr0EUL56hLBiz1MIf3js0VoeoGDGbfn0xlrZ3C_VhFbsYF.jpg
2025-06-07 18:41:47,395 - INFO - Fotoðraf indirildi: C:\Users\islim\OneDrive\Masaüstü\istanbul_trafik_analizi\backend\data\photos\AXQCQNQUbbNwxsgHEsBON5sY0DEjRbcEh16ZPYJ0DZCxMKgB5DFrk1_YMeYnw1J5VNiXJH6VxGvRdDYcncmsfjyx-6oLXqpHigEn.jpg
2025-06-07 18:41:48,839 - INFO - Fotoðraf indirildi: C:\Users\islim\OneDrive\Masaüstü\istanbul_trafik_analizi\backend\data\photos\AXQCQNQRZJ3Fx6blvttSOOMeGfCYqzc7rkxGru9oWzDGCLWMSzpSVHSFBPjsJTXOdztpCCA9SSBz6T4QdzqaXLculbJKaAj6sN8W.jpg
2025-06-07 18:41:50,172 - INFO - Fotoðraf indirildi: C:\Users\islim\OneDrive\Masaüstü\istanbul_trafik_analizi\backend\data\photos\AXQCQNTkFIGKXB8OxmZE7kBCE8lyf_lGinXLJUsuGILuknmz6hRM_2CEi-k_0jA8racLOtX6x4KEytaKn1iAan4Rc9UMSxisrIIL.jpg
2025-06-07 18:41:51,195 - INFO - Fotoðraf indirildi: C:\Users\islim\OneDrive\Masaüstü\istanbul_trafik_analizi\backend\data\photos\AXQCQNQ_xu0qYszT--vKBDEAIJ5_8M89YdDYJuU8qt6ng9YMLHNjkePskmHGnftB1xYemDgEuT9t0DHmshV_oD9bVbBLjY8vy5X6.jpg
2025-06-07 18:41:52,249 - INFO - Fotoðraf indirildi: C:\Users\islim\OneDrive\Masaüstü\istanbul_trafik_analizi\backend\data\photos\AXQCQNRcKO7S3zngwjAzDwB7If1nwvwQuov4yOzXtElKsuMk-OIuavOO4_jBRs1ybhjT48iTiFIcWn3ZqVsALU3KwITY1mIMxma3.jpg
2025-06-07 18:41:53,471 - INFO - Fotoðraf indirildi: C:\Users\islim\OneDrive\Masaüstü\istanbul_trafik_analizi\backend\data\photos\AXQCQNTfxpK8NtHLiSwMTKWiP7bfOcPablNbs7tglgPiRbGNLh0Y6E5WOP3UEzc89wJq4-G0AnJczuoq-5phUcr0BZUG3AS_aAgv.jpg
2025-06-07 18:41:54,565 - INFO - Fotoðraf indirildi: C:\Users\islim\OneDrive\Masaüstü\istanbul_trafik_analizi\backend\data\photos\AXQCQNSZ1AVufpxuyapWvFz_-a59Oz6UmXN89Mo2lS2Vv5Wz7E5VCA2MPyOBgRixgsX3sidW6SNU3dVzoX6bVZaBAndGF9xLu9ez.jpg
2025-06-07 18:41:54,569 - INFO - Mekan iþlendi: Sirkeci Lokantasý 1912
2025-06-07 18:41:56,739 - INFO - Detay çekilen mekan: Sirkeci Nova Roma Restaurant
2025-06-07 18:41:58,033 - INFO - Fotoðraf indirildi: C:\Users\islim\OneDrive\Masaüstü\istanbul_trafik_analizi\backend\data\photos\AXQCQNRMKn1CDZU30DcVS0t4u7mLCPM43refzzcIhK83wV_FKqZ-H7qMZKxSQkKnOxQ5na23gxgZse0K2eigJ-pJFXsWoNK1Rme-.jpg
2025-06-07 18:41:59,243 - INFO - Fotoðraf indirildi: C:\Users\islim\OneDrive\Masaüstü\istanbul_trafik_analizi\backend\data\photos\AXQCQNRwS4QhXS86ybq_Ph5OiEfmmlOJh08Yvbgft9GqZC17_TEGNRPITFT31n1KWCi4sG0IpCi2iLeH7p7ronimSj-SYM2dGw-L.jpg
2025-06-07 18:42:00,583 - INFO - Fotoðraf indirildi: C:\Users\islim\OneDrive\Masaüstü\istanbul_trafik_analizi\backend\data\photos\AXQCQNRSQ0Bdi4ycuvYdMpfOpdXmjqIBvjTDWADuFR3w14zKK052aDPpTHxp3rP1QTPzlufMzptxRWC46yaHhaUqab8lUNj9-kDt.jpg
2025-06-07 18:42:01,883 - INFO - Fotoðraf indirildi: C:\Users\islim\OneDrive\Masaüstü\istanbul_trafik_analizi\backend\data\photos\AXQCQNQeGSgpakLU0q74KKvNDLw8cRTsswlpITXudeqFjRgmZBg8GLxwZ0hKD_QzkHZLjmIO6Ecyyiqlts851fZ7-kpNVyi42e2i.jpg
2025-06-07 18:42:03,272 - INFO - Fotoðraf indirildi: C:\Users\islim\OneDrive\Masaüstü\istanbul_trafik_analizi\backend\data\photos\AXQCQNQK2x2E45YhithN8Rnn1n1os2X6SUNqexpFnPXeR7AOxJFOKNyp2pvsR8CRHVpXa6VE1ce_mDY615asN9wClFXYn_pOol8B.jpg
2025-06-07 18:42:04,757 - INFO - Fotoðraf indirildi: C:\Users\islim\OneDrive\Masaüstü\istanbul_trafik_analizi\backend\data\photos\AXQCQNRtzWaySbGTEwATUeqzJ8RSrZ4644pbCUULGA0ylKlTu4NNJoBM8g00827MmYgMPlb4cnqLoRMwai1Gve3Q77NeluyeMyLW.jpg
2025-06-07 18:42:06,406 - INFO - Fotoðraf indirildi: C:\Users\islim\OneDrive\Masaüstü\istanbul_trafik_analizi\backend\data\photos\AXQCQNSut9K6aEKjwSlPE1NuQ5lxo5Cm5HfDVReQec5R8dd6qsCsy6Bru9oyynQ67LadxrGiohiQKWdVodMj1vWS8bhHx9j8IYV_.jpg
2025-06-07 18:42:08,087 - INFO - Fotoðraf indirildi: C:\Users\islim\OneDrive\Masaüstü\istanbul_trafik_analizi\backend\data\photos\AXQCQNTSswk6TUGJEfdM6m4FNfS3VuXGD_-bI54yYuP1L-PTb5ZOIMTZARzDq3CA0aYlnfqArrdfEgFL5QITJ45hWj4bErxxt6VP.jpg
2025-06-07 18:42:09,548 - INFO - Fotoðraf indirildi: C:\Users\islim\OneDrive\Masaüstü\istanbul_trafik_analizi\backend\data\photos\AXQCQNQnz0m28ios7o2ujveEitmvwJ9TexjCxKt5ZqsfD9oIRfMgvCOqnWvKIo8aCjrEhFSOiqv5ghB_VtvZrS8GULMHR-dw_iTH.jpg
2025-06-07 18:42:11,081 - INFO - Fotoðraf indirildi: C:\Users\islim\OneDrive\Masaüstü\istanbul_trafik_analizi\backend\data\photos\AXQCQNQmX-Gr9erFnv9Ck2fbreDiQZZMqCLakxw-vd5MtXKj553sJpjy2UrrsFJQ6MXmlz-o_1NoKS_dVk5P4lvTU1P6OcKsswyA.jpg
2025-06-07 18:42:11,084 - INFO - Mekan iþlendi: Sirkeci Nova Roma Restaurant
2025-06-07 18:42:13,250 - INFO - Detay çekilen mekan: Eva Bosphorus Restaurant
2025-06-07 18:42:14,510 - INFO - Fotoðraf indirildi: C:\Users\islim\OneDrive\Masaüstü\istanbul_trafik_analizi\backend\data\photos\AXQCQNSxWvYFr70l5OhOtH26LWeBMb3j-0nl4i-tUqQTkKmZmFkXFCLy5rUnrd9DsSro5g8HCgA_FG1SZRq5lYsVe8OAIrKkxJpP.jpg
2025-06-07 18:42:16,034 - INFO - Fotoðraf indirildi: C:\Users\islim\OneDrive\Masaüstü\istanbul_trafik_analizi\backend\data\photos\AXQCQNSdrSdrUymJY3MMbxzlM-10RW9bLq2WgBDzGD071ps7T5KU1WanzrHE-Zd2aEsmRdzrhExPj6YlgRE-3lDz_8ckhr5ulirX.jpg
2025-06-07 18:42:17,435 - INFO - Fotoðraf indirildi: C:\Users\islim\OneDrive\Masaüstü\istanbul_trafik_analizi\backend\data\photos\AXQCQNRFcRX_77HARmMXVNBx40IiUUFuTBQTcvBYX-ibZ6L3EmDI69LcwqFJFUMLD2JtBxD35MND7_5MUMJyrdn-AnpKPhnR1qsE.jpg
2025-06-07 18:42:18,736 - INFO - Fotoðraf indirildi: C:\Users\islim\OneDrive\Masaüstü\istanbul_trafik_analizi\backend\data\photos\AXQCQNTqOyLNCPOAuUV5QvP0xZ8UVwmA7a0gxtV6KYJ8S3aFW-W3oPF-7uH4Qh56ZOacndUBuo9FC1MN339MVVLljyVPDvZAsjH0.jpg
2025-06-07 18:42:20,313 - INFO - Fotoðraf indirildi: C:\Users\islim\OneDrive\Masaüstü\istanbul_trafik_analizi\backend\data\photos\AXQCQNR2bm_nKu2eJ6f2lF82VhLJ7oppmLkoN91NFKqR4gcxXVNiH7QibiwOHNEnfzlsrd8OHtZMR9ISGT6JZok5JCd3mNXK61xz.jpg
2025-06-07 18:42:21,551 - INFO - Fotoðraf indirildi: C:\Users\islim\OneDrive\Masaüstü\istanbul_trafik_analizi\backend\data\photos\AXQCQNSBDUPBgDkp2p7gdJ2FZ7OwkD5f8fxlVjIEg4Zj5yLgAV-ngwoD01TUo9J_GI_i8DJn63gwqIpasatlc-13Aql9DVm8CXeI.jpg
2025-06-07 18:42:22,778 - INFO - Fotoðraf indirildi: C:\Users\islim\OneDrive\Masaüstü\istanbul_trafik_analizi\backend\data\photos\AXQCQNTw5XhMCKGXN9fiRI-GsMLD35GBdZVViVCL53AUF5YO1Fs5eU5V3tawdOW0cydz_wOec5AGSqvgxwmdRjVpIy7q-aR3geDp.jpg
2025-06-07 18:42:23,942 - INFO - Fotoðraf indirildi: C:\Users\islim\OneDrive\Masaüstü\istanbul_trafik_analizi\backend\data\photos\AXQCQNR3afeqFhzbOsSPTgwnH3mkzozigDrsGoKfbLF5PkOqHN4oXGyLGASc4QkiRMEARHicR9lvy15Tp-BUxEw3XEfA6i2QfClH.jpg
2025-06-07 18:42:25,178 - INFO - Fotoðraf indirildi: C:\Users\islim\OneDrive\Masaüstü\istanbul_trafik_analizi\backend\data\photos\AXQCQNQ7zzTzOsTfD2fylPSzlLEVHnQkItxy3io4t3r7Qz77s8hLXRdKBnAz5QvJ4J0Fkp1sPOxCCypEMo-SJYEdQbbd2HA_EwQ1.jpg
2025-06-07 18:42:26,653 - INFO - Fotoðraf indirildi: C:\Users\islim\OneDrive\Masaüstü\istanbul_trafik_analizi\backend\data\photos\AXQCQNTttjZV_QFxxaPvdPxR55sNZrCosfhteuUZiXbSV8RxmnPti2Vm0xg1pNzi3IPIgHKGM5nG14GguEBsUxStSLQ9IQkCzBkQ.jpg
2025-06-07 18:42:26,655 - INFO - Mekan iþlendi: Eva Bosphorus Restaurant
2025-06-07 18:42:28,810 - INFO - Detay çekilen mekan: Old hipodrom terrace restaurant
2025-06-07 18:42:29,890 - INFO - Fotoðraf indirildi: C:\Users\islim\OneDrive\Masaüstü\istanbul_trafik_analizi\backend\data\photos\AXQCQNTc2A9eZWK1LNAhxuXN9C4Xj3Ct1XxKiWMXcyCGV7IbEMnpN0YbCTmXo-lyfrN45lADFN4bQcAanw9Pp_aTtFjoIduBnExV.jpg
2025-06-07 18:42:31,173 - INFO - Fotoðraf indirildi: C:\Users\islim\OneDrive\Masaüstü\istanbul_trafik_analizi\backend\data\photos\AXQCQNSpUXgbNu__HqgANfK17pCACRwDtKYDpkPOc75b25zlp9aLXSp_QmGCB0OoEP9JnA7IcrGLvmCbRpJMqeCnYp6wWQlwEufb.jpg
2025-06-07 18:42:32,439 - INFO - Fotoðraf indirildi: C:\Users\islim\OneDrive\Masaüstü\istanbul_trafik_analizi\backend\data\photos\AXQCQNRx6iFvdVXDeNHnfHOMxBjFk-IEGmp19Urftud5Slfx3lVjaQXWKkbPH3pCpmyrDyWZz_zSAD-_eXUtMnrNAkHpL2S689sS.jpg
2025-06-07 18:42:33,931 - INFO - Fotoðraf indirildi: C:\Users\islim\OneDrive\Masaüstü\istanbul_trafik_analizi\backend\data\photos\AXQCQNS2spjNL9MlvtbLEAyMmeuDWutuoXh-ImadP-IgEDKSFpneV7LmFWnVqEFmfvrx3XM6xrv-p5R0KKQe50wMgyRPWoCvMFf7.jpg
2025-06-07 18:42:35,565 - INFO - Fotoðraf indirildi: C:\Users\islim\OneDrive\Masaüstü\istanbul_trafik_analizi\backend\data\photos\AXQCQNSwTBqQ8ge-O1zhY7Ekp9JAyUVMPMM-Vx0Xvi7jU207fw76eBtfufc7IgUj74eCd1jJLTQ23Aod3CKE02HyS2PL3wfVvq8n.jpg
2025-06-07 18:42:37,458 - INFO - Fotoðraf indirildi: C:\Users\islim\OneDrive\Masaüstü\istanbul_trafik_analizi\backend\data\photos\AXQCQNRsiX-Ty-clhJHH8Ar_FZqkKrymFtrdpzfiUI-wQYOvUqPgf3IE57ADQIh78GrhAiqdJfXpIwYGcyJ2gNtMk2L-a0E4D8N4.jpg
2025-06-07 18:42:38,969 - INFO - Fotoðraf indirildi: C:\Users\islim\OneDrive\Masaüstü\istanbul_trafik_analizi\backend\data\photos\AXQCQNTx1a2HnPdQ9dq6ECnkw9wofAlA1rBVgK4qm8gVVCEGn0PfMyEBmiUYwldmHnOJddfgVxA5GINgckv-88H8XFNok093ICKZ.jpg
2025-06-07 18:42:40,727 - INFO - Fotoðraf indirildi: C:\Users\islim\OneDrive\Masaüstü\istanbul_trafik_analizi\backend\data\photos\AXQCQNSVsRX83oJ783GGTjHGf7KLMElaH6CKODQ9Ycu9lPz914AnfQm4D0AFogu8MCAB7y1Zvr31JypLyffU20BRZtxTU7O5drwb.jpg
2025-06-07 18:42:42,694 - INFO - Fotoðraf indirildi: C:\Users\islim\OneDrive\Masaüstü\istanbul_trafik_analizi\backend\data\photos\AXQCQNQD-Y1NgcK939sjxmc0W-at2R6_MM2Vs8avDMeCmEUFyKIYqpSTng_ncdpW21_VBImQIWt7FHXGGMSfvEtrLfBz3Psv6ASR.jpg
2025-06-07 18:42:44,314 - INFO - Fotoðraf indirildi: C:\Users\islim\OneDrive\Masaüstü\istanbul_trafik_analizi\backend\data\photos\AXQCQNT8FHUq-Cq8Z8pw5Jtip7VrX8qK3iMPWZqK-7Yi_q1VGLWoCq-eXs19tbAzBzn0ZexaMpx5yuM5zemfFLXeSJAmgIseOtdD.jpg
2025-06-07 18:42:44,320 - INFO - Mekan iþlendi: Old hipodrom terrace restaurant
2025-06-07 18:42:46,499 - INFO - Detay çekilen mekan: Gülhane Þark Sofrasý
2025-06-07 18:42:48,188 - INFO - Fotoðraf indirildi: C:\Users\islim\OneDrive\Masaüstü\istanbul_trafik_analizi\backend\data\photos\AXQCQNQo7eJrwfeuUrFIDYOwNyPVAOdjwRTcMkuQXiefRn_V15bXgKkNMuQuAho5MZ9mH3I0HYyVl0zAkOy_MdwQ-ry8E8xC2XGX.jpg
2025-06-07 18:42:49,722 - INFO - Fotoðraf indirildi: C:\Users\islim\OneDrive\Masaüstü\istanbul_trafik_analizi\backend\data\photos\AXQCQNQDPy1_9CeghRxhaO7EbAI_2WrdSnXBcjBP6NjZaDeoKZBBUUAI31hHlIR1w8BaZmIUYCVN8dSLcWoQh3zVJAAAouyNd5VN.jpg
2025-06-07 18:42:51,375 - INFO - Fotoðraf indirildi: C:\Users\islim\OneDrive\Masaüstü\istanbul_trafik_analizi\backend\data\photos\AXQCQNS0RSPt03VnvW2frnG0kq6rHeen-9YEdT45AIt9HnO46kprE5fYej757Ypic967oiOIU_tMne4Nll92sh4zApYM_RrAUymk.jpg
2025-06-07 18:42:52,773 - INFO - Fotoðraf indirildi: C:\Users\islim\OneDrive\Masaüstü\istanbul_trafik_analizi\backend\data\photos\AXQCQNQ9wX9DxtY8P3uq0xvj6-oW3cCTJRW_rgNu-wb2B5kVCCCLKGIE1FilWG6nBdlQ8hSYN_CAqRSxszloCbvjTHflTIJJcb2t.jpg
2025-06-07 18:42:54,230 - INFO - Fotoðraf indirildi: C:\Users\islim\OneDrive\Masaüstü\istanbul_trafik_analizi\backend\data\photos\AXQCQNSkIeWhFZakDj3TBHV1B8Zi5JQCbstmlppAv_QCgUjWOPjAgfXHGIMn0B8RKC0xUcbK_sikbkyNQxuVlrhqXMjfadBELFIU.jpg
2025-06-07 18:42:55,511 - INFO - Fotoðraf indirildi: C:\Users\islim\OneDrive\Masaüstü\istanbul_trafik_analizi\backend\data\photos\AXQCQNRlidWukC7vHGnY7GWgwxNmrBeJhhKmawOGoK4stsZ9gPkd_pml1tlQ5MHubaIe6I3tTLfhSx9pPueV_CzJIvPvCsyL9TNU.jpg
2025-06-07 18:42:57,129 - INFO - Fotoðraf indirildi: C:\Users\islim\OneDrive\Masaüstü\istanbul_trafik_analizi\backend\data\photos\AXQCQNRXbcyHimT9yH5GCxRzO2qWslmguxAJMDiqRPihxnZV1kn7cWBmYEx7kLw_ew_nMSJ-xb68pnFy07g1xif4SqS-qI8O4CFd.jpg
2025-06-07 18:42:58,461 - INFO - Fotoðraf indirildi: C:\Users\islim\OneDrive\Masaüstü\istanbul_trafik_analizi\backend\data\photos\AXQCQNQjlC4krGAjrdxa_AiOVWcTk17GM8MEMR-8mllzj03GSuvetDBEKLzDmxw4erGgoWidUYwY7WqO2XWkGJ5ceiLFv48utior.jpg
2025-06-07 18:43:00,183 - INFO - Fotoðraf indirildi: C:\Users\islim\OneDrive\Masaüstü\istanbul_trafik_analizi\backend\data\photos\AXQCQNTsLEo0YSoRPlQgwzWxIOizq1GF16fp-ffDDXNcn1ISPhUVr-T7-Wh2I6Yoi-5_da5_jGE-ciVH5hBbo65E_Lyv_2qIHgrw.jpg
2025-06-07 18:43:01,484 - INFO - Fotoðraf indirildi: C:\Users\islim\OneDrive\Masaüstü\istanbul_trafik_analizi\backend\data\photos\AXQCQNRprHU1QJkKPYYdzf4jCuyBIXoVQMYQJV2m0d76AJRHPe0-D3zSAUBMC3kLWl8aVlv2RTMP0rVadV8atu8Hzw9VMIIyveP_.jpg
2025-06-07 18:43:01,488 - INFO - Mekan iþlendi: Gülhane Þark Sofrasý
2025-06-07 18:43:03,649 - INFO - Detay çekilen mekan: Las Tapas fish and kebap Restaurant
2025-06-07 18:43:04,901 - INFO - Fotoðraf indirildi: C:\Users\islim\OneDrive\Masaüstü\istanbul_trafik_analizi\backend\data\photos\AXQCQNRipRLnzyJbVVt_dBlLw8JnUHN6OtGA_euBVNe7D2di2v7TzAuS5W3YU3x-qtvyLZPdr88OGzMgOArkSXhvcytlAx2eEEY1.jpg
2025-06-07 18:43:06,022 - INFO - Fotoðraf indirildi: C:\Users\islim\OneDrive\Masaüstü\istanbul_trafik_analizi\backend\data\photos\AXQCQNRSgUmRSoOaZqRJyJsL90QMEr88ybdfyRlT0WUnI46UhNYBsSCZjRqG5h0zd9lXKwy7VtYOypozn5cYB3lsXLhPAyzmAn5j.jpg
2025-06-07 18:43:07,041 - INFO - Fotoðraf indirildi: C:\Users\islim\OneDrive\Masaüstü\istanbul_trafik_analizi\backend\data\photos\AXQCQNQbfke_1gB2RWHiS9CJYAiNNT3snAEISzMX1mma8HOXGkHeFkslg3g3Qre5pH-Q8RzYdP_9aRNfoDHMVqw0esPY78AT7GnK.jpg
2025-06-07 18:43:08,384 - INFO - Fotoðraf indirildi: C:\Users\islim\OneDrive\Masaüstü\istanbul_trafik_analizi\backend\data\photos\AXQCQNRiBV3iNxbvP2orm6Mjmr3AMtePHjO3Ikyc7BY6PQnH6yr3-3IfWJ2GFCkS9o-b9NBDdEENJzH5SExONXMFCrUB2XBkb2j0.jpg
2025-06-07 18:43:09,471 - INFO - Fotoðraf indirildi: C:\Users\islim\OneDrive\Masaüstü\istanbul_trafik_analizi\backend\data\photos\AXQCQNT86kNJkCwQYOCBkGNYxeTxoKOALhXVOU48W5bj-Gy73bGaAeEX3zwCAra0_ekNCy0dKAHwArPo33V4A3oTgl4xUVly8u8X.jpg
2025-06-07 18:43:10,742 - INFO - Fotoðraf indirildi: C:\Users\islim\OneDrive\Masaüstü\istanbul_trafik_analizi\backend\data\photos\AXQCQNR73m7pr7g7FyAjm8JgOH0W757UECEp6a80Im25ZHHNzw-jWUq41HL3d87_UPeqFTqITTvteJtTaNHGnNEzAUvC1q1gwO2e.jpg
2025-06-07 18:43:11,760 - INFO - Fotoðraf indirildi: C:\Users\islim\OneDrive\Masaüstü\istanbul_trafik_analizi\backend\data\photos\AXQCQNQhf_bWeWflu_7DekEFc7zYRRfn3Qymi9Oq3Xm0uug9m7jtUdcqH6mzx7-_AQuHar9qbpaRgZRDDSRMAMdSV-_4K6ngSkcX.jpg
2025-06-07 18:43:13,258 - INFO - Fotoðraf indirildi: C:\Users\islim\OneDrive\Masaüstü\istanbul_trafik_analizi\backend\data\photos\AXQCQNTR5eeBRiybe4rVQtCtqk4qezipIeNzxKYu2NTYHfeDnxUKzb0tHko2LCq2sCDHgdLVGpdrEEKZrpyrbJzxWxnD4a61v9e1.jpg
2025-06-07 18:43:14,711 - INFO - Fotoðraf indirildi: C:\Users\islim\OneDrive\Masaüstü\istanbul_trafik_analizi\backend\data\photos\AXQCQNTCCHKa8GHprsKZcwFlq-9fz6SwMvNlvM_jPGdSsQEIaQTaFA2UXoe1IQIt6fhjnQ8PV3eIssWc6DVTfTH447diUQ9fC22A.jpg
2025-06-07 18:43:16,218 - INFO - Fotoðraf indirildi: C:\Users\islim\OneDrive\Masaüstü\istanbul_trafik_analizi\backend\data\photos\AXQCQNSctARhVq39HczzCTbIXRgO2gT3GErLHkt1bbZH6Bq9xcBQmoBQVaVtgr40STqZcSO8aMVaO11olyKyKhrTqLkASF3g4Vcd.jpg
2025-06-07 18:43:16,221 - INFO - Mekan iþlendi: Las Tapas fish and kebap Restaurant
2025-06-07 18:43:18,413 - INFO - Detay çekilen mekan: Garden Mezze
2025-06-07 18:43:20,519 - INFO - Fotoðraf indirildi: C:\Users\islim\OneDrive\Masaüstü\istanbul_trafik_analizi\backend\data\photos\AXQCQNQqfI7ukYbj9Ubn0r6MhBC-qm1hDwq2Y8V2XjzNxY2YTsQQ4QJjaTHSWnH61lc_2siHvTXhlrAZpq2wcwU2YynFsW0WdkF3.jpg
2025-06-07 18:43:22,751 - INFO - Fotoðraf indirildi: C:\Users\islim\OneDrive\Masaüstü\istanbul_trafik_analizi\backend\data\photos\AXQCQNSlmdh4kUuSi4PsRsD9eYU6wtx7B2AsdqDX_aeEHI_d5VGbgPvojEMaCrVptGYISrgC6oCUfD4raS5RUkKvSIcevbmn0IC1.jpg
2025-06-07 18:43:24,482 - INFO - Fotoðraf indirildi: C:\Users\islim\OneDrive\Masaüstü\istanbul_trafik_analizi\backend\data\photos\AXQCQNSTFhU73jr2DRcyVdGHPOg2kZ0lc0mJMFgTEkWn-d7wvM-dRBAAbTK2IgT4MT-P7Y__BAfEqVe5aK1Nzscr5yAUTMbrwSGD.jpg
2025-06-07 18:43:26,409 - INFO - Fotoðraf indirildi: C:\Users\islim\OneDrive\Masaüstü\istanbul_trafik_analizi\backend\data\photos\AXQCQNSHIsHOBDAFaLM-likH-7rM-N1nLxbR0_JGJu_SXfzNFwNa_3xUD2xF4DlFyjtRFqNM7nobfr7c69JKgDWrB83lS_JrAsvk.jpg
2025-06-07 18:43:28,149 - INFO - Fotoðraf indirildi: C:\Users\islim\OneDrive\Masaüstü\istanbul_trafik_analizi\backend\data\photos\AXQCQNR_ZcC0tvgho_FzAZ1Vie-Mc5swb_QDA5H-C7gqR5biKIkzD1vwuM_3BqzkAI8bPrgEeLRHz3pT9NbL1JOOiuM_jGig1pRa.jpg
2025-06-07 18:43:29,650 - INFO - Fotoðraf indirildi: C:\Users\islim\OneDrive\Masaüstü\istanbul_trafik_analizi\backend\data\photos\AXQCQNT2YiGl58cJyCZMjBSjDc3gBC-GypPig_dLViwCS_f-xW421JWqzCZhpVvcYNEw6v2b0dcNGiwqF59nK4UtK_ah-hunIU_n.jpg
2025-06-07 18:43:31,464 - INFO - Fotoðraf indirildi: C:\Users\islim\OneDrive\Masaüstü\istanbul_trafik_analizi\backend\data\photos\AXQCQNSH3IpeRSUtWW9a9gvyil85T0GbSqC34ShPAQsBvXfX5jB-FjVNYhZHqXBXOCIxyqTzj4eESBAZlsTxmK5AV8Lh860fzbe0.jpg
2025-06-07 18:43:33,449 - INFO - Fotoðraf indirildi: C:\Users\islim\OneDrive\Masaüstü\istanbul_trafik_analizi\backend\data\photos\AXQCQNTQzlFhKvuQaOkGQXwrabCxN1-L5PPH1jKXRe9m6U-vHHwzgTJLlazStjSA0ufyOVmuGy7Li92Eqb41Yi0e3haf_LFQxgkm.jpg
2025-06-07 18:43:35,070 - INFO - Fotoðraf indirildi: C:\Users\islim\OneDrive\Masaüstü\istanbul_trafik_analizi\backend\data\photos\AXQCQNQvLTMkKA2BwmbQvBBtsExy4nZO4w3gxmdAuQEjG0QJ7sk5Jjh3YsvMnOIsr4LlmKCjMI--i1JB2YS5wBj6dH2SPNINsW5X.jpg
2025-06-07 18:43:37,107 - INFO - Fotoðraf indirildi: C:\Users\islim\OneDrive\Masaüstü\istanbul_trafik_analizi\backend\data\photos\AXQCQNSB8mMMK4p3_MSWTKE06r7civnszfLgZSBOJDWaHxaA47JtzPGl4K2jryu7ZLeKBmJMo0d2GqyOmXjUltTwN_ELlFSLGqZG.jpg
2025-06-07 18:43:37,111 - INFO - Mekan iþlendi: Garden Mezze
2025-06-07 18:43:39,632 - INFO - Detay çekilen mekan: Lokanta 1741
2025-06-07 18:43:40,948 - INFO - Fotoðraf indirildi: C:\Users\islim\OneDrive\Masaüstü\istanbul_trafik_analizi\backend\data\photos\AXQCQNTNitxgplrfureVOu5v2ZDzJmwiaP69Bbu3uvNOWypPjDJZr380ib3CgAQXORL_qDrbr2G5uamKAxgnNP6-oYJTX3o5soyO.jpg
2025-06-07 18:43:42,428 - INFO - Fotoðraf indirildi: C:\Users\islim\OneDrive\Masaüstü\istanbul_trafik_analizi\backend\data\photos\AXQCQNQZ--W0pw_So3FkOYWMvc-Z43WqbZNLvRPqcmyQjSuIITnh7UVaLOQZsnb4cXGVXoHVaLRL6V71pVzxPVzFS7PYp4abxSVd.jpg
2025-06-07 18:43:44,026 - INFO - Fotoðraf indirildi: C:\Users\islim\OneDrive\Masaüstü\istanbul_trafik_analizi\backend\data\photos\AXQCQNSGq9gqCMQGLvZZTCzldrokpuOK_0X0YevYM-csqocaGMMSYQq0z_EZJlIZDy2kL0dwtjqeNoAAp4xbM96bkfk3YHClhPLE.jpg
2025-06-07 18:43:45,728 - INFO - Fotoðraf indirildi: C:\Users\islim\OneDrive\Masaüstü\istanbul_trafik_analizi\backend\data\photos\AXQCQNRsSV_s7iWtpSWOkiQAnpKVWOesnq9gi0es6Ug8b7fv-l_1Dvg6myDXX3jdrQa4UmtTHOS7PsbokdXIn-jRfu_l0bhajWN_.jpg
2025-06-07 18:43:47,459 - INFO - Fotoðraf indirildi: C:\Users\islim\OneDrive\Masaüstü\istanbul_trafik_analizi\backend\data\photos\AXQCQNQkU0lk-QQQBPEyQjUjpWGEhuguZyWF-Phe9GsH9weYBI0yei0eU-xn2UGDsTobClHzdcOsMPGhoMXuxR08D8_ZIMaajtNj.jpg
2025-06-07 18:43:48,766 - INFO - Fotoðraf indirildi: C:\Users\islim\OneDrive\Masaüstü\istanbul_trafik_analizi\backend\data\photos\AXQCQNR10khLsHVIcWIiNIF3ozlV-CroCvq_ZPH185g8hBMvKLW7cqgGNmuerp8sP98VLwi-xJa4ot2ac_3PJCRk85GDb4AfSaF0.jpg
2025-06-07 18:43:50,081 - INFO - Fotoðraf indirildi: C:\Users\islim\OneDrive\Masaüstü\istanbul_trafik_analizi\backend\data\photos\AXQCQNS2DZOYGrWne_Hb3TVz9HBaiM5v2cxt1cdA2gV4PPlioemURncdea_uQK0i8AXpV3y2Va30z4-mT_oyo5L7IhlgbvR7vlV-.jpg
2025-06-07 18:43:51,241 - INFO - Fotoðraf indirildi: C:\Users\islim\OneDrive\Masaüstü\istanbul_trafik_analizi\backend\data\photos\AXQCQNRUAqetpU75e-oAMmm65U-IsbPbJopQWWu54o7oIX64zq8ICTJl7oF9pDb4kO5wYfVerfL7_K-MIiJB0MbOX1_phMRZrVO6.jpg
2025-06-07 18:43:52,231 - INFO - Fotoðraf indirildi: C:\Users\islim\OneDrive\Masaüstü\istanbul_trafik_analizi\backend\data\photos\AXQCQNTSWCkkvbDinbVV7E5IgbDkhHtfirQQuS0T9JEVLQukD3GgmLxwQbhGDpCxD8VtMQD4VXZhpdMVZAL6lfgrpPgZr7-S3WQV.jpg
2025-06-07 18:43:53,577 - INFO - Fotoðraf indirildi: C:\Users\islim\OneDrive\Masaüstü\istanbul_trafik_analizi\backend\data\photos\AXQCQNSvm1v0jJeFhqYxcnLajYG_mJGDJF5skQyj0DQSRFq_yBJMd1aX1-mZ8134J5dc_b19UfMw4yEHRgqd0wO8yfWmXWXf2Rqw.jpg
2025-06-07 18:43:53,612 - INFO - Mekan iþlendi: Lokanta 1741
2025-06-07 18:43:55,771 - INFO - Detay çekilen mekan: Ararat Terrace Restaurant & Rooftop
2025-06-07 18:43:57,004 - INFO - Fotoðraf indirildi: C:\Users\islim\OneDrive\Masaüstü\istanbul_trafik_analizi\backend\data\photos\AXQCQNT5vFH9KZ4UXt_4UqcgTlQ3Zvi-W179sdMNiVC12iKhvnsNKd1QRf-Uhw6sL8LafvCszf5IYI4JmF3q3SQG0rwPYkFwsLnU.jpg
2025-06-07 18:43:58,026 - INFO - Fotoðraf indirildi: C:\Users\islim\OneDrive\Masaüstü\istanbul_trafik_analizi\backend\data\photos\AXQCQNQOx8Tt0uIICFJDtev4q8Cd5CGh9jga_aIrMioHAPeKHE9fEdw55fEqEcl2qrN_e9sYdCFuv0wpy-1oBGzBS8Z_gzUROZkO.jpg
2025-06-07 18:43:59,526 - INFO - Fotoðraf indirildi: C:\Users\islim\OneDrive\Masaüstü\istanbul_trafik_analizi\backend\data\photos\AXQCQNRmSfbS8oDWVf91rReByvmd2myWzo2eFYbZY4IKnqASAXKTs2oGBrtKP5PrbdHKPXXKrF-VrXzAv9UyBQOEQZtq84KUtpaP.jpg
2025-06-07 18:44:00,912 - INFO - Fotoðraf indirildi: C:\Users\islim\OneDrive\Masaüstü\istanbul_trafik_analizi\backend\data\photos\AXQCQNQXKxJCd1Q3ttWEbD-Mz1YlXXqTnzWkyeb40QiJzmF0CZ7Dhmm_YsIYTc9jx-QOThBWAaUQf4XijdHJ8ozdnGthZ9yQAJ7d.jpg
2025-06-07 18:44:02,494 - INFO - Fotoðraf indirildi: C:\Users\islim\OneDrive\Masaüstü\istanbul_trafik_analizi\backend\data\photos\AXQCQNTbLURda2SR9Eg04tNwwego2BMHdOtP3RqmLuCc2w_UT_WjeJo-d3FZ3st1Qw5B9hqBROScgt3Lr1NfiZdBxDR2wF929e-i.jpg
2025-06-07 18:44:03,985 - INFO - Fotoðraf indirildi: C:\Users\islim\OneDrive\Masaüstü\istanbul_trafik_analizi\backend\data\photos\AXQCQNQzyBjwmAVo6BZRiR0eo5Mgz1obdhtoq0Kp5cOD_atanw7kTQ88OZRNehDpEpyGSuE98AMZxqRa0mkq4RVDTiZR32Xb7u3-.jpg
2025-06-07 18:44:05,614 - INFO - Fotoðraf indirildi: C:\Users\islim\OneDrive\Masaüstü\istanbul_trafik_analizi\backend\data\photos\AXQCQNSG_LBn95OC8IDEM9T8nBc48To1UfLZBLRopbpyWWWnBseC7YLzYc5wj09OPV0_RQXtHBXbOXxGj83C26gRl-nZns19lkTa.jpg
2025-06-07 18:44:07,091 - INFO - Fotoðraf indirildi: C:\Users\islim\OneDrive\Masaüstü\istanbul_trafik_analizi\backend\data\photos\AXQCQNQchvaQiAadKX7XgTXwA7ed2-xDY1ShUX-qxC6OxbhwkSd0PP7V4SGF0vhw5lMGJpsfUYVbtTwXec7bf1mSp82IUdO1iJz2.jpg
2025-06-07 18:44:08,818 - INFO - Fotoðraf indirildi: C:\Users\islim\OneDrive\Masaüstü\istanbul_trafik_analizi\backend\data\photos\AXQCQNSR95lePszER3OCrOQ6tE6yTHq2yySYeQaV-LAqkDaBdEagHOe0_D1YNyM41JdLXHoYPzL7eaBQ4okDaNo_lwCrY0-PNc_V.jpg
2025-06-07 18:44:10,420 - INFO - Fotoðraf indirildi: C:\Users\islim\OneDrive\Masaüstü\istanbul_trafik_analizi\backend\data\photos\AXQCQNTk5phhUDqQD2LgHGVAiqMmMCmepi7xEv4OkO0aJq45t02QsxJ3SZpHcbZYT-O_7UjuCt30zJn4DIbh9OVhZAhcJIltZ14z.jpg
2025-06-07 18:44:10,426 - INFO - Mekan iþlendi: Ararat Terrace Restaurant & Rooftop
2025-06-07 18:44:12,427 - INFO - Veriler birleþtiriliyor ve kaydediliyor...
2025-06-07 18:44:12,465 - INFO - Ýþlem tamamlandý!
2025-06-07 19:34:28,174 - INFO - Klasörler oluþturuldu: C:\Users\islim\OneDrive\Masaüstü\istanbul_trafik_analizi\backend\data, C:\Users\islim\OneDrive\Masaüstü\istanbul_trafik_analizi\backend\data\photos
2025-06-07 19:34:28,175 - INFO - API queries_quota: 60
2025-06-07 19:34:29,302 - INFO - Google Maps API baþarýyla baþlatýldý
2025-06-07 19:34:29,302 - INFO - Restoranlar aranýyor...
2025-06-07 19:34:29,832 - INFO - API'dan dönen sonuç sayýsý: 20
2025-06-07 19:34:32,400 - INFO - API'dan dönen sonuç sayýsý: 20
2025-06-07 19:34:34,409 - INFO - Toplam çekilen mekan: 40
2025-06-07 19:34:34,608 - INFO - Detay çekilen mekan: Hanzade Terrace Restaurant
2025-06-07 19:34:36,438 - INFO - Fotoðraf indirildi: C:\Users\islim\OneDrive\Masaüstü\istanbul_trafik_analizi\backend\data\photos\AXQCQNTuZ5ovY8ck9B3LqdO7s9lHzS-cNxB3u9R8c8Vm2klniuZlCwVbwL1AG3XKq4GlhwKdFnzecQb8vXv3L4D0lihaqdWdamy1.jpg
2025-06-07 19:34:37,663 - INFO - Fotoðraf indirildi: C:\Users\islim\OneDrive\Masaüstü\istanbul_trafik_analizi\backend\data\photos\AXQCQNT0PiOZinhe9dWrKjMMkxWKHIyFnZ6qMyPVperpmZCDG5Kgg_ZS5E_RrleXhP87Q05sgtu6Mp3QSkoV-jOXhZfuClyC-DfH.jpg
2025-06-07 19:34:39,098 - INFO - Fotoðraf indirildi: C:\Users\islim\OneDrive\Masaüstü\istanbul_trafik_analizi\backend\data\photos\AXQCQNScf_Xr0mf3ItYAZwJnxUaBF7FcTotNohvRCC8vOIyvSks7Dv7xHgTcekIpWM79GkK5fsrjoJGl5CmKUUq3iOxTlWXd7Bmm.jpg
2025-06-07 19:34:40,427 - INFO - Fotoðraf indirildi: C:\Users\islim\OneDrive\Masaüstü\istanbul_trafik_analizi\backend\data\photos\AXQCQNT8iJVo8lImsbOzTHOD6Powm_b9G3LVwBbfapM06cNibKz55eTkGhsyTCLbya0U9SiTbS7rO-YA14fhD4Xrjc7UyVlkPVme.jpg
2025-06-07 19:34:41,841 - INFO - Fotoðraf indirildi: C:\Users\islim\OneDrive\Masaüstü\istanbul_trafik_analizi\backend\data\photos\AXQCQNQffOetzkTuM69E4Rk8MZroP1I66vYrnNDcZbLaKKkoasv_RTRzq4KxihM6xOtUaYVhK8APomY8nVE5L8k_yecQlnbhYIN0.jpg
2025-06-07 19:34:43,303 - INFO - Fotoðraf indirildi: C:\Users\islim\OneDrive\Masaüstü\istanbul_trafik_analizi\backend\data\photos\AXQCQNRMhoSy5Ev4FoXZCGhol5R-9bPc0O4JHgC010Dt-AMpRCm-EcdX0UffbSyNql5U_g9o2JGJC9ZL7O4ZYDagstMnlVqEgNTw.jpg
2025-06-07 19:34:44,703 - INFO - Fotoðraf indirildi: C:\Users\islim\OneDrive\Masaüstü\istanbul_trafik_analizi\backend\data\photos\AXQCQNRKtuG7PpjGQI9IC3FDGs7-2dQL1SpUhTMgF0vPadbOrWTizJTgHs63_4S6S6ZJxrbcW3QRCQ0hUEcgFL1YXD6Mx-7PiXyb.jpg
2025-06-07 19:34:46,096 - INFO - Fotoðraf indirildi: C:\Users\islim\OneDrive\Masaüstü\istanbul_trafik_analizi\backend\data\photos\AXQCQNSXDbmFBtcm3Ls7XT7yMX3FL3YEeNpx4op_SSrrRK5zPF5QHzFp1-5B3WDHGad3MwH7JxeBOaV6FY9vsHA85kipiSVar8di.jpg
2025-06-07 19:34:47,756 - INFO - Fotoðraf indirildi: C:\Users\islim\OneDrive\Masaüstü\istanbul_trafik_analizi\backend\data\photos\AXQCQNT_oIOK_MRlCPwhKMpYMJUc_0IIMrkoJxfciaRIpuOdpZ7oDUOyOZm08OURt8goBse_dP65Zcz61sUtnebzuX48-NGA35Cm.jpg
2025-06-07 19:34:49,185 - INFO - Fotoðraf indirildi: C:\Users\islim\OneDrive\Masaüstü\istanbul_trafik_analizi\backend\data\photos\AXQCQNR4PRnt9Qi4MK7qQ5qct1mZJ4egvkin98f7GQ_r2vBSiT5PWf0XE0Zcm5TaM2Vnxubk3FLUkC6IT0AgiTbamBejfcxsTKL7.jpg
2025-06-07 19:34:49,189 - INFO - Mekan iþlendi: Hanzade Terrace Restaurant
2025-06-07 19:34:51,350 - INFO - Detay çekilen mekan: Garden 1897 Restaurant
2025-06-07 19:34:52,545 - INFO - Fotoðraf indirildi: C:\Users\islim\OneDrive\Masaüstü\istanbul_trafik_analizi\backend\data\photos\AXQCQNThB_i34lgHF2XLIvg4wSnPgrIHSukA_-vKEUP3TxsNiVXjxJDQJNw39KSbnGTGoptE1jWKnv-vU6fznMJoJ2UvsDJep5iR.jpg
2025-06-07 19:34:53,851 - INFO - Fotoðraf indirildi: C:\Users\islim\OneDrive\Masaüstü\istanbul_trafik_analizi\backend\data\photos\AXQCQNQjisS1h_VhrZKeQXoYObfKt2NEAOQyL1uUYX_4scl5gBOQ-SjMfZUZlgbYmd5HeKZrf1UDmEGSmpJ4-Eu-YHE4rP1W2LkH.jpg
2025-06-07 19:34:55,174 - INFO - Fotoðraf indirildi: C:\Users\islim\OneDrive\Masaüstü\istanbul_trafik_analizi\backend\data\photos\AXQCQNQXdszWyl5DScogqjBrJwuDimozqVlDj_A-2Ku1Wzj6kCQe5YC0fQHKX5fCJBCfWIiRlIGaw6xA86TGSs_yVcRTK-IUNWrw.jpg
2025-06-07 19:34:56,659 - INFO - Fotoðraf indirildi: C:\Users\islim\OneDrive\Masaüstü\istanbul_trafik_analizi\backend\data\photos\AXQCQNR96KZfcERpSAxW5Y_u67QIeFK_zy9VPMUxtbIXCpP4pbjxMgTzjwsaqdlQ3oRmTBqDBjFYs4QxDvk9FkEI9KKCgVJDa41F.jpg
2025-06-07 19:34:58,059 - INFO - Fotoðraf indirildi: C:\Users\islim\OneDrive\Masaüstü\istanbul_trafik_analizi\backend\data\photos\AXQCQNTt905uP3-dpD1jCoPe_ImV691xzveZGhnmyfh6xFgg08M6rrvhYc-XAch5qLqZkUWRtHSIXEVWtTF_gd1gMbObZP7CUOrw.jpg
2025-06-07 19:34:59,579 - INFO - Fotoðraf indirildi: C:\Users\islim\OneDrive\Masaüstü\istanbul_trafik_analizi\backend\data\photos\AXQCQNRdnCoKmh9A7gWc2dWtDA3I2YLNGUfGdL7oe-hXx45mtRuTW3W6H0jZH68nKPf7G6nyMyELWIDyFOKQBtw18RYDQrteIF9o.jpg
2025-06-07 19:35:00,887 - INFO - Fotoðraf indirildi: C:\Users\islim\OneDrive\Masaüstü\istanbul_trafik_analizi\backend\data\photos\AXQCQNTTsEuSjx9Ue0AwfGOrgkjjBa7aRcMmqGLZkue1XWKz0ycZ6TA_H7Z3qVz2bfzB1a0iZxd-abXXX-TVDHMgv0X0j6oYtrFt.jpg
2025-06-07 19:35:01,936 - INFO - Fotoðraf indirildi: C:\Users\islim\OneDrive\Masaüstü\istanbul_trafik_analizi\backend\data\photos\AXQCQNSj7opqG-15v-g8riuJNpbTUvP4PqWOybrc8ascFRo3tTW6NEfEeXNMXo8MtGn4TtDUWMiZcbufK3IM5xNK5UA_S3v1LI6-.jpg
2025-06-07 19:35:03,239 - INFO - Fotoðraf indirildi: C:\Users\islim\OneDrive\Masaüstü\istanbul_trafik_analizi\backend\data\photos\AXQCQNQvLNG6pAI6QdpYftFt3yfO0jVJTC3VDTnu0Ww40g1cxkm50yN20LOBsmKboqt2orc-wBw2OJl_GsO93CEWeRcN-dsf8TuJ.jpg
2025-06-07 19:35:04,623 - INFO - Fotoðraf indirildi: C:\Users\islim\OneDrive\Masaüstü\istanbul_trafik_analizi\backend\data\photos\AXQCQNTdQfTSWJQjxD1fGs-2vj1O0AtLlK35eteeSMT8YtudGPIfqplxDOJyBKn0ZiNB-mQaVc3LT9iPD2rRM7dRmin6jqP2GXTF.jpg
2025-06-07 19:35:04,630 - INFO - Mekan iþlendi: Garden 1897 Restaurant
2025-06-07 19:35:06,803 - INFO - Detay çekilen mekan: Gülhane Þark Sofrasý
2025-06-07 19:35:07,927 - INFO - Fotoðraf indirildi: C:\Users\islim\OneDrive\Masaüstü\istanbul_trafik_analizi\backend\data\photos\AXQCQNQl8BeKoZKTe7bIbRS7QXmP8LuDe9buMYhmany5k3e86Q8u71Em125UlZonkeWVOFyvJaYjo1ll7tTUao8tb3khFW5fVKpj.jpg
2025-06-07 19:35:09,097 - INFO - Fotoðraf indirildi: C:\Users\islim\OneDrive\Masaüstü\istanbul_trafik_analizi\backend\data\photos\AXQCQNS-hK4wXceHIAAcoeVxgUvkq7crmZLVVjJYsYQUGjortwi5Jiulm1Byf5yBCbKcpalFeNV-GmAufO3DXrO1s4sZw_0UCic-.jpg
2025-06-07 19:35:10,631 - INFO - Fotoðraf indirildi: C:\Users\islim\OneDrive\Masaüstü\istanbul_trafik_analizi\backend\data\photos\AXQCQNREdLs4lxI4oJnhXjTptTQacoycBixM2my_7xX1xkvuJZa6Wu5oJBrExUHmqvOAmifUoAAbrMFi3Sy-i1SyjSjiBwi3tBlm.jpg
2025-06-07 19:35:11,667 - INFO - Fotoðraf indirildi: C:\Users\islim\OneDrive\Masaüstü\istanbul_trafik_analizi\backend\data\photos\AXQCQNQzrQe2cuCX3b4-Te_suTlPhQ-U4sVgp7-uEmWJwBy3fISnybPIP6OL-kVV4zKAwyf69aphEMvV5Hn9JZiQgV1iesge9N4B.jpg
2025-06-07 19:35:12,918 - INFO - Fotoðraf indirildi: C:\Users\islim\OneDrive\Masaüstü\istanbul_trafik_analizi\backend\data\photos\AXQCQNQSK-Lg88lDjXiXP7Baq-1ek3zkp4uRbVVaGMuJAHw-KylZiPpq_Vq1PTnhKqEF7CGxSD1x90KghvH46uTfEyWGsyL6Ae2j.jpg
2025-06-07 19:35:14,210 - INFO - Fotoðraf indirildi: C:\Users\islim\OneDrive\Masaüstü\istanbul_trafik_analizi\backend\data\photos\AXQCQNSn1GiYsJimfc8VsKVA7o0s9krQgHVLewLcCjTPaxqXrtq-w53tUuK273MyfiZ-JpaSSLadUBUkplQIqqtWrGGhMVtKsu1k.jpg
2025-06-07 19:35:15,419 - INFO - Fotoðraf indirildi: C:\Users\islim\OneDrive\Masaüstü\istanbul_trafik_analizi\backend\data\photos\AXQCQNRa84_UUAUJbbIhlvAFLPncD71V9jw172NKA_3e6gy2NFOMmTCFEncYPxHtAqX0sriHRs34b-UbZPqTQBUGqihDjcbhTUte.jpg
2025-06-07 19:35:16,660 - INFO - Fotoðraf indirildi: C:\Users\islim\OneDrive\Masaüstü\istanbul_trafik_analizi\backend\data\photos\AXQCQNRotmg3yW5aglZnoRLxnj77n8dKSdZdQKdZoug_0lvbox6OmqwQV7vfzpR1AGxcQ6XdmaYZGfzXF4zvX7YtuQLkT563YYA9.jpg
2025-06-07 19:35:17,975 - INFO - Fotoðraf indirildi: C:\Users\islim\OneDrive\Masaüstü\istanbul_trafik_analizi\backend\data\photos\AXQCQNQ9A31o3O2NtYAgH7Rkbv3vT2TZ9vE4_I7en_77UZO8tm9UV5vWC8VMoyugx2Li9PnaK5_UzonyBvnTZ3ygZaDT9vvOxryQ.jpg
2025-06-07 19:35:19,251 - INFO - Fotoðraf indirildi: C:\Users\islim\OneDrive\Masaüstü\istanbul_trafik_analizi\backend\data\photos\AXQCQNR_eHQOKDzehZXhkfQofqibph3MSuubb7iN9ELvQRB4Zl3s_nxrZdwDYNszDCtPyzRiDQmhRgMtGidyUk4bGsVCHE7Ep9T5.jpg
2025-06-07 19:35:19,253 - INFO - Mekan iþlendi: Gülhane Þark Sofrasý
2025-06-07 19:35:21,483 - INFO - Detay çekilen mekan: Las Tapas fish and kebap Restaurant
2025-06-07 19:35:22,853 - INFO - Fotoðraf indirildi: C:\Users\islim\OneDrive\Masaüstü\istanbul_trafik_analizi\backend\data\photos\AXQCQNRjz122KBtQtvamngmL_pm8pmgusGDLlf1mybageemel1tI5KqXH0573kUOi_0o1RyJwH1EVViQaf-m1eU-9ZgJo_JXyvPk.jpg
2025-06-07 19:35:24,165 - INFO - Fotoðraf indirildi: C:\Users\islim\OneDrive\Masaüstü\istanbul_trafik_analizi\backend\data\photos\AXQCQNQf_1iS1j9psa1lLOMSrKKbGcSOZYwXs-PiAzi9wxKujmEDdpo19CncPGnpBgt3N6vmjjkPbnFB26NhUzPc9gK5d2sG6c5E.jpg
2025-06-07 19:35:25,234 - INFO - Fotoðraf indirildi: C:\Users\islim\OneDrive\Masaüstü\istanbul_trafik_analizi\backend\data\photos\AXQCQNTZnhAad0GbsK82OPRCH5dm6gahgncGznQ8iDonjgD-svvcD3o7uIZssgNalxR6cUFOv7AyWKwk7_i7Kji_6VYn4PYlzi3b.jpg
2025-06-07 19:35:26,227 - INFO - Fotoðraf indirildi: C:\Users\islim\OneDrive\Masaüstü\istanbul_trafik_analizi\backend\data\photos\AXQCQNT_HCKKxbnej9YJc22Dt19sh1mICDWjVKjGUXa1TOkkTd-W1y33ljPInI1IXf30CHs3Qi91wKjtECLlEk0luGlGeEPF6TXJ.jpg
2025-06-07 19:35:27,526 - INFO - Fotoðraf indirildi: C:\Users\islim\OneDrive\Masaüstü\istanbul_trafik_analizi\backend\data\photos\AXQCQNQKWJIVF9CuFf2DprfsEVk9LB61cz9tupwQTupabCR3bBc6ZKRFMsGbd1VYD-tp9BAsOFW3mczMFcx7Su7ZFGgk0fV7899L.jpg
2025-06-07 19:35:28,697 - INFO - Fotoðraf indirildi: C:\Users\islim\OneDrive\Masaüstü\istanbul_trafik_analizi\backend\data\photos\AXQCQNR9DEZYMtQz0zHfwtjZmNAq1rQ0wC8OHVN3_Y3-89C1bzXGlHflz2sctC_mMqlrzh9oIp015QeKjYasPjsFSJlSwCs-dIh2.jpg
2025-06-07 19:35:29,936 - INFO - Fotoðraf indirildi: C:\Users\islim\OneDrive\Masaüstü\istanbul_trafik_analizi\backend\data\photos\AXQCQNS4YZn4jPptn1m8e1DMcXKgSe0OOqCYfnjgGvk95BinqGn_ESajgGq4fE1xeHgcm515SW5D1towI8pyAwUbV1LYkkUAFgdH.jpg
2025-06-07 19:35:30,916 - INFO - Fotoðraf indirildi: C:\Users\islim\OneDrive\Masaüstü\istanbul_trafik_analizi\backend\data\photos\AXQCQNTF3yLvMdb2tUumsx3OowBj7tHLfF2jwV-XKTgEY1IOTSMhxnsOeOCzPMJiZqy-q4kPPDFOm31gO9kmH6dpODpLoJd3dAjm.jpg
2025-06-07 19:35:32,326 - INFO - Fotoðraf indirildi: C:\Users\islim\OneDrive\Masaüstü\istanbul_trafik_analizi\backend\data\photos\AXQCQNSfYu-cwEFdDf6xA7u7GUk9uaurQnM2DTnG7U7jDOmoa_55qUjg6WyvLArHVg_3Ej522ZQXMj7BOvtsbUu2NZH0gE07kQiL.jpg
2025-06-07 19:35:33,662 - INFO - Fotoðraf indirildi: C:\Users\islim\OneDrive\Masaüstü\istanbul_trafik_analizi\backend\data\photos\AXQCQNSlnWQRPATBZe4q55w8VxyI9E1aaLFzEAG1wke9p3ukdPWvuvWz36T0XhZZGFvmsZDHxDyaYLTCkc7OlGjN426oMaXSoHL6.jpg
2025-06-07 19:35:33,665 - INFO - Mekan iþlendi: Las Tapas fish and kebap Restaurant
2025-06-07 19:35:35,845 - INFO - Detay çekilen mekan: Loti Roof Lounge
2025-06-07 19:35:37,019 - INFO - Fotoðraf indirildi: C:\Users\islim\OneDrive\Masaüstü\istanbul_trafik_analizi\backend\data\photos\AXQCQNSwYNfez4gmdUBdKrVniLwYxxuAWQc4QEEf3KoVfbqyLn6MxmLkVuXCwWqW8kdeb6826lbrv0P9I_-9WZEaFT0Hr7IFFXTV.jpg
2025-06-07 19:35:38,373 - INFO - Fotoðraf indirildi: C:\Users\islim\OneDrive\Masaüstü\istanbul_trafik_analizi\backend\data\photos\AXQCQNS6VncwoqzbpsHFF5zkhC9LV3pF5ckPeDNCxoQMHo2M4_ykMk9Tj3A7dmPTTv9iaCGqvB0gz3CoGNq858NeTaqn2mr20-xJ.jpg
2025-06-07 19:35:39,616 - INFO - Fotoðraf indirildi: C:\Users\islim\OneDrive\Masaüstü\istanbul_trafik_analizi\backend\data\photos\AXQCQNQhKjA1o6t4t4lfA-ljJQzjSkyfcDbFOcJbAUHeBxS2RxvcHQRPAtENksqWgAElLTZKZZ1wzO_vH017OAS16igUtRJUFTcl.jpg
2025-06-07 19:35:41,541 - INFO - Fotoðraf indirildi: C:\Users\islim\OneDrive\Masaüstü\istanbul_trafik_analizi\backend\data\photos\AXQCQNSp8ogdt423g5ij_JnNtR5e09fyyEW0b5Owupmc6Q9_vvpC8RWIZpSXSFPkeNeklaCO0uG3G9GfTGpH7NFSo5KJ4CdGIOq2.jpg
2025-06-07 19:35:42,827 - INFO - Fotoðraf indirildi: C:\Users\islim\OneDrive\Masaüstü\istanbul_trafik_analizi\backend\data\photos\AXQCQNTEMAcrBSqbj8ymhfk23Np_LeVyeUPltx3EmnsO2hWWr11tbgWINwzhhL3EeSFMzaQfX93v0PIF-IyZkDdH5o4DttmUfm2p.jpg
2025-06-07 19:35:44,166 - INFO - Fotoðraf indirildi: C:\Users\islim\OneDrive\Masaüstü\istanbul_trafik_analizi\backend\data\photos\AXQCQNSAIZ__iFyN2w-6yNeua7OUs8K7TNezRzITVtxJ0hDhNzcLDT25n-4CCsq6p2brUcbigvOFAShguPpqtOc8YFm-d7REu6pl.jpg
2025-06-07 19:35:45,376 - INFO - Fotoðraf indirildi: C:\Users\islim\OneDrive\Masaüstü\istanbul_trafik_analizi\backend\data\photos\AXQCQNRJyv9CkK3_RUMfbR7DhAXIqudqmpN56cpFmg3iJvtVEilLF7-ZyT8hSiSX84KZS5NxgxCShufk5m0_IFzY_0bLrzA6Yoes.jpg
2025-06-07 19:35:46,754 - INFO - Fotoðraf indirildi: C:\Users\islim\OneDrive\Masaüstü\istanbul_trafik_analizi\backend\data\photos\AXQCQNT0UFrbaQfhBnTT1b8M4UzDJggw4aOLUlEH1_ShI_Olr4blxUnxzblQZAYm8hztVaPrs1zDvfe2h6BdTILU7ErqRBp8KD8-.jpg
2025-06-07 19:35:48,096 - INFO - Fotoðraf indirildi: C:\Users\islim\OneDrive\Masaüstü\istanbul_trafik_analizi\backend\data\photos\AXQCQNRAK58_55ea17sPFGIWIjaTituolok2dKnHDaLL24XeKlS68Sd6gX44IAyYg5TvFSbEFcHeb1c4BfsaRPg-vkaoAqKU_3Iu.jpg
2025-06-07 19:35:49,157 - INFO - Fotoðraf indirildi: C:\Users\islim\OneDrive\Masaüstü\istanbul_trafik_analizi\backend\data\photos\AXQCQNQ02LDyURHytMjSb2lPTNu9wrVWrQA5pZfVdPhGN-f36HZLQkJIejr9nXqSuabzqB7qW_knz277Yol9bSsmBWb9Mvg_GH1Q.jpg
2025-06-07 19:35:49,161 - INFO - Mekan iþlendi: Loti Roof Lounge
2025-06-07 19:35:51,304 - INFO - Detay çekilen mekan: BUHARA FÝSH MEAT HOUSE ROOF
2025-06-07 19:35:52,417 - INFO - Fotoðraf indirildi: C:\Users\islim\OneDrive\Masaüstü\istanbul_trafik_analizi\backend\data\photos\AXQCQNTJhjA9fFFNBsuOZjdlwDJIrGMoU-RRvkCBmt9BEgs2DlN_cld2Nj0ukmOFaOInewD125XK1CqSrT1w4_qFFOZ0EIl2nUak.jpg
2025-06-07 19:35:53,864 - INFO - Fotoðraf indirildi: C:\Users\islim\OneDrive\Masaüstü\istanbul_trafik_analizi\backend\data\photos\AXQCQNQ8myQ20eA-vfHlBFBEEeUB_ixy26J2JChf8g8Z4pdK59qQcYa-GxddxTMJ_wA9TZxM3MQTumREBZJp1YPkeSc2IpDIJyQQ.jpg
2025-06-07 19:35:55,243 - INFO - Fotoðraf indirildi: C:\Users\islim\OneDrive\Masaüstü\istanbul_trafik_analizi\backend\data\photos\AXQCQNQS6KfNoHkaC6mnMzxuglrBnvKtA9R1upimaxNhDGyttrSKZYs5ATh33_6sXglFC9Xua44K2o_Wmp0jRMr5_me_NkBNoYYO.jpg
2025-06-07 19:35:56,474 - INFO - Fotoðraf indirildi: C:\Users\islim\OneDrive\Masaüstü\istanbul_trafik_analizi\backend\data\photos\AXQCQNR1XGwI6QWxmNnsWY6ZtsLZXN6NbDOzHEq5RMmUDkt82S7vneZa5gpebNtmhGE1Dqy7iwzIC8_rI-Bvmc8H8ExKpEwz9Fw8.jpg
2025-06-07 19:35:57,911 - INFO - Fotoðraf indirildi: C:\Users\islim\OneDrive\Masaüstü\istanbul_trafik_analizi\backend\data\photos\AXQCQNSolElh8c27pf12i-4r74T3dx-CX-0zLC5VhYU4kbD6QOX1dkw5L6THfAd4OFlT_oMl8O7QCtmshKyhKtwW_kLz-6FL5Jhd.jpg
2025-06-07 19:35:59,056 - INFO - Fotoðraf indirildi: C:\Users\islim\OneDrive\Masaüstü\istanbul_trafik_analizi\backend\data\photos\AXQCQNQtJWxUTXH49utKQfPhft4bRko_qbPnQ54TzLWwC0OBI8UwbzdIW6HvpSReZGRV6hO0--iwWkQ7IKZcuuovaN58PfzBldG3.jpg
2025-06-07 19:36:00,376 - INFO - Fotoðraf indirildi: C:\Users\islim\OneDrive\Masaüstü\istanbul_trafik_analizi\backend\data\photos\AXQCQNToej-sadKJX2SUwNIkggRWmLJWa6-86O47jvZJG_umQUCQi8t4qzilWEef6BmakfqXlKTiJWpI3UrGUscZHuGyCo1k5ulV.jpg
2025-06-07 19:36:01,652 - INFO - Fotoðraf indirildi: C:\Users\islim\OneDrive\Masaüstü\istanbul_trafik_analizi\backend\data\photos\AXQCQNSouAympMSZWT3JdR9E6obEbXriuFr87aB6mTuDUTrQ4Y4Hzfpm5rW269tAshilSwSMg4MuxR9j1cB2_-waszePlt8lYAcQ.jpg
2025-06-07 19:36:02,741 - INFO - Fotoðraf indirildi: C:\Users\islim\OneDrive\Masaüstü\istanbul_trafik_analizi\backend\data\photos\AXQCQNT2ypd7cMSYFK-TxOwTkW7_Sjo2ygD8Mrq_vHytCkcIho3E4MO0iJCMPPtYiUyppB6QcCItLfHp8WSeGj0rqDt61NPY_UXX.jpg
2025-06-07 19:36:04,283 - INFO - Fotoðraf indirildi: C:\Users\islim\OneDrive\Masaüstü\istanbul_trafik_analizi\backend\data\photos\AXQCQNRDsFyLM6k2QdxjG8Ol8M3wtpvxYvucm8fuFPJ4z3n2wE2LEk9w-fuQwKIWvBpbEAYhiQ2yufBpLznRIXXnNkYVtLbjgKXL.jpg
2025-06-07 19:36:04,285 - INFO - Mekan iþlendi: BUHARA FÝSH MEAT HOUSE ROOF
2025-06-07 19:36:06,497 - INFO - Detay çekilen mekan: By Ferro Kebab And Fish House
2025-06-07 19:36:07,623 - INFO - Fotoðraf indirildi: C:\Users\islim\OneDrive\Masaüstü\istanbul_trafik_analizi\backend\data\photos\AXQCQNRrwbqEGVQ8qKsW2V9HuCo3imQf6M49LONmHtJNpKLZISDwm-nkzcym6RsxiiovGIWfH5QHLlcsCMDsFQt8Wii5WEONOgk4.jpg
2025-06-07 19:36:08,726 - INFO - Fotoðraf indirildi: C:\Users\islim\OneDrive\Masaüstü\istanbul_trafik_analizi\backend\data\photos\AXQCQNSfjtEzk1aVX9PwwtCdRwmTB_hSuIB2p3MSKCrwRzjg2ZQvPu0satok4hhiG9YL8cZ171QaVhxgPaTTc2GpX6L7okueghUu.jpg
2025-06-07 19:36:09,837 - INFO - Fotoðraf indirildi: C:\Users\islim\OneDrive\Masaüstü\istanbul_trafik_analizi\backend\data\photos\AXQCQNSgN9_jOUxuvZmhTZnVaVh28RRuog9Kpm8kjc-yvGHwjkiuFK2IJql6Q746sYyTMpSl_aswQJXdeh4WHFVv9I9sinz4ZWKQ.jpg
2025-06-07 19:36:10,788 - INFO - Fotoðraf indirildi: C:\Users\islim\OneDrive\Masaüstü\istanbul_trafik_analizi\backend\data\photos\AXQCQNTbxYwhKWSaDxQWAIZyum3WUKZV8nRRM_X3z-oPzLnrk1qUwhiSlLKynvqDLk59057o6t_YRlP_oeVzbgrvvN-1Ay0rTy28.jpg
2025-06-07 19:36:11,857 - INFO - Fotoðraf indirildi: C:\Users\islim\OneDrive\Masaüstü\istanbul_trafik_analizi\backend\data\photos\AXQCQNT2o46tlZlHtXEGU2pOTytfK8ZkmXSNCk-JnZwtR1_IZrAvKCxqJVQI6_CG5E_716tChT2G-3jiRrR-3XlygLPvl28_6NN3.jpg
2025-06-07 19:36:13,132 - INFO - Fotoðraf indirildi: C:\Users\islim\OneDrive\Masaüstü\istanbul_trafik_analizi\backend\data\photos\AXQCQNQUe82HXjVyNdo20N4JG_-QWty8_ZtMnm0VqQsayvMv_T1dcywjbsVBQUqJSgU5oqS8jcUYZaPu0Cd4NcxPsULF05JHE4jX.jpg
2025-06-07 19:36:14,203 - INFO - Fotoðraf indirildi: C:\Users\islim\OneDrive\Masaüstü\istanbul_trafik_analizi\backend\data\photos\AXQCQNSWK8Az8pVqqEI1WO9a1rjGeeIAYyiA53mJylfnijuCKrCUTeF_pRH-o9ZXtYePFVISAQSMnL6DxGZslA4MvW00DmC6VXpn.jpg
2025-06-07 19:36:15,364 - INFO - Fotoðraf indirildi: C:\Users\islim\OneDrive\Masaüstü\istanbul_trafik_analizi\backend\data\photos\AXQCQNTMx-XazSswFZwXnuaGTUUe1wWaz-97oQlqf3797uuz5XSE1WF427eJGWVnBPc43TlKKSUPZgNYRK5tB8DP4u2RPWMsy5j1.jpg
2025-06-07 19:36:16,369 - INFO - Fotoðraf indirildi: C:\Users\islim\OneDrive\Masaüstü\istanbul_trafik_analizi\backend\data\photos\AXQCQNRRc0hHIIuDxVeKV47A2ExATDXIaCXEBHADtFuJ1CJOik46LEb1s1-5vMQSgdgn0yOV_v7LZjb9N5MXKavsv2mjOvnNR0a8.jpg
2025-06-07 19:36:17,516 - INFO - Fotoðraf indirildi: C:\Users\islim\OneDrive\Masaüstü\istanbul_trafik_analizi\backend\data\photos\AXQCQNTShTu9dzTSW1XezLJqMmEEJo_JjHkvub77V9HZaV3PYBcG5EEvdubM0-pBTt2-PXDH15Ce4AS5VI7iObKmgcsxsQThUV9_.jpg
2025-06-07 19:36:17,520 - INFO - Mekan iþlendi: By Ferro Kebab And Fish House
2025-06-07 19:36:19,702 - INFO - Detay çekilen mekan: FÜLANE RESTAURANT
2025-06-07 19:36:20,889 - INFO - Fotoðraf indirildi: C:\Users\islim\OneDrive\Masaüstü\istanbul_trafik_analizi\backend\data\photos\AXQCQNRUI7IRKkPAKbtEwcOk847N4zXKcjdAL4zdG0QHjIj_8OKwsuQQucKjhDak1TSDdX2QAXJv4kK2IfjUYVJsaxoFjQIxGPSs.jpg
2025-06-07 19:36:22,174 - INFO - Fotoðraf indirildi: C:\Users\islim\OneDrive\Masaüstü\istanbul_trafik_analizi\backend\data\photos\AXQCQNTl7j_ms6YYBl-g4FxvjvQ38VKFf2E5hbwmvamT-Gy_spfsHJrwKacYVn80xxvlUKu99Gcy7S7fRtx3FZCm8sNgymG58R9f.jpg
2025-06-07 19:36:23,200 - INFO - Fotoðraf indirildi: C:\Users\islim\OneDrive\Masaüstü\istanbul_trafik_analizi\backend\data\photos\AXQCQNQE65hFXZf3w5RVns2ngJ6AarmaqnwyCPX5kYX_yaIfbwYbUs86BBLxlLTlKQL6_l-knczIdzuw5GnmYCfOnGJJPDwZ40Jm.jpg
2025-06-07 19:36:24,487 - INFO - Fotoðraf indirildi: C:\Users\islim\OneDrive\Masaüstü\istanbul_trafik_analizi\backend\data\photos\AXQCQNS0eWIL4D4OZFus5dKPMJQcKUPRKFwzB7IcJFnyo89iSNLEAEaQ2ZFqW_eH7a5V4-eCfN8Rm2RMqT9mdGIIlx6Y_-tCq3lq.jpg
2025-06-07 19:36:25,430 - INFO - Fotoðraf indirildi: C:\Users\islim\OneDrive\Masaüstü\istanbul_trafik_analizi\backend\data\photos\AXQCQNTnYgbhjPYd4eoAAFWPhAHjeBI50SgP2ir8LR6zkpNclX1GdrJYslZe23rKFM3V51BdtLyo3TWhkiWxjvI4F71uu6E3jC1Z.jpg
2025-06-07 19:36:26,379 - INFO - Fotoðraf indirildi: C:\Users\islim\OneDrive\Masaüstü\istanbul_trafik_analizi\backend\data\photos\AXQCQNTiz5pn9eerR3Mo0OMoxj0tvogwPXhYpYe8MZ0CvQf2OL2WEYcNzqFSvMsTgzgYkUycjHUbiL2G8Yu1w4QG_xOGcNd6DtOK.jpg
2025-06-07 19:36:27,641 - INFO - Fotoðraf indirildi: C:\Users\islim\OneDrive\Masaüstü\istanbul_trafik_analizi\backend\data\photos\AXQCQNQzVZ59EW__7fXmrNrWoMQrPOoM8ehhdZgjmVPuGrtVVdfmuXRjBJ50QJXYSzCEHNKsyy3jkj9eD1grhvEFSY6_EAYfeBLV.jpg
2025-06-07 19:36:28,867 - INFO - Fotoðraf indirildi: C:\Users\islim\OneDrive\Masaüstü\istanbul_trafik_analizi\backend\data\photos\AXQCQNSqhA9DylrjCX9t28Zsta2GwuGQsNL_s_PzD8L3IS7TL7lRtitfzTclqgcPrnlatfxkAVG9UFjbnIFZD0F0Sl6MI9XKzlpK.jpg
2025-06-07 19:36:30,023 - INFO - Fotoðraf indirildi: C:\Users\islim\OneDrive\Masaüstü\istanbul_trafik_analizi\backend\data\photos\AXQCQNTatSGfrm7-MO7Xm7q8zFIL_3EdjR2WTDhV3aHFT6yY4xgJ0Z-S8K3rgZXJJF0302QFNfCJ--RnK9-jpaC4InZfaSxeutRA.jpg
2025-06-07 19:36:30,917 - INFO - Fotoðraf indirildi: C:\Users\islim\OneDrive\Masaüstü\istanbul_trafik_analizi\backend\data\photos\AXQCQNR8foIKCP6-dRM_YSLQl1PtQmpCZuXg4sT_epQR0wUutjbQqHeBUPOElflfCv1vq9wRJg4jbszoJxKRJ0oE9XXZN1Ub9KFy.jpg
2025-06-07 19:36:30,927 - INFO - Mekan iþlendi: FÜLANE RESTAURANT
2025-06-07 19:36:33,089 - INFO - Detay çekilen mekan: Mr Cook Restaurant
2025-06-07 19:36:34,077 - INFO - Fotoðraf indirildi: C:\Users\islim\OneDrive\Masaüstü\istanbul_trafik_analizi\backend\data\photos\AXQCQNTFXTllBoiR9CWnPY81EaUNv0EzgsUPrBrqu3CaIQzv_jvOGoJe_xu9fbC1pUz6v-_nfndCkc_Te9kURS7iU6brDAC6F05E.jpg
2025-06-07 19:36:35,542 - INFO - Fotoðraf indirildi: C:\Users\islim\OneDrive\Masaüstü\istanbul_trafik_analizi\backend\data\photos\AXQCQNT5FYPkU0S6_CP0zUCBGDHoSgXR3SaVDJ9iA0UyzLXrQMehMtkyLew9XAzwCP6COEqS0mjC85fn9x6hWzHRHE5XNb2cr837.jpg
2025-06-07 19:36:36,538 - INFO - Fotoðraf indirildi: C:\Users\islim\OneDrive\Masaüstü\istanbul_trafik_analizi\backend\data\photos\AXQCQNRGRWLdWpg2R8yUlVPZey8WO6DFsxhnM7_vK64oQ-UZYpF64dyAfihJAxA5WK9OR4QEYcS0TFnacTo_SKIAprBXODwRapKZ.jpg
2025-06-07 19:36:37,695 - INFO - Fotoðraf indirildi: C:\Users\islim\OneDrive\Masaüstü\istanbul_trafik_analizi\backend\data\photos\AXQCQNRwAJi3thPZrOYxOgRS-TLtFJLoivaYNvPFnzyQ877Ocsk8pw2Mf8rPC2ETftEm77c1-xZ-QLyhTGPbRhEZLsLDVjZClO7w.jpg
2025-06-07 19:36:38,819 - INFO - Fotoðraf indirildi: C:\Users\islim\OneDrive\Masaüstü\istanbul_trafik_analizi\backend\data\photos\AXQCQNTVvKCqGwQFMaUznk7JUrv7EDfOrN6YuXPSP8KZCZ8TA64Ha08pifiNECWz87hQMVgTXZ2dh6STO7_K1Sxb9W1PTUPYo4j_.jpg
2025-06-07 19:36:40,307 - INFO - Fotoðraf indirildi: C:\Users\islim\OneDrive\Masaüstü\istanbul_trafik_analizi\backend\data\photos\AXQCQNTxyaGE6sMwDwXrQ2phBqL7bveM15ZQZnGsJYLcKYRyUOPv5PCyyP95Dj-d_hKFIEik3-n0rSCysELhYLHRD6nW5Vg6DCRo.jpg
2025-06-07 19:36:41,663 - INFO - Fotoðraf indirildi: C:\Users\islim\OneDrive\Masaüstü\istanbul_trafik_analizi\backend\data\photos\AXQCQNQSGdZmJzaZaqtccdEBMQPUsIBnUpO89SfA7J3R3zjFG_vIXAxp0zWR-5GHV7zgKeVKYHUT2gB-tuHYQFzlErop7cEtHyEX.jpg
2025-06-07 19:36:42,877 - INFO - Fotoðraf indirildi: C:\Users\islim\OneDrive\Masaüstü\istanbul_trafik_analizi\backend\data\photos\AXQCQNQIGvSyOkmxAk-v2gQvvie0dKdlDlHPo5pVjdcsD-KJqwOmwwdLbR0Bn-Xb6F0Jx0iLZjYhzWPRJJM6QAdTLoT2DsEbvHc4.jpg
2025-06-07 19:36:44,062 - INFO - Fotoðraf indirildi: C:\Users\islim\OneDrive\Masaüstü\istanbul_trafik_analizi\backend\data\photos\AXQCQNQYuFdjeSFX8NlxIehVuFo4ZOLVw4wdqMj3C6ETq7NVM2wruDlG5bbupY1e3B1EHQSJqSCJipwqHUw5n_5C5mw-204NxzjS.jpg
2025-06-07 19:36:45,328 - INFO - Fotoðraf indirildi: C:\Users\islim\OneDrive\Masaüstü\istanbul_trafik_analizi\backend\data\photos\AXQCQNTBlDAEY4FLptE2nYU3dbCszSTyDXtE7zdwUf9ec1AazR_ly9W6T_OCTXmW4fr0YCYpzFjfAVivvrl0mn59YWLR0LSMelSa.jpg
2025-06-07 19:36:45,333 - INFO - Mekan iþlendi: Mr Cook Restaurant
2025-06-07 19:36:47,487 - INFO - Detay çekilen mekan: Divella Bistro Restaurant
2025-06-07 19:36:48,715 - INFO - Fotoðraf indirildi: C:\Users\islim\OneDrive\Masaüstü\istanbul_trafik_analizi\backend\data\photos\AXQCQNTcYY7NrfEm0Xuo-OeajY_0XCOdJgN6F-yikBa6wo7KI6NOoQ1axm1ewViVZxKElmtw7fD7l1FPaKKfCXKm3iyriZbf4BuX.jpg
2025-06-07 19:36:50,117 - INFO - Fotoðraf indirildi: C:\Users\islim\OneDrive\Masaüstü\istanbul_trafik_analizi\backend\data\photos\AXQCQNTimIWnyt4TdFtN4YeUbguE3sxuYFoKRuy-BI6mO7mxBuR-vqD_6dYkmJStKYzoPE93oOdIJeQ7O14vhPozsSxRfHBZIMF7.jpg
2025-06-07 19:36:51,142 - INFO - Fotoðraf indirildi: C:\Users\islim\OneDrive\Masaüstü\istanbul_trafik_analizi\backend\data\photos\AXQCQNSBZff4FJbH74GWv2HRr8KwQ2g7_shhW5Rb9x3no6P8o1QSgY39bYLVFIhMn2hUbEDDd6kdMKhcc_zTXXOqUf_OWfR0SNqa.jpg
2025-06-07 19:36:52,210 - INFO - Fotoðraf indirildi: C:\Users\islim\OneDrive\Masaüstü\istanbul_trafik_analizi\backend\data\photos\AXQCQNTUS-4Pq6blYbuodmYvzeJjMbG-5_zfZipG5rvQc83Ew8h19A2vR2kkNcqa5RRWNSEfpbo463jpB7lT65raY1YebboMESbp.jpg
2025-06-07 19:36:53,496 - INFO - Fotoðraf indirildi: C:\Users\islim\OneDrive\Masaüstü\istanbul_trafik_analizi\backend\data\photos\AXQCQNQQYOfCLhshzfjOS1f1adK-NY-_-oIRLgiuye-RxRD7LICOKwWbxxQ6QuT1TwHGLdmvjQSJXLacwybcs2RE5cy5WK-0Os0x.jpg
2025-06-07 19:36:54,456 - INFO - Fotoðraf indirildi: C:\Users\islim\OneDrive\Masaüstü\istanbul_trafik_analizi\backend\data\photos\AXQCQNSM6Mby1K1xt7H3a_jBBeEHym_36oDqnyzZrwsjW83MrdGgIAMj6C6xEm6f6HL3sfmjD7XOjxxbK52tUrIbnN3kqfmWlpCf.jpg
2025-06-07 19:36:55,615 - INFO - Fotoðraf indirildi: C:\Users\islim\OneDrive\Masaüstü\istanbul_trafik_analizi\backend\data\photos\AXQCQNRl65_KfCKqo5Dj6PzWHAOaiK-WbGYqqJ1ZFeYqrb4qrdLbhdBzib-OfYwPvZNDbliprMLnedG6lKtmH3ou-7c2zpsdaeDS.jpg
2025-06-07 19:36:56,900 - INFO - Fotoðraf indirildi: C:\Users\islim\OneDrive\Masaüstü\istanbul_trafik_analizi\backend\data\photos\AXQCQNTeGMzKkS3c0M-6p_Gs_u0SWZmmbXerv8ErcTtz2wnTcd0TsrKBZXM34rg2mDZK4jQa-wddQfUIXikjNWjIWi3lDTDQGavP.jpg
2025-06-07 19:36:58,220 - INFO - Fotoðraf indirildi: C:\Users\islim\OneDrive\Masaüstü\istanbul_trafik_analizi\backend\data\photos\AXQCQNRWLrvSljDXDterjCbJ7vk2vSIBcsYZrD14qym9aJuuU1TBhQOfMLYR2fJxFjCT_ZeP11SvqWSCHxL8Ng0YNSx5fqvpSuYJ.jpg
2025-06-07 19:36:59,666 - INFO - Fotoðraf indirildi: C:\Users\islim\OneDrive\Masaüstü\istanbul_trafik_analizi\backend\data\photos\AXQCQNSVcgHzh5gchYpSwZVqJmNAYlcqG5W9YVdceROU85py_JNGU73QCsuMsfzeYZK57QahYwY_8D5C1VVYUOBRdNeSrLET9mFe.jpg
2025-06-07 19:36:59,667 - INFO - Mekan iþlendi: Divella Bistro Restaurant
2025-06-07 19:37:01,829 - INFO - Detay çekilen mekan: Vamos Estambul Restaurant & Cafe
2025-06-07 19:37:03,929 - INFO - Fotoðraf indirildi: C:\Users\islim\OneDrive\Masaüstü\istanbul_trafik_analizi\backend\data\photos\AXQCQNTZO_PLPrpMtmFherGQRSewxx9CJ1DL2-JwnND-h8XvpKWcBQDr6gnZziz-8ppLj-rEc2gjw_lIMaRiNZxc7Kswhl6CeKJF.jpg
2025-06-07 19:37:05,419 - INFO - Fotoðraf indirildi: C:\Users\islim\OneDrive\Masaüstü\istanbul_trafik_analizi\backend\data\photos\AXQCQNS5laqaVFYp7HV8Yu-__vrm7eltE-6Q1wIlmtVszzuluA_TVvwSVou4Tzr1cC3NWTrVDzNuYxd-f4lQaq9h5JJYzWe-P9W4.jpg
2025-06-07 19:37:06,687 - INFO - Fotoðraf indirildi: C:\Users\islim\OneDrive\Masaüstü\istanbul_trafik_analizi\backend\data\photos\AXQCQNThkBlzGKei0yNTVysOVD0opdtzvHua1LXjI6_Xj8dB38_I-7oSJ6PBsjs5eXf_xiIgrYfG1NC4KPI_q0zyzohqHrge5mKc.jpg
2025-06-07 19:37:08,000 - INFO - Fotoðraf indirildi: C:\Users\islim\OneDrive\Masaüstü\istanbul_trafik_analizi\backend\data\photos\AXQCQNSyAH9iKbLi9OHV5wDG-X7HxUkBTOZEvzbZQSz53PkQCi5DJVJtrRNiKtLKVhYrv20YGv5K8bCZ3rDL0WcU56QAKBfGCGBA.jpg
2025-06-07 19:37:09,368 - INFO - Fotoðraf indirildi: C:\Users\islim\OneDrive\Masaüstü\istanbul_trafik_analizi\backend\data\photos\AXQCQNTm9Xr58xjXGItqW94PZPohJTaTDVhZj_eJPemRisTo3Y_R4Qph7K5jgHMFhnCMIE2fqQstc31K71p83abRYlANdwIc5-0L.jpg
2025-06-07 19:37:10,786 - INFO - Fotoðraf indirildi: C:\Users\islim\OneDrive\Masaüstü\istanbul_trafik_analizi\backend\data\photos\AXQCQNSZOQReXOc4M8OqFqr1lL2QtxgHSrXhcFiuiqI_INbM5lsdkksotl1PNgzgv57h6RW2NT5i-J-ZOMzFiBsPyO6UBPH3ScqC.jpg
2025-06-07 19:37:12,130 - INFO - Fotoðraf indirildi: C:\Users\islim\OneDrive\Masaüstü\istanbul_trafik_analizi\backend\data\photos\AXQCQNQ-0NAHvZcaswA2Ce9COvCSnS74L68muRy7MPdWloGDnXqDfLKPKi71b1IBEN_4EGjZjCeoW2MTotCpJIhAKPji8vdvxd5m.jpg
2025-06-07 19:37:13,478 - INFO - Fotoðraf indirildi: C:\Users\islim\OneDrive\Masaüstü\istanbul_trafik_analizi\backend\data\photos\AXQCQNR0cFTltMFIubFk5bINsjU31kSuCWsI6B2phbXQG8m_FVtyIoQTs0GeQixa2EazIu914EDSwCTxjfObwmPDj-n-b9NW3vP-.jpg
2025-06-07 19:37:15,037 - INFO - Fotoðraf indirildi: C:\Users\islim\OneDrive\Masaüstü\istanbul_trafik_analizi\backend\data\photos\AXQCQNSyT_2oxhtbQ9hoV4npJ1Xm1-g7gLiAGKcVXuJP6yU6r26kQscfPvR5FCjd9uJQ-VMUI9BckH2Y4kedjsbH3OBRINtf9zFP.jpg
2025-06-07 19:37:16,577 - INFO - Fotoðraf indirildi: C:\Users\islim\OneDrive\Masaüstü\istanbul_trafik_analizi\backend\data\photos\AXQCQNS-l-weHwuS_lYOlkCvRDROyKMR5rrCanROJOxqtltpXSiZDPlBcXk243ktBN3xkx5CIp11-jjG4EyRJnUTC3Dvw-7Jv31Y.jpg
2025-06-07 19:37:16,578 - INFO - Mekan iþlendi: Vamos Estambul Restaurant & Cafe
2025-06-07 19:37:18,729 - INFO - Detay çekilen mekan: Green Garden Restaurant Cafe
2025-06-07 19:37:20,115 - INFO - Fotoðraf indirildi: C:\Users\islim\OneDrive\Masaüstü\istanbul_trafik_analizi\backend\data\photos\AXQCQNTmtUbQ6RV8o95JqTFHeRnOcXStkIsPiGr9kdH2qFiUOekVZ_CWqlZ9QMV79YmQtwGTb2N1Y0v7Mh3tFz6I4hzVWafqwp-R.jpg
2025-06-07 19:37:21,593 - INFO - Fotoðraf indirildi: C:\Users\islim\OneDrive\Masaüstü\istanbul_trafik_analizi\backend\data\photos\AXQCQNTzsH5NYgS0EEKa6BOSNqUz1b9RSvbH7RsPCSecCtooMkWCcYMiAAcdPuLxvsmKyhFD8x0jQtJ7LLQsv0mL332TMf34AuIL.jpg
2025-06-07 19:37:22,894 - INFO - Fotoðraf indirildi: C:\Users\islim\OneDrive\Masaüstü\istanbul_trafik_analizi\backend\data\photos\AXQCQNSl4Ifn5ovcgadaKKAOgCQnd0vzc3wTAE_6AI4Tn8G-0OxRXHKX7IjekkW1OGanYCBR6QB90BaTXoSyVxqiChmAXwE5fDJm.jpg
2025-06-07 19:37:24,079 - INFO - Fotoðraf indirildi: C:\Users\islim\OneDrive\Masaüstü\istanbul_trafik_analizi\backend\data\photos\AXQCQNTjvzvrOqFeSqJsvCyWogdRSSQKNICySvpgbqL9_urMFnK_whVtVHSic1E-7pk2lSoOZpnltO18tO-T-eT0y0MFyKvEme9T.jpg
2025-06-07 19:37:25,333 - INFO - Fotoðraf indirildi: C:\Users\islim\OneDrive\Masaüstü\istanbul_trafik_analizi\backend\data\photos\AXQCQNSfeg5wLpjksd_wvI_g7yjEKjlsy1UPegy5ZzbxiSEXieGLmZmUoJtX6frCh9Qy9khkLxKrV5S95aOEr05KZZFvTLodTA7T.jpg
2025-06-07 19:37:26,652 - INFO - Fotoðraf indirildi: C:\Users\islim\OneDrive\Masaüstü\istanbul_trafik_analizi\backend\data\photos\AXQCQNQfVWowFrcElHv0rqFZBwg-n9B2crP6JRa80gdH_vptlTjko0e6TDG2PSqKlYKCm-ZMlZerK6mNXGOFT5mtFldyf8nP83M3.jpg
2025-06-07 19:37:27,937 - INFO - Fotoðraf indirildi: C:\Users\islim\OneDrive\Masaüstü\istanbul_trafik_analizi\backend\data\photos\AXQCQNSkbVl00A0QpVm8WNe04H6UOIbJniKJYm4LYr4LtSkHBRFt_DVdyg97ddcF1UUsGUvVcS2j8VHj7QZ2mXpndz3B8AiexayZ.jpg
2025-06-07 19:37:29,189 - INFO - Fotoðraf indirildi: C:\Users\islim\OneDrive\Masaüstü\istanbul_trafik_analizi\backend\data\photos\AXQCQNTjrQC41yN1CWXnPPHOiqBkGZKtxtJ4XJ6K8pE6qv0Ouj7FHGVu_Ss7WeeR_HZks-lqf5OWYpA6bzSOcoD4P-j8WnkcgEfI.jpg
2025-06-07 19:37:30,486 - INFO - Fotoðraf indirildi: C:\Users\islim\OneDrive\Masaüstü\istanbul_trafik_analizi\backend\data\photos\AXQCQNSqW9qVqxHAx9kmFjAcJmDnyceCtIBXCi2GcnPvgSkKr3u7g0SiUclp-3O1nX-EQs_a16AKyBPYNjRSLi8fhNScZvAeb_Oe.jpg
2025-06-07 19:37:31,699 - INFO - Fotoðraf indirildi: C:\Users\islim\OneDrive\Masaüstü\istanbul_trafik_analizi\backend\data\photos\AXQCQNTZ1rDj0I3guw8Iwy0oK3Zbv86rvpBm4N7DymdAws3i6G0Ttqr1_HozMfIrq9a53sZTJn9-Br5PKrwFIlglEyRl51AcuI0D.jpg
2025-06-07 19:37:31,699 - INFO - Mekan iþlendi: Green Garden Restaurant Cafe
2025-06-07 19:37:33,875 - INFO - Detay çekilen mekan: Food Palace 1981 Anatolian Restaurant
2025-06-07 19:37:35,022 - INFO - Fotoðraf indirildi: C:\Users\islim\OneDrive\Masaüstü\istanbul_trafik_analizi\backend\data\photos\AXQCQNRcHBm_uEaFnOGms22moo93RxlN4_c_crKlLxS6JbyNG1DONJr9rWYan3xH-AGbxLH4jpMLI9mMHF49CP8Cll_9PjG5XosE.jpg
2025-06-07 19:37:36,319 - INFO - Fotoðraf indirildi: C:\Users\islim\OneDrive\Masaüstü\istanbul_trafik_analizi\backend\data\photos\AXQCQNRWdKKy7Ozf6JqT2q4sN8qfC6y54wJoe658wS1b7Dtz4aij2Zxa9B8u0pJGwf8QVMOkzBhYnXQRPuTw7nUwNfEjR5ipTj2F.jpg
2025-06-07 19:37:37,669 - INFO - Fotoðraf indirildi: C:\Users\islim\OneDrive\Masaüstü\istanbul_trafik_analizi\backend\data\photos\AXQCQNT045KVDj0URsIaMAojA9Z3btPkGNxadGw4y-Gsvr6H3D5XseKi1FGjTCopWulAUAQm9zojemyomE_4T7eLf7a2lD4V8OUZ.jpg
2025-06-07 19:37:38,729 - INFO - Fotoðraf indirildi: C:\Users\islim\OneDrive\Masaüstü\istanbul_trafik_analizi\backend\data\photos\AXQCQNSXv_xozWJFOVEiQyDfODKxSS0DBMiKjU92sSy5QGUVxLrqgchEDdKWrRFVZ3LHMZ1LDyOZP5BqGsj1KgeJPxV7LBo33SKu.jpg
2025-06-07 19:37:39,802 - INFO - Fotoðraf indirildi: C:\Users\islim\OneDrive\Masaüstü\istanbul_trafik_analizi\backend\data\photos\AXQCQNQtBaLD8Tu6nknyAz7RzqI5JNAjh9HJNI8YtOUg8vvdrbKBZthYiSmU3b11_8gJLVUk6903fnb14pT_0EwceY4rLn1kt56u.jpg
2025-06-07 19:37:41,130 - INFO - Fotoðraf indirildi: C:\Users\islim\OneDrive\Masaüstü\istanbul_trafik_analizi\backend\data\photos\AXQCQNRt96N1g-rHhYoSujKt8FPb6GiOtcfc-NzaBUt6Tcxhf-iGfdrqg407gfBQZX8x7hIrleR6ZsGUdNCMGVaDWti7fCmGpOnF.jpg
2025-06-07 19:37:42,383 - INFO - Fotoðraf indirildi: C:\Users\islim\OneDrive\Masaüstü\istanbul_trafik_analizi\backend\data\photos\AXQCQNTNgJjUeDgvrjjVuKwwRfxAv3Fs9vxDFNsnLKHZnksv46YHx3a_zSPjkYL-fIW1bSev4y5kyNrMZConLCEAsu5KsDd31MiU.jpg
2025-06-07 19:37:43,901 - INFO - Fotoðraf indirildi: C:\Users\islim\OneDrive\Masaüstü\istanbul_trafik_analizi\backend\data\photos\AXQCQNSygDNAdzA8Ve7Aso0_zbX9WkDksl5RrDSF_vbKVeBgY4EMeVKGuX2uOyTRDB2u-WwU_O80E356DeJZ8U6OWQYFPWhyzczP.jpg
2025-06-07 19:37:45,157 - INFO - Fotoðraf indirildi: C:\Users\islim\OneDrive\Masaüstü\istanbul_trafik_analizi\backend\data\photos\AXQCQNRUM_49vpx9IoIsecWyjEM7gvYNxDYjzNXkX_YvPQYuNrAN0viLWUQ08Lvi_OQe3bIn4UsPrA1xi4qkONvUdm3wGev8q9xs.jpg
2025-06-07 19:37:46,227 - INFO - Fotoðraf indirildi: C:\Users\islim\OneDrive\Masaüstü\istanbul_trafik_analizi\backend\data\photos\AXQCQNQG8b1XfrQ_s2HgWJurhFC97kKDkHphEaLEV3S5wL_NmvkX_poMCS0nY0MJf3-zmKMoWpmA5Ey1QZVMkIKrCyg1ADtzp7Dr.jpg
2025-06-07 19:37:46,237 - INFO - Mekan iþlendi: Food Palace 1981 Anatolian Restaurant
2025-06-07 19:37:48,402 - INFO - Detay çekilen mekan: Seher Restaurant
2025-06-07 19:37:49,725 - INFO - Fotoðraf indirildi: C:\Users\islim\OneDrive\Masaüstü\istanbul_trafik_analizi\backend\data\photos\AXQCQNRBt_9mN5YGByDZiuEp403UwHYlL7S4jeApvx1Ia6z8Jbi7PbSKidqVlL3FBJDsiSviT76bTW_S322Z_yGSZhHkVsmhxanx.jpg
2025-06-07 19:37:50,776 - INFO - Fotoðraf indirildi: C:\Users\islim\OneDrive\Masaüstü\istanbul_trafik_analizi\backend\data\photos\AXQCQNRRv27XNTD8tU6LHtKT5dhIkVvksgt8qfK1mMq_18I5EJBej2Mkt6azp3AIda0FlahTlEGV7y2EK0x-Ef0wZDEqfzY9KnNw.jpg
2025-06-07 19:37:52,026 - INFO - Fotoðraf indirildi: C:\Users\islim\OneDrive\Masaüstü\istanbul_trafik_analizi\backend\data\photos\AXQCQNSkEDOMlTE08_fk1nKEK_IHu6nzFW1E9n3tkpFTwQX221yz5AcWF13P2yORmFUpuPFS2yXPFKGvzo8BpjHoCdzQQncFBXaX.jpg
2025-06-07 19:37:53,307 - INFO - Fotoðraf indirildi: C:\Users\islim\OneDrive\Masaüstü\istanbul_trafik_analizi\backend\data\photos\AXQCQNTJgxo9CYRgVMX8M9FvWBzqYkQH_DF5-QUmnBakH_WsnmWcXsM5xEvxcyKOdgQ3AgEV8zQcbibZRBKHjY_EynXkfAaalhlp.jpg
2025-06-07 19:37:54,646 - INFO - Fotoðraf indirildi: C:\Users\islim\OneDrive\Masaüstü\istanbul_trafik_analizi\backend\data\photos\AXQCQNTyAMcKhKt-bSq0fosaYCJPW5Zj-qLgMX_MGTcnnnjm5XxlQ8JW98yPCjtIcCi4pDUkL_aNFU7WgxPF1gN02SksLqbK1gOf.jpg
2025-06-07 19:37:55,857 - INFO - Fotoðraf indirildi: C:\Users\islim\OneDrive\Masaüstü\istanbul_trafik_analizi\backend\data\photos\AXQCQNQIm-NH6fJV5zP02Tpk6qmogwDGk4IbUVP1xbRMYDf33yNBJzmTJl6sk6AL4nYBVMRGQhWT9YjY0eXHKY_wOTdLxjXELxaZ.jpg
2025-06-07 19:37:57,267 - INFO - Fotoðraf indirildi: C:\Users\islim\OneDrive\Masaüstü\istanbul_trafik_analizi\backend\data\photos\AXQCQNS4D05WIJ787pHe-a7eAckHDXb_NGvNF8r0n3uezck0MjpKcvMoqPP3huy9PA5mclBzMrJctwKt9j0mugKeIBCLp-8NvkWo.jpg
2025-06-07 19:37:59,292 - INFO - Fotoðraf indirildi: C:\Users\islim\OneDrive\Masaüstü\istanbul_trafik_analizi\backend\data\photos\AXQCQNS-9adx-Nms-5rxOLHwM1fzUL826W2kJwl5iQwUa89fx9DcGy23aQg8zg7WPW514OvVi_wt_R2jm8uQ2LcIAvUINpS5hgRn.jpg
2025-06-07 19:38:00,623 - INFO - Fotoðraf indirildi: C:\Users\islim\OneDrive\Masaüstü\istanbul_trafik_analizi\backend\data\photos\AXQCQNThExXE1TigTbSz0twBZWpR977XO8Iw-GNtiLK5KtRCzwtsqbmTozqufnjnCWhWEGWzp7q42lCG1cK9vSx5rywdK9Tlhjh-.jpg
2025-06-07 19:38:02,057 - INFO - Fotoðraf indirildi: C:\Users\islim\OneDrive\Masaüstü\istanbul_trafik_analizi\backend\data\photos\AXQCQNQuz2b6NlOTDWcfsBNy0rTgG678xjSmKM_7wZzJ0DR0oodmyMHUQVyeKJwMvqdGOuaH_K_NiVRp_uRESUQn1Pd1x04WGhCT.jpg
2025-06-07 19:38:02,062 - INFO - Mekan iþlendi: Seher Restaurant
2025-06-07 19:38:04,241 - INFO - Detay çekilen mekan: Köþk 1981 fish meat restaurant
2025-06-07 19:38:05,751 - INFO - Fotoðraf indirildi: C:\Users\islim\OneDrive\Masaüstü\istanbul_trafik_analizi\backend\data\photos\AXQCQNQIK67EE07E187fXoAIt1pYWGmB8D02F7_5m44zmHYKFiqyWCFrseQc3qZ-LnG8gsylrZXU2FkUBicfAD7KGuzrzn1U2TgM.jpg
2025-06-07 19:38:07,094 - INFO - Fotoðraf indirildi: C:\Users\islim\OneDrive\Masaüstü\istanbul_trafik_analizi\backend\data\photos\AXQCQNRIVZl0FbqQqLeTDjhSTB15Ho-siUa99VnpsHzdZO4Pqs9c7ykxg97SN9IOmp81VybuND_lggGlbYSxJx5plkvTWDDy78WM.jpg
2025-06-07 19:38:08,342 - INFO - Fotoðraf indirildi: C:\Users\islim\OneDrive\Masaüstü\istanbul_trafik_analizi\backend\data\photos\AXQCQNQwgweVLau0PqYjTsLm8pMWKg9PR_c_ZIuYj-jH4nuyFNgnCwpcr-qN8YTHQx9VMadSF8M-tPSnvz3pdImKQay5078PiUcz.jpg
2025-06-07 19:38:09,792 - INFO - Fotoðraf indirildi: C:\Users\islim\OneDrive\Masaüstü\istanbul_trafik_analizi\backend\data\photos\AXQCQNRj6Z-3Bs5uBfZpa6gvEue4tTt5eSYT7aKL7JVzt1FzTFt0Z3_-fnh8183fJuGdoZIPpTtV7jhpSDlg_iRTtBCFG9FjQf_E.jpg
2025-06-07 19:38:11,089 - INFO - Fotoðraf indirildi: C:\Users\islim\OneDrive\Masaüstü\istanbul_trafik_analizi\backend\data\photos\AXQCQNSOptuWLbiE7ZrE_3aQNIPhmGn1-xv8zRJIAnYhjy4ey5687FJE-775jSk1wuV7IaJXiGyvC6dkmBPd5ZWF3230wdlz42RG.jpg
2025-06-07 19:38:12,281 - INFO - Fotoðraf indirildi: C:\Users\islim\OneDrive\Masaüstü\istanbul_trafik_analizi\backend\data\photos\AXQCQNRkp4MZmHFbG1pkzAItuSQDJOqwpwPp5Hcnr5SYDWmtOdJ3PKbhs96QcOsZTWVv_imSHryLTsGaSk4fWmaiUn01sRIoo4Hm.jpg
2025-06-07 19:38:13,647 - INFO - Fotoðraf indirildi: C:\Users\islim\OneDrive\Masaüstü\istanbul_trafik_analizi\backend\data\photos\AXQCQNTZ4Ki7jhjpT3HeOsSOfd7XFRJhbsk-gZxcukzJK8BZJlvnU-ATJDAQXTqGQ2Kx5zMDm9OpXbT4J1E2FFPf0uVp0z4U8Cp_.jpg
2025-06-07 19:38:14,931 - INFO - Fotoðraf indirildi: C:\Users\islim\OneDrive\Masaüstü\istanbul_trafik_analizi\backend\data\photos\AXQCQNTyK4yscwlhJYcZd9idQIWH2xA_h-sLPjdO4im_mLkVND9twwAKUQGPqdnQgdj-7GbK4i6y2BHIHIz_MxAhGYPVaTYnNpWG.jpg
2025-06-07 19:38:16,292 - INFO - Fotoðraf indirildi: C:\Users\islim\OneDrive\Masaüstü\istanbul_trafik_analizi\backend\data\photos\AXQCQNQrmJAkK96YiFFO9Pxm_koH42uvGBpu978w0LBrOTQIx4paioqzV-f1j2nMNdj-q7rDBvZd0e1mgA2jcrhH2jNmRFC1Sepu.jpg
2025-06-07 19:38:17,668 - INFO - Fotoðraf indirildi: C:\Users\islim\OneDrive\Masaüstü\istanbul_trafik_analizi\backend\data\photos\AXQCQNRLXhGbubag6zOErxtKk8tO_6fnh7U57gQ-S3RmYFpmV-AKboLLeWneDNVWcDAl-E6MYcPEX5cuSXhvGd9LRmq-2CblnoF9.jpg
2025-06-07 19:38:17,673 - INFO - Mekan iþlendi: Köþk 1981 fish meat restaurant
2025-06-07 19:38:19,838 - INFO - Detay çekilen mekan: Sirkeci Lokantasý 1912
2025-06-07 19:38:21,225 - INFO - Fotoðraf indirildi: C:\Users\islim\OneDrive\Masaüstü\istanbul_trafik_analizi\backend\data\photos\AXQCQNSVrXWs6j9RHF6lRtgyKIEkVlDlc_pSeopVjeZpR2e0SxCHoteMAhkliFnA_LWazLslvSc1AAaK1uUPDOOyneaGwpUmEXTT.jpg
2025-06-07 19:38:22,458 - INFO - Fotoðraf indirildi: C:\Users\islim\OneDrive\Masaüstü\istanbul_trafik_analizi\backend\data\photos\AXQCQNSkObDr4Ei6XRN_-4Rn5mlK0UBcIPmcQFRJeYh_dwcBiuf4lNVsokT8h5UBlUQSDMsaKJbc0CSRmvie0fwLeXtYFazHLUGR.jpg
2025-06-07 19:38:23,522 - INFO - Fotoðraf indirildi: C:\Users\islim\OneDrive\Masaüstü\istanbul_trafik_analizi\backend\data\photos\AXQCQNRNjpg3e4HgXhj2bTULmwHEcGcXgDrR5kP8t4R9KWqu3WW7HGl6yoTnTnwEmeQdQblQSsxsk7WagN6ltYhshOC5dYVoWcvi.jpg
2025-06-07 19:38:24,602 - INFO - Fotoðraf indirildi: C:\Users\islim\OneDrive\Masaüstü\istanbul_trafik_analizi\backend\data\photos\AXQCQNTYVgqjZD8Kad4MBP5OAVIq2U1u4QrLvvXRMJweR98W4PDovwv1mW7W2nNZPRD0Un7eo070cbrvGHU5zsz06ilITCDFNsFo.jpg
2025-06-07 19:38:26,176 - INFO - Fotoðraf indirildi: C:\Users\islim\OneDrive\Masaüstü\istanbul_trafik_analizi\backend\data\photos\AXQCQNQG5dRZbTQ7klFouLRvmsaA_NKsGzwNydstFz_c9l0IVO_ZaUKreXkT3iic3mo45r1w2W0ZzzGDbfzAQf_Ryk4UigI2eFbQ.jpg
2025-06-07 19:38:27,239 - INFO - Fotoðraf indirildi: C:\Users\islim\OneDrive\Masaüstü\istanbul_trafik_analizi\backend\data\photos\AXQCQNSbRzii1yAApNs5EaHpcajfenPJakYpARE-2epRO3OxN6Vt_LzFM0_Lp2j3YF0ZENy4yu9lTGAQAFOC7_pB8u6nwNL2dxDk.jpg
2025-06-07 19:38:28,417 - INFO - Fotoðraf indirildi: C:\Users\islim\OneDrive\Masaüstü\istanbul_trafik_analizi\backend\data\photos\AXQCQNTMPstJ_Imp9Lb1xQUWs_BsI25UFWKw53snmjBAdOGppv730StBPMN8zLoN_TrdoaZUBsXUfZNIdoPZiB4Yor24ktQK_nNh.jpg
2025-06-07 19:38:29,464 - INFO - Fotoðraf indirildi: C:\Users\islim\OneDrive\Masaüstü\istanbul_trafik_analizi\backend\data\photos\AXQCQNSdhEhcQPrRYreYgInRIwrAQVqUAipqvvuBA1wVps0lqbYpWmCxcYzbVX-KP2VAiq--dCJ7pG1XPRKaTA0zAnR9RWocwCjj.jpg
2025-06-07 19:38:30,571 - INFO - Fotoðraf indirildi: C:\Users\islim\OneDrive\Masaüstü\istanbul_trafik_analizi\backend\data\photos\AXQCQNROTCA9d-5iXOuW9ocTjpCD7-IjrzLb12ejWRG-6yXVb7mTIx-hfnwKuMxdueFHPtCx50SvhVxpu6lTpTYaDQVnQHeBZu8K.jpg
2025-06-07 19:38:31,700 - INFO - Fotoðraf indirildi: C:\Users\islim\OneDrive\Masaüstü\istanbul_trafik_analizi\backend\data\photos\AXQCQNQ-hg_OVhXg78rsAbIwGTgZ9Fl60lSfKkmAemeSBx3RNBa7kvT5qixyr1ijUS6hY6ILDan7PjPQ4r5rzGWNsuUuKjskvIko.jpg
2025-06-07 19:38:31,706 - INFO - Mekan iþlendi: Sirkeci Lokantasý 1912
2025-06-07 19:38:33,847 - INFO - Detay çekilen mekan: Hidden Garden
2025-06-07 19:38:35,009 - INFO - Fotoðraf indirildi: C:\Users\islim\OneDrive\Masaüstü\istanbul_trafik_analizi\backend\data\photos\AXQCQNQ12cXQtrqlwq7sNs5ftRX0m2XSWOyQGyJf_xs5V74QPzr6n8DllTrJIIf7NKdHc5Yr6KeF7YCwJYI9Bw89gyqadjnGUHXS.jpg
2025-06-07 19:38:36,065 - INFO - Fotoðraf indirildi: C:\Users\islim\OneDrive\Masaüstü\istanbul_trafik_analizi\backend\data\photos\AXQCQNTqU0E5OYNO8GOxMV4-o8CuJiVYNkHXHuNoc4ETReL185Kg51QAq77qfRmvRE0dAYVo8xAF4OjGId3lGrVf61-nXT23I3a5.jpg
2025-06-07 19:38:37,302 - INFO - Fotoðraf indirildi: C:\Users\islim\OneDrive\Masaüstü\istanbul_trafik_analizi\backend\data\photos\AXQCQNSmKwO_sSVbx83FeoL-tk4TSGawlyGXxiMusccFND1DoAhPYpocB3s6TZYRouLfXC7H7KWkqfnrqQDeOsoa_brgMTcZoYV0.jpg
2025-06-07 19:38:38,737 - INFO - Fotoðraf indirildi: C:\Users\islim\OneDrive\Masaüstü\istanbul_trafik_analizi\backend\data\photos\AXQCQNR1MtbpJaAupMq7aaZ5NEU3K_UI-V5bOb1bmZ1ERYZFKRrEZxRZrWxnm4-gGNjSyDgCJrBw4TEkaD2DgCXxxN3k5SgjUR7E.jpg
2025-06-07 19:38:39,751 - INFO - Fotoðraf indirildi: C:\Users\islim\OneDrive\Masaüstü\istanbul_trafik_analizi\backend\data\photos\AXQCQNRPI-hqnnyjCWFnyf7kiZoea4I23jlRBsNfd_88NT3ebM5SAtvcBfbzJKcQMFV88HsPaRq_PyaRK-ciPSoDnLtmlziKz8Tw.jpg
2025-06-07 19:38:40,779 - INFO - Fotoðraf indirildi: C:\Users\islim\OneDrive\Masaüstü\istanbul_trafik_analizi\backend\data\photos\AXQCQNTMn1Ao8lw6rWVa5HtXhH_ZQfLrvfmgSmVM3oP9cwEu2KshVh_bdLQAV6UIKwapBE5UzIc6hCYPn2EXO1WzIE9rI_L0wSDK.jpg
2025-06-07 19:38:41,999 - INFO - Fotoðraf indirildi: C:\Users\islim\OneDrive\Masaüstü\istanbul_trafik_analizi\backend\data\photos\AXQCQNT-f_dj25u99rX4f_wOEQKmNTz8UbZYrEdtNa_Z_OWanVifVAuYvcMEoYikiD0eLrk9VUWpOF1BxgW8H8EwzXi9ibP_5rqa.jpg
2025-06-07 19:38:43,266 - INFO - Fotoðraf indirildi: C:\Users\islim\OneDrive\Masaüstü\istanbul_trafik_analizi\backend\data\photos\AXQCQNRYRroTZVMvEUnJLx84ehk33OCQknmQGaxgLFm2jba5RBC3qqvUIRl5tsU2MbIcgUyEMPHAEJghxOM1Be9LvFeL2eh8QATy.jpg
2025-06-07 19:38:44,437 - INFO - Fotoðraf indirildi: C:\Users\islim\OneDrive\Masaüstü\istanbul_trafik_analizi\backend\data\photos\AXQCQNRgAFEbdVme6QfUQikraiPfKWTsjOgIb_5p7wZaNM7sxdm10s-HzC8KvYDjKeHeI_aKQm9v0RBVqUV8DUTzyhJR-AVN_QM0.jpg
2025-06-07 19:38:45,529 - INFO - Fotoðraf indirildi: C:\Users\islim\OneDrive\Masaüstü\istanbul_trafik_analizi\backend\data\photos\AXQCQNTGUjc71LrGMC4GGTXtcd_aq9jiHWTMG4I6lP2BArImC6URrE8g5jwrrwtan0Lm5fJ8-dFEelNaH_rwAp7ZMwwuDmwU5o-a.jpg
2025-06-07 19:38:45,537 - INFO - Mekan iþlendi: Hidden Garden
2025-06-07 19:38:47,716 - INFO - Detay çekilen mekan: Galata Sanat Restaurant Galata Köprüsü
2025-06-07 19:38:48,950 - INFO - Fotoðraf indirildi: C:\Users\islim\OneDrive\Masaüstü\istanbul_trafik_analizi\backend\data\photos\AXQCQNS96Y2u-7HNleCcj7BFXY-zwWNb211xc8JChrwnQgid_fGYjBgv5zXKahOUWuW_1_sT58JyVAQ6Go2RyzYVW5S6GeYiuDY9.jpg
2025-06-07 19:38:50,027 - INFO - Fotoðraf indirildi: C:\Users\islim\OneDrive\Masaüstü\istanbul_trafik_analizi\backend\data\photos\AXQCQNSrmjewTjKuraw_NP6Ak8c0zZE1bXhteL4FAT867FGAKBTJBSqN923yTwUB8X28JGhf0XIQZ4KlTjD3tpB32LWMPyciL0M7.jpg
2025-06-07 19:38:51,237 - INFO - Fotoðraf indirildi: C:\Users\islim\OneDrive\Masaüstü\istanbul_trafik_analizi\backend\data\photos\AXQCQNSc2HkGC9kYjF_deYwp9fphCWoIhmna-xIs0kLW9Tvpc-K_f0k3HdmJT9qps1w46xejVG5dl6A_Zz0y0JQCE1doX6MOEioH.jpg
2025-06-07 19:38:52,377 - INFO - Fotoðraf indirildi: C:\Users\islim\OneDrive\Masaüstü\istanbul_trafik_analizi\backend\data\photos\AXQCQNSnKWVbFrGv-Ae3AMTk4cTHrBXNJzRjgelEOeURh5CMAsY7dE9NxKZuRbOMAsJaiRTHioy1XdNH44ZxvH_Ueijwe5zhT6db.jpg
2025-06-07 19:38:53,695 - INFO - Fotoðraf indirildi: C:\Users\islim\OneDrive\Masaüstü\istanbul_trafik_analizi\backend\data\photos\AXQCQNRLk369UyKkhaRpf5iPEWjhOfHlhllcINr3IFWnhE9Fom6Q2aFob1Yk5gI99orgCczeg-I-JPnB_x_a2MoIP1P6sDjPhsNw.jpg
2025-06-07 19:38:54,906 - INFO - Fotoðraf indirildi: C:\Users\islim\OneDrive\Masaüstü\istanbul_trafik_analizi\backend\data\photos\AXQCQNREZ2oFIHoR33ZdHCG2sMA-Xtv1BVjA9DvOPccWFOVVKUM4cQWpbjKTU6L7GxjkGejmCPZY3npDZmXPhBwjrCyLtDt4OsqR.jpg
2025-06-07 19:38:56,332 - INFO - Fotoðraf indirildi: C:\Users\islim\OneDrive\Masaüstü\istanbul_trafik_analizi\backend\data\photos\AXQCQNTQ0kO3x7A5W_AiL2rVA8vQ_MdHaJrJkrK58GHLg1RLxfmEIpkCKGteZkXkVgxChYa3KzTtxgNqxtHLMcOYnYGJP_CS7_cf.jpg
2025-06-07 19:38:57,745 - INFO - Fotoðraf indirildi: C:\Users\islim\OneDrive\Masaüstü\istanbul_trafik_analizi\backend\data\photos\AXQCQNTPGitJHHZS2LJ2rT7tgLHa68djOBwKspV_XkwT3kwW9UrTdLvXhBHVdmvti983QicgeIdyRGmhD-zoojjqZxRp8qnEI66u.jpg
2025-06-07 19:38:59,402 - INFO - Fotoðraf indirildi: C:\Users\islim\OneDrive\Masaüstü\istanbul_trafik_analizi\backend\data\photos\AXQCQNSA33k3Lp_d7-QtswEMWlJCM9SnGk0MZYVduFYnWH50HSqRAZhzHMAZBHxwhbPAqiVP3LVn3OaE7bSvCHPRIpH4-Jfutf7y.jpg
2025-06-07 19:39:00,927 - INFO - Fotoðraf indirildi: C:\Users\islim\OneDrive\Masaüstü\istanbul_trafik_analizi\backend\data\photos\AXQCQNTPzg60eIwTUDOWYVpd359GmicjPzAOeaF9Mbxk2v9MeGtbycuJGIB-nNtpD2_mFubxmIY5dHS9LVDhwV_O9JJDiYh4Lpo8.jpg
2025-06-07 19:39:00,937 - INFO - Mekan iþlendi: Galata Sanat Restaurant Galata Köprüsü
2025-06-07 19:39:03,332 - INFO - Detay çekilen mekan: Old Ottoman Cafe & Restaurant
2025-06-07 19:39:04,617 - INFO - Fotoðraf indirildi: C:\Users\islim\OneDrive\Masaüstü\istanbul_trafik_analizi\backend\data\photos\AXQCQNQZ4GdMVC01IQ0d8RvmeZvmYa3mLK2YPKa0pH_dSzfeePoiuV2_sq7wOKLhi_kA1c5w5f0DbIY3VVN42ISTlBqauccQj_YT.jpg
2025-06-07 19:39:06,077 - INFO - Fotoðraf indirildi: C:\Users\islim\OneDrive\Masaüstü\istanbul_trafik_analizi\backend\data\photos\AXQCQNSuflAsW7A6wSZZSxzyp0UBeRSz9-JusV5FKfN-9N8aGLR5oGKNnpimYv3BOCcUJq3BlEdg5lZtdWCFyLSslEhccE-aiQsi.jpg
2025-06-07 19:39:07,591 - INFO - Fotoðraf indirildi: C:\Users\islim\OneDrive\Masaüstü\istanbul_trafik_analizi\backend\data\photos\AXQCQNRoo2zyDy2S-zQw76gZkaCjAt8R7U5qDob1dTnM8QTHpQryKOXVEoDiHbgWOlPC4O7pwtVJb3ekCMUGn66wxiV19OdpkGku.jpg
2025-06-07 19:39:08,920 - INFO - Fotoðraf indirildi: C:\Users\islim\OneDrive\Masaüstü\istanbul_trafik_analizi\backend\data\photos\AXQCQNSeMEWB1J9jbJAJ316_w0-jc-R8lSjL3B483OJufako5s7JOrpY93Pq-O4DoHCqOrU94NwLu8Bp13DtRITnuepJE1UN8jra.jpg
2025-06-07 19:39:10,481 - INFO - Fotoðraf indirildi: C:\Users\islim\OneDrive\Masaüstü\istanbul_trafik_analizi\backend\data\photos\AXQCQNTVY6bcfyrDPOHQi5LHt72ZhD_6YnvoLbsJA-foRW59PS32CEDgotGqrE8U-3yiDWpofvrsbd06cl_qmmND2tS7stWJ_Uea.jpg
2025-06-07 19:39:11,801 - INFO - Fotoðraf indirildi: C:\Users\islim\OneDrive\Masaüstü\istanbul_trafik_analizi\backend\data\photos\AXQCQNTQPQRhNJse4BeGmSwH-9bdh1ibm_LL7wg2JXcB0k4sGenrpup8OHYpuBT3zuOZ6-kuMaUFKqLIkhlQJjjBaZSAPIRrnFQf.jpg
2025-06-07 19:39:13,235 - INFO - Fotoðraf indirildi: C:\Users\islim\OneDrive\Masaüstü\istanbul_trafik_analizi\backend\data\photos\AXQCQNTz5naJu_GyWtgLoHzqVA5qQ9i2_-LSz4SVI5pnt00wY3FfupgMxgvXFtvZ03bYZAW90dIyKKAL-5XPFyamZsmB7dIkCKvi.jpg
2025-06-07 19:39:14,650 - INFO - Fotoðraf indirildi: C:\Users\islim\OneDrive\Masaüstü\istanbul_trafik_analizi\backend\data\photos\AXQCQNRk823225B1JxXQol0n_9jTlkmbLryRxQB6p357v4FeTdvfLIKJA-wI5lVeklgKIYm8vta41ivN-AYJs7YqbOzThZcYD6rb.jpg
2025-06-07 19:39:16,261 - INFO - Fotoðraf indirildi: C:\Users\islim\OneDrive\Masaüstü\istanbul_trafik_analizi\backend\data\photos\AXQCQNQlTcPMutvP3RfcDJu4AvbDguWrCA4U5zv_npk9O-6h96nO2PJx1C23O29XiZJvvypElFbe6giOdALhpoPXceNeexJQxLKP.jpg
2025-06-07 19:39:17,653 - INFO - Fotoðraf indirildi: C:\Users\islim\OneDrive\Masaüstü\istanbul_trafik_analizi\backend\data\photos\AXQCQNSD7rXvykmif0U6S0LfcbJJIr1epnU7z67roJSzd7ZTU5AjyFS55ZvIePqqfAFupwElKUJnqGWFKKN1WP7reSVkR7WfY0z0.jpg
2025-06-07 19:39:17,655 - INFO - Mekan iþlendi: Old Ottoman Cafe & Restaurant
2025-06-07 19:39:19,817 - INFO - Detay çekilen mekan: Khorasani Restaurant
2025-06-07 19:39:21,556 - INFO - Fotoðraf indirildi: C:\Users\islim\OneDrive\Masaüstü\istanbul_trafik_analizi\backend\data\photos\AXQCQNTopQRBrmWXjvDGPWFou9reRNpABtC3XIcWgmSNoeKye0ytWE__yqJvr6nkkoEeUWpJUXqb5veyEpMeUzkbX3mxWNqjJZk7.jpg
2025-06-07 19:39:22,816 - INFO - Fotoðraf indirildi: C:\Users\islim\OneDrive\Masaüstü\istanbul_trafik_analizi\backend\data\photos\AXQCQNTL6FqFHDBB1toyPPqXs9pbFK521PwvkUsGtHBqJ24Gdtv1_m57otg6C9J7mMBGS8Y_sbHw4J2sL1kQKpSEPFflv5gb2Xpq.jpg
2025-06-07 19:39:23,999 - INFO - Fotoðraf indirildi: C:\Users\islim\OneDrive\Masaüstü\istanbul_trafik_analizi\backend\data\photos\AXQCQNSe9MseIEyWgj29yvYWNoOkSQhYIWDebxZW0bMrKVVR5YTtipsaswTFSQ0LwMV6RK8ncxOtQs4ACHLQH7xjChkqwxfso3L5.jpg
2025-06-07 19:39:25,436 - INFO - Fotoðraf indirildi: C:\Users\islim\OneDrive\Masaüstü\istanbul_trafik_analizi\backend\data\photos\AXQCQNRblA0gALe2S7ezmCX3WiObVamYBVL7oOwq7ejw8l1YC0GEbk3KAs5x-MWOvsDpp1eLFg3aWHSU6-CkmUCghXD00jrPE7uA.jpg
2025-06-07 19:39:26,896 - INFO - Fotoðraf indirildi: C:\Users\islim\OneDrive\Masaüstü\istanbul_trafik_analizi\backend\data\photos\AXQCQNQyQ8zqefkYo0C2Scdi6mBNTsvl48SmHTIjwvebra5E-Z94jYf7-4hHYKJCXdMR0GF5PH242J5S-SgWokcILsr-obaf-7Ff.jpg
2025-06-07 19:39:28,597 - INFO - Fotoðraf indirildi: C:\Users\islim\OneDrive\Masaüstü\istanbul_trafik_analizi\backend\data\photos\AXQCQNRKBMl6XfBd1T3rjSHdYGTqwok7bZMK_cuH-IXhzDSY9P9h8IiLiNaWS_-D8-VvH0k3NfTyXXAZ5zkzUR9K3I5_LCtlstHB.jpg
2025-06-07 19:39:30,422 - INFO - Fotoðraf indirildi: C:\Users\islim\OneDrive\Masaüstü\istanbul_trafik_analizi\backend\data\photos\AXQCQNT7huxRqzD7eYj8-0DoMFi1LCFntgI99xidaR6NQ8YMhS2Q3DF2ipzh1iAmygTKpgF_Pes34KP8RNoxSniUaIn7pJGpTnyr.jpg
2025-06-07 19:39:31,891 - INFO - Fotoðraf indirildi: C:\Users\islim\OneDrive\Masaüstü\istanbul_trafik_analizi\backend\data\photos\AXQCQNRAFxolYKBpk5FsBdveRHgGdFpw2tFBnXOj148F1EuDwVZvj6xTGYuO1VFaAkQ6nqIQ6-_VxOeBVF2eoXu1CUp0ToryPHfJ.jpg
2025-06-07 19:39:33,470 - INFO - Fotoðraf indirildi: C:\Users\islim\OneDrive\Masaüstü\istanbul_trafik_analizi\backend\data\photos\AXQCQNQeXGemscz-ivi5M5hjlWbND8OAFEH02S9a-HC5Z8Y9q_YxzoFHLBJznfYI_zQivZCeuXl8cr2QNqpFSO8Ji2ibz5ijORVQ.jpg
2025-06-07 19:39:34,617 - INFO - Fotoðraf indirildi: C:\Users\islim\OneDrive\Masaüstü\istanbul_trafik_analizi\backend\data\photos\AXQCQNS3MtL_sIMGdHtlLW9xCAJw-gBotgxg3c4f6Kg8fumx8DVTkg3fASej7ioXSM0Q8XnX19s4mksbPa95vJaA9ULdLqUSUMsq.jpg
2025-06-07 19:39:34,620 - INFO - Mekan iþlendi: Khorasani Restaurant
2025-06-07 19:39:36,827 - INFO - Detay çekilen mekan: Eva Bosphorus Restaurant
2025-06-07 19:39:38,036 - INFO - Fotoðraf indirildi: C:\Users\islim\OneDrive\Masaüstü\istanbul_trafik_analizi\backend\data\photos\AXQCQNQYJIK4q279UkLvUeOONc23GSuAbd3n3eMPRl5i5DKhtjIyb10x-njtVOVWdtVKzw3oglqNcfk9rs602upY334raNMpytC7.jpg
2025-06-07 19:39:39,426 - INFO - Fotoðraf indirildi: C:\Users\islim\OneDrive\Masaüstü\istanbul_trafik_analizi\backend\data\photos\AXQCQNQsVNxzdBlJ_7AALb_IJDsOaV-DasWkvu-z6LYYpavT8GoHgfl332-QC2QubUF0jBCWelgwD8XfA5ujS3y_VEE8fLZPYla7.jpg
2025-06-07 19:39:40,679 - INFO - Fotoðraf indirildi: C:\Users\islim\OneDrive\Masaüstü\istanbul_trafik_analizi\backend\data\photos\AXQCQNTZn0WPcwibzOrupRcC0KIrkE6zHztt5_oU8p9qBgIwrZWFo9v-iUamFypkzMSO4TjhTFIYeEDSZyud5syGyBpMdf3vVcTQ.jpg
2025-06-07 19:39:41,856 - INFO - Fotoðraf indirildi: C:\Users\islim\OneDrive\Masaüstü\istanbul_trafik_analizi\backend\data\photos\AXQCQNQG4TPWY2hWbWZ4N7Zp-6T8aCEjrodfWfIgNR3mgqmlC_dJBaqyWQnBevgdGu8s-34foXBMK9qHr6y9vODVqhxoY9PA8fRx.jpg
2025-06-07 19:39:43,223 - INFO - Fotoðraf indirildi: C:\Users\islim\OneDrive\Masaüstü\istanbul_trafik_analizi\backend\data\photos\AXQCQNTKqwO9rPs9g0bai5XTJPAIPscaUZ9inrWACA9tZnKsnHz-5C1380aDVjUCLAUo63YzsN2CaVo1UTFELulP9lGicZUExRuP.jpg
2025-06-07 19:39:44,575 - INFO - Fotoðraf indirildi: C:\Users\islim\OneDrive\Masaüstü\istanbul_trafik_analizi\backend\data\photos\AXQCQNSc41VawXMYgMOxMa-sa1ECkXOjGrQUMB8RGLgQdGSFKRDDUpxfrcVdDgMT6o_msGux8wMkWuwVmwIcUmL2-brc1imNbVTs.jpg
2025-06-07 19:39:45,694 - INFO - Fotoðraf indirildi: C:\Users\islim\OneDrive\Masaüstü\istanbul_trafik_analizi\backend\data\photos\AXQCQNRtB407CbOtgGcSkeDB8e0fjseBeViJsxs4-bGeu28fH905idH0RDNRLdYm_l7FXUe7Ss3X5eOB6RBgnz0cBeNNNG6FQVat.jpg
2025-06-07 19:39:47,199 - INFO - Fotoðraf indirildi: C:\Users\islim\OneDrive\Masaüstü\istanbul_trafik_analizi\backend\data\photos\AXQCQNRrpm1sP8_b-0-SXXJpfUkQPW0P4QFy9JCxM7X9-sYon_08usKl4fhenSuvhP3Y2ZYmhR35XLEkx32phwixmQ6qDVzGDuIb.jpg
2025-06-07 19:39:48,769 - INFO - Fotoðraf indirildi: C:\Users\islim\OneDrive\Masaüstü\istanbul_trafik_analizi\backend\data\photos\AXQCQNQPhvFBPS46BI0JBmv6hD-nyb6zTIchPzTKITWpfnzipAOqPzmyD8HEsiaXj_sZYEZa-nmYt8XUOOnaxJ0DvlMbCIj-D8C4.jpg
2025-06-07 19:39:49,867 - INFO - Fotoðraf indirildi: C:\Users\islim\OneDrive\Masaüstü\istanbul_trafik_analizi\backend\data\photos\AXQCQNQPBOGr86RrkcNxJtdj6_wkQoegsLqENlJpX4t0HduELEmCvKGup9QcucmFOMgJCGv2va4pOCP-sT3Bj1MFDrPy2Y1DmSFO.jpg
2025-06-07 19:39:49,873 - INFO - Mekan iþlendi: Eva Bosphorus Restaurant
2025-06-07 19:39:52,014 - INFO - Detay çekilen mekan: Deraliye Terrace
2025-06-07 19:39:53,202 - INFO - Fotoðraf indirildi: C:\Users\islim\OneDrive\Masaüstü\istanbul_trafik_analizi\backend\data\photos\AXQCQNRdXOkUijxDNOzs2K1WSs45LJPgElKPcEaFPIc-vCYJSAsI8Jv8MlIYXkjCUGf1S4FcoJ79t6rsrquDvDRv-TJ86q4n1nab.jpg
2025-06-07 19:39:54,442 - INFO - Fotoðraf indirildi: C:\Users\islim\OneDrive\Masaüstü\istanbul_trafik_analizi\backend\data\photos\AXQCQNSFRxSd7wb57k73SRkgeEkSxf28-TFEniE_LHoARX4PDOIb0XTJ54QVut-16jHjS_JJLIr0qg1beTFj0cni-_aMu-JtN3df.jpg
2025-06-07 19:39:55,653 - INFO - Fotoðraf indirildi: C:\Users\islim\OneDrive\Masaüstü\istanbul_trafik_analizi\backend\data\photos\AXQCQNQkb7mM7s32PQOxofAT06PFgCTBWZ-JUVrMrCbWw8XqENjt7F-QHC6e2r9dM-v-RXLz_BJT8BHheybSkXDLBHP7MnOdr7nv.jpg
2025-06-07 19:39:56,908 - INFO - Fotoðraf indirildi: C:\Users\islim\OneDrive\Masaüstü\istanbul_trafik_analizi\backend\data\photos\AXQCQNR29zSCFgYrXoDNlzmsooGQE2Xr_jWFuImsQe8fZM2K6ete6AOPS8Hi1oX9LI8QviP38XcZK2IjwHlYKf8DUj_sPizFIQfq.jpg
2025-06-07 19:39:58,262 - INFO - Fotoðraf indirildi: C:\Users\islim\OneDrive\Masaüstü\istanbul_trafik_analizi\backend\data\photos\AXQCQNQBWOtdDdeXujRK6iiMW2rpRRu_yuEo9TKIRXMl2E8QqeW5lejYlj8ZilNo39dcrlcnGR_wF3VNJd4jNx5eCVQjCPZb1BQE.jpg
2025-06-07 19:39:59,566 - INFO - Fotoðraf indirildi: C:\Users\islim\OneDrive\Masaüstü\istanbul_trafik_analizi\backend\data\photos\AXQCQNRMbHQeoLDyNimDrb9L_8Pckisw5FFeILXHfYp-STsAPMa2Wlc3NKIXAkkahjW_tK9dMKuzz0hDPM52Iga5QnFpLFPKMlk4.jpg
2025-06-07 19:40:00,681 - INFO - Fotoðraf indirildi: C:\Users\islim\OneDrive\Masaüstü\istanbul_trafik_analizi\backend\data\photos\AXQCQNR0rmAUoCM-yDiajzx6uKWiWsfDCbS3i6bZ-oLtmVwo0cMS5yKLOl9gGxEz9SPTWlbDauU-5qMnNFy-XgoaGMRQIZwyeDfL.jpg
2025-06-07 19:40:01,877 - INFO - Fotoðraf indirildi: C:\Users\islim\OneDrive\Masaüstü\istanbul_trafik_analizi\backend\data\photos\AXQCQNTEZUfcZJajHgalLfrAShEe8_YbCQvuLdPHjvVFHFVrcIAtEJ2epozsnwddzPbNz_gjOhHLl77NabkDbjMScWTIgV1cAPn4.jpg
2025-06-07 19:40:03,107 - INFO - Fotoðraf indirildi: C:\Users\islim\OneDrive\Masaüstü\istanbul_trafik_analizi\backend\data\photos\AXQCQNSstVa30xY9s7rOYPb5Vdi-kIp6EDJhWIYPq8QjK1UaOYwyGci1_mYvlRy6k-BanCCXxi1kqWohUn8uE6fX-hgBPYZGUu2B.jpg
2025-06-07 19:40:04,353 - INFO - Fotoðraf indirildi: C:\Users\islim\OneDrive\Masaüstü\istanbul_trafik_analizi\backend\data\photos\AXQCQNTYY4L9z0GnpKDBwlFDrX6uTdKpAOqyysylxa5Z3QRMoxIrbUaspHG8CFAoB1uVc5wqAffUhvbAXcoMJk0iDE-qqEJaxkzT.jpg
2025-06-07 19:40:04,358 - INFO - Mekan iþlendi: Deraliye Terrace
2025-06-07 19:40:06,526 - INFO - Detay çekilen mekan: Seven Hills Restaurant
2025-06-07 19:40:07,727 - INFO - Fotoðraf indirildi: C:\Users\islim\OneDrive\Masaüstü\istanbul_trafik_analizi\backend\data\photos\AXQCQNThKD72YcMQvHm9MOW43ELHg_c6vdnnNkZ2EqsVHmXzWUdEdC_E27m7KOonRIRDgwPgF3XHkhzvaaXXepuR4n8NNCV4S7Rl.jpg
2025-06-07 19:40:09,305 - INFO - Fotoðraf indirildi: C:\Users\islim\OneDrive\Masaüstü\istanbul_trafik_analizi\backend\data\photos\AXQCQNS0XPRMnd2k_6ClcWh3J388IODwm0MFx2EBdc3dW_0WCL8MIRD8pO9ul2a80CIPV2nsoSSoH-vtHNn4IaRO5nSSEDTQ11q7.jpg
2025-06-07 19:40:10,839 - INFO - Fotoðraf indirildi: C:\Users\islim\OneDrive\Masaüstü\istanbul_trafik_analizi\backend\data\photos\AXQCQNQdT6YtPfaI9pW6Q8yvvmVH0W83-zzAidYaToK_jyZsNNlEcEjHmHR0GK11_lXn-MVtGTf9J83LoLZWYaQHaEOZVfV1Oxo1.jpg
2025-06-07 19:40:12,727 - INFO - Fotoðraf indirildi: C:\Users\islim\OneDrive\Masaüstü\istanbul_trafik_analizi\backend\data\photos\AXQCQNRVBixbGWsQ72rYVZCJnWx0oCKLaQaF_qz7evgzf1me1Jv1RO7NUoySIXl0eF-owpv3V1KrzThnJrdHBnK1-VOW7yObkPCo.jpg
2025-06-07 19:40:13,872 - INFO - Fotoðraf indirildi: C:\Users\islim\OneDrive\Masaüstü\istanbul_trafik_analizi\backend\data\photos\AXQCQNRn42OMAGQ_74B76GvFJ2McSzbMNlhhO6f0mZuLDf3pSKmcT7N4_SDedZSa1vvs91bEOPL4kx3KEWwRJeYPLOIdwRj6zcjv.jpg
2025-06-07 19:40:15,454 - INFO - Fotoðraf indirildi: C:\Users\islim\OneDrive\Masaüstü\istanbul_trafik_analizi\backend\data\photos\AXQCQNQ8hbtIJtdyLqOU2APRK2xbHHMSQ8-5qA13ilm9jxPjnSUwUSAgw7nPt49Pp4AH4z7ylE3dRWwc2UwaQBRz0NyQWGKR9nxL.jpg
2025-06-07 19:40:16,836 - INFO - Fotoðraf indirildi: C:\Users\islim\OneDrive\Masaüstü\istanbul_trafik_analizi\backend\data\photos\AXQCQNRpcQJi824yFz1IGlXEb6DnLpCtGqx611pFD5i2U4HSkiTNptN1i-Ebh36H5cuCBy8yCm6_evx5GdOVVXyWB0Z8rEoKeZuv.jpg
2025-06-07 19:40:18,476 - INFO - Fotoðraf indirildi: C:\Users\islim\OneDrive\Masaüstü\istanbul_trafik_analizi\backend\data\photos\AXQCQNSAXxhIWly3w51KhgT8Z8syXf2-vRUkn1WOlAUtp9zh2C0ce--qFulNJ5nFW7hZHHyiMmahx8l5r3NLcEdrHM8vUVCMpja3.jpg
2025-06-07 19:40:20,200 - INFO - Fotoðraf indirildi: C:\Users\islim\OneDrive\Masaüstü\istanbul_trafik_analizi\backend\data\photos\AXQCQNSrqyxoPg12APqfLNG_bSfrUdcBT3AxBu9AF0iXEcxSM1ILow1Wx-C4wXKmCZuVlF608_6PDTqfNYZxk8ycpiaLxw3rpmJE.jpg
2025-06-07 19:40:21,726 - INFO - Fotoðraf indirildi: C:\Users\islim\OneDrive\Masaüstü\istanbul_trafik_analizi\backend\data\photos\AXQCQNQGDl4knIVn6LTS2P954enR-lh67FZyxpiuqV-EiEhy7PgAJPvr8ut2jEQIblBF2WFqEqgls5DTtJO62bXizql9cYxk7EhX.jpg
2025-06-07 19:40:21,735 - INFO - Mekan iþlendi: Seven Hills Restaurant
2025-06-07 19:40:23,911 - INFO - Detay çekilen mekan: Lale sultan Restaurant
2025-06-07 19:40:25,894 - INFO - Fotoðraf indirildi: C:\Users\islim\OneDrive\Masaüstü\istanbul_trafik_analizi\backend\data\photos\AXQCQNS05C8MCw2jFBJnKJfkcDINHGm8ATSV2T8DzbnXbDX9MW7NAqvo2rrh2svTBEZ_6JHPyAfSVKXJW0PJJKLlkMvGqmpta3Ax.jpg
2025-06-07 19:40:27,620 - INFO - Fotoðraf indirildi: C:\Users\islim\OneDrive\Masaüstü\istanbul_trafik_analizi\backend\data\photos\AXQCQNQnvXXJbgK-WRIKq2v8r4r9Dx55IG8kdw5k0uA06n-e4-F3TwF1cdd2PIIXLWQmmdo4zCp6Bk4HmFQEUm0cnze7a_GRwkSN.jpg
2025-06-07 19:40:29,037 - INFO - Fotoðraf indirildi: C:\Users\islim\OneDrive\Masaüstü\istanbul_trafik_analizi\backend\data\photos\AXQCQNTH2Rp3Ta-15kjHlQhHJzr1cSQ-bCSwdAdQeksp5CbLfNC0AnjtKSZcyoOkva6NmuO7hQxT7_-sI3iNe84cmV8Vidt7uxII.jpg
2025-06-07 19:40:30,616 - INFO - Fotoðraf indirildi: C:\Users\islim\OneDrive\Masaüstü\istanbul_trafik_analizi\backend\data\photos\AXQCQNTmfXLm9CvnQXZF4svM1zy47amTGOci8n8nmSQjWA0SD8L0mnnuVHa3NxAFNe0TDcNUtwhwunvaM0kwLrx87Z7e_RRzw3rB.jpg
2025-06-07 19:40:31,809 - INFO - Fotoðraf indirildi: C:\Users\islim\OneDrive\Masaüstü\istanbul_trafik_analizi\backend\data\photos\AXQCQNR4ewCPH79W_DleGpm4W1CTydkoLrFJwH9FKCngiy6obgwLDkBqf382XGHk9yH9Vo5fy4ZrertlezeM1bGM7rNmBw0Y-u4R.jpg
2025-06-07 19:40:33,426 - INFO - Fotoðraf indirildi: C:\Users\islim\OneDrive\Masaüstü\istanbul_trafik_analizi\backend\data\photos\AXQCQNR-kmv4c0qViCvP84I7YzV8xICMDBCAZ9v6bVE_KhG-LexQ6Nuk5r1MFe5IutHkt4ZxLrZ5ZYQVyet91yOu-NudLWfGJG6y.jpg
2025-06-07 19:40:34,638 - INFO - Fotoðraf indirildi: C:\Users\islim\OneDrive\Masaüstü\istanbul_trafik_analizi\backend\data\photos\AXQCQNR9LLfXCOy5NXGId4ouQLj7VcEkh_q7dc4ICp6AWqs0FDgmPa4hXhIL8dVCXShDM18NzZS29hjdjrbuFIrdUWXkqhnyoKvN.jpg
2025-06-07 19:40:36,095 - INFO - Fotoðraf indirildi: C:\Users\islim\OneDrive\Masaüstü\istanbul_trafik_analizi\backend\data\photos\AXQCQNTc_nMC8LHhnpQI80kPnrSrzCA8YphdGr0FxVnmhY_bVSSG1zaNpT8SLf2xFbYYZ5H-nSt6gNnQ_CvZB_GjlB9zqU45hYC2.jpg
2025-06-07 19:40:37,605 - INFO - Fotoðraf indirildi: C:\Users\islim\OneDrive\Masaüstü\istanbul_trafik_analizi\backend\data\photos\AXQCQNSdSnhAFvSCBPoocYddFrltUJ_LENh5W8K6YljZ8rmV5kJNkvC94Ejk9kMsNXgPqngktGdL41WTCSqu2NxB7zT840SHfMp0.jpg
2025-06-07 19:40:39,075 - INFO - Fotoðraf indirildi: C:\Users\islim\OneDrive\Masaüstü\istanbul_trafik_analizi\backend\data\photos\AXQCQNRx9uJr3oazrG1SfEpc65pu00vDXcTYF1s_ZNjvXyKxcz6f2l8LDU5MKAiH88q9VCRz5HrWR0m0JVxZ_S_9FfCSo_8EdlyX.jpg
2025-06-07 19:40:39,077 - INFO - Mekan iþlendi: Lale sultan Restaurant
2025-06-07 19:40:41,262 - INFO - Detay çekilen mekan: Mivan Restaurant & Cafe
2025-06-07 19:40:42,685 - INFO - Fotoðraf indirildi: C:\Users\islim\OneDrive\Masaüstü\istanbul_trafik_analizi\backend\data\photos\AXQCQNSiY_THWb9DcBTQVqs1Zw58d3hNF9s61ggjzkKfcOFS8aKqdLEDV41MvPsWg7Oom4bM2PM5Az0ZJhRilAPRQBwFgqShHdzT.jpg
2025-06-07 19:40:44,013 - INFO - Fotoðraf indirildi: C:\Users\islim\OneDrive\Masaüstü\istanbul_trafik_analizi\backend\data\photos\AXQCQNSVyP3b9WbtNSsMb_BPEsNjG54TiONpMGCAvf3vduKDJTBXYDk5_r4JRCx5GbUdq_MgaFZ_KgG4cipLItzHpgqac9sQO4IO.jpg
2025-06-07 19:40:45,341 - INFO - Fotoðraf indirildi: C:\Users\islim\OneDrive\Masaüstü\istanbul_trafik_analizi\backend\data\photos\AXQCQNQHFFFuSwyHNaVcCofmjKCIRi8XgqDdib4S_cqMGuKW_ialKvIE13zEiM1Ra28PIuQdyf4tfKoC8t6NyqxDL21jsPfl_XVN.jpg
2025-06-07 19:40:46,742 - INFO - Fotoðraf indirildi: C:\Users\islim\OneDrive\Masaüstü\istanbul_trafik_analizi\backend\data\photos\AXQCQNQVHbAGwXK2AE6ceofAO16k98gaxDvDkrB7KlV-rlIuM74YFgamT0unKp1TInK9h8nY2P9QJqlJ9J8I5k7ExGT6hGeJfQeB.jpg
2025-06-07 19:40:48,163 - INFO - Fotoðraf indirildi: C:\Users\islim\OneDrive\Masaüstü\istanbul_trafik_analizi\backend\data\photos\AXQCQNSDft90HHsDn1AyDW4sFIffcxXPJoy7rKCzWD5rRQ5ZQabcMwmhLBTe1rRXU1XD0-c__7dqcIV8UC8L_HLF5w1_lrycxp1n.jpg
2025-06-07 19:40:49,575 - INFO - Fotoðraf indirildi: C:\Users\islim\OneDrive\Masaüstü\istanbul_trafik_analizi\backend\data\photos\AXQCQNQ4nP0eCWVfBQ3OBYbu0wN3XToYZebp4O5ZqEOt3pDpk-Ve1WqFZmFZdWWPgRc0IMDnbAhcml6ZtitmA0tmB2IdXcmx77Ir.jpg
2025-06-07 19:40:51,072 - INFO - Fotoðraf indirildi: C:\Users\islim\OneDrive\Masaüstü\istanbul_trafik_analizi\backend\data\photos\AXQCQNRtMMv8Y3we1GRWyNw1t2-BMVM0lhYI8u-yaE_8LjkWHQod5m0qomOPpn-2DlqtbRJkMZMJetwmXzTXmalhcMpgwaXXqx6A.jpg
2025-06-07 19:40:52,552 - INFO - Fotoðraf indirildi: C:\Users\islim\OneDrive\Masaüstü\istanbul_trafik_analizi\backend\data\photos\AXQCQNRvUyGI0tdq0GUDxSK5GrCh9CwnVj-DZj-bJOxT_Axw6T3nRCbXWUS6t_IQHMgR1WCHbKAz612NvLpdo_MCgy7E9hEIDfNO.jpg
2025-06-07 19:40:54,026 - INFO - Fotoðraf indirildi: C:\Users\islim\OneDrive\Masaüstü\istanbul_trafik_analizi\backend\data\photos\AXQCQNTpeH7PgSDR7N-11p8qJN7GCBYN0EbQaWAVqLux-tWsyldVk6nbkQGUKRnDt9BILkKEqZnmjf3RtrAYZzOzru2I90AIB8Jg.jpg
2025-06-07 19:40:55,524 - INFO - Fotoðraf indirildi: C:\Users\islim\OneDrive\Masaüstü\istanbul_trafik_analizi\backend\data\photos\AXQCQNRbstvkYtqjftJ2cYdKDzXWPweShpVZwpR-KMnZPVvqBhjlKnJ8LCKeNzodxzzDrqQACN1cVLRJK3nsv1N3Spqb9fgWULcF.jpg
2025-06-07 19:40:55,530 - INFO - Mekan iþlendi: Mivan Restaurant & Cafe
2025-06-07 19:40:57,532 - INFO - Oteller aranýyor...
2025-06-07 19:40:58,255 - INFO - API'dan dönen sonuç sayýsý: 20
2025-06-07 19:41:01,297 - INFO - API'dan dönen sonuç sayýsý: 20
2025-06-07 19:41:03,303 - INFO - Toplam çekilen mekan: 40
2025-06-07 19:41:03,475 - INFO - Detay çekilen mekan: ULUBAT CASTLE HOTEL
2025-06-07 19:41:04,668 - INFO - Fotoðraf indirildi: C:\Users\islim\OneDrive\Masaüstü\istanbul_trafik_analizi\backend\data\photos\AXQCQNTmDxmCqDj0FLnjwIS4T7KaN_9rQ4hkrqR0597TTqWbJG3kDEv52LK5Hk8ZYD65yUE8K-G_EoWrAw2S3pWLqCIPsFR-cSHs.jpg
2025-06-07 19:41:05,875 - INFO - Fotoðraf indirildi: C:\Users\islim\OneDrive\Masaüstü\istanbul_trafik_analizi\backend\data\photos\AXQCQNR50Rpxlrt7-sL1lPMLnANW91b4-A5FlfbHx9PJMCVk2Hl55eXlUrvdpRYRkYMWbafBo-M8tn_XjFF2VOuppBlT0uNJxmES.jpg
2025-06-07 19:41:07,193 - INFO - Fotoðraf indirildi: C:\Users\islim\OneDrive\Masaüstü\istanbul_trafik_analizi\backend\data\photos\AXQCQNQATQukOmJpTTkcwIsS-B__xizksqUhjxV-piTetfeaoW-q2LKGyqKJ225cpd4N-6XPZYhHwKxLT36aFVbkKoBhJLeYBloP.jpg
2025-06-07 19:41:08,830 - INFO - Fotoðraf indirildi: C:\Users\islim\OneDrive\Masaüstü\istanbul_trafik_analizi\backend\data\photos\AXQCQNSfKm_op5vJ0ZGHlYUbjv78E5BVOiIgIlIKOtSgwCNNsuJBlMq_Im7dyoVB70pzIBH8d8qTWbLOS7U3_QRVpL2mEQn0c9_9.jpg
2025-06-07 19:41:10,309 - INFO - Fotoðraf indirildi: C:\Users\islim\OneDrive\Masaüstü\istanbul_trafik_analizi\backend\data\photos\AXQCQNQhJo5NfgwvbaKVPsxhK2mftIRiNIQn5S9uGeCYAcwXXzV5B0GhNMV8TzyebEM3tIA585iBvV-p_JkfvFTHadY9_2He2xiO.jpg
2025-06-07 19:41:11,697 - INFO - Fotoðraf indirildi: C:\Users\islim\OneDrive\Masaüstü\istanbul_trafik_analizi\backend\data\photos\AXQCQNQ2rOH9FzwvzrBBZzXPbNEqzQiZ2d_UT802RNkyU_XEUpq5xrM8R1AZTWlZQjppihQpHTFOGSjoGB1y8XMhD4zmtBOKC9O2.jpg
2025-06-07 19:41:13,078 - INFO - Fotoðraf indirildi: C:\Users\islim\OneDrive\Masaüstü\istanbul_trafik_analizi\backend\data\photos\AXQCQNRtAQkXXOJQXF4mkkOxTRDqx6eyv9AguBE7NwDly0g1hSgY_zMQCqeUysXpCxCmVbfL5CTQzcBYyTUhG8F91o3HRp290rKo.jpg
2025-06-07 19:41:14,366 - INFO - Fotoðraf indirildi: C:\Users\islim\OneDrive\Masaüstü\istanbul_trafik_analizi\backend\data\photos\AXQCQNTXfpK6xsOb0o_3zsk8j9-nHneTON6jYeQBsUn3MgiOKofWoHxvAWrPAp2roaUnFdkYuihfz-SH3TrAf5KLhUKOaP06wNaO.jpg
2025-06-07 19:41:15,991 - INFO - Fotoðraf indirildi: C:\Users\islim\OneDrive\Masaüstü\istanbul_trafik_analizi\backend\data\photos\AXQCQNRTGmFnTEpf0190wyjb47YR9dL5UmC31Cl67BWDtI9AKDfKSeIONyKP5G87svApp99IF3w9kd7Qz73b0Cb-RXa6s2wW_FGT.jpg
2025-06-07 19:41:17,414 - INFO - Fotoðraf indirildi: C:\Users\islim\OneDrive\Masaüstü\istanbul_trafik_analizi\backend\data\photos\AXQCQNT6XEjkO89PNyaFfIulfdQvuxYmzGg7Oh-YpnOfnGjcnOC-nQcT3OSi1HQmBHAhcQIEC1dNyHeC9NzIcuPMq5KmgcLolVar.jpg
2025-06-07 19:41:17,418 - INFO - Mekan iþlendi: ULUBAT CASTLE HOTEL
2025-06-07 19:41:19,586 - INFO - Detay çekilen mekan: Aruna Hotel Ýstanbul
2025-06-07 19:41:20,753 - INFO - Fotoðraf indirildi: C:\Users\islim\OneDrive\Masaüstü\istanbul_trafik_analizi\backend\data\photos\AXQCQNRWuyg_u4qZutPTgFdJEA-wP5jBS_ZmBdNV0JGWj-ZywBAqDE8vt_PCs5oghfooqaf1KuFs3Nx8QLnlU-I6CZGsWuhX5KfY.jpg
2025-06-07 19:41:22,073 - INFO - Fotoðraf indirildi: C:\Users\islim\OneDrive\Masaüstü\istanbul_trafik_analizi\backend\data\photos\AXQCQNQrjkH636Ayct8GGipAutiPbDgH35bGVzZegnkLomA3wC4Gh2gEtN1teTVufeRpMFtpPaRl3Y0D5pwe0jZa9TFP3IAL-EBu.jpg
2025-06-07 19:41:23,465 - INFO - Fotoðraf indirildi: C:\Users\islim\OneDrive\Masaüstü\istanbul_trafik_analizi\backend\data\photos\AXQCQNS6JatGZvfqrobesNr3S8Ne3jgTlNr3uoSzWBqPlYg4ciJuJd5gEulSKlNk6kZLPMCs1LNJftVIJFSoAVvb0trzA-PEaFgj.jpg
2025-06-07 19:41:24,616 - INFO - Fotoðraf indirildi: C:\Users\islim\OneDrive\Masaüstü\istanbul_trafik_analizi\backend\data\photos\AXQCQNSES1dfdIBfvG9b_buQKRurBGVYJpFo1MtCJeqVYuho1-Ra7BMB4HQhKTaz_cV1FsMoKDjy69EcK0kUJW__HoUTw8ioz6I7.jpg
2025-06-07 19:41:25,980 - INFO - Fotoðraf indirildi: C:\Users\islim\OneDrive\Masaüstü\istanbul_trafik_analizi\backend\data\photos\AXQCQNTuf7y1XvjlGEteCs0PEl3w7hjbNvXufAACL4NDFrgvDNLGWspBY5hPYYA4RIWkJedeaQkzQ-Q87-DN35CkqpxEsSgJzKwH.jpg
2025-06-07 19:41:27,287 - INFO - Fotoðraf indirildi: C:\Users\islim\OneDrive\Masaüstü\istanbul_trafik_analizi\backend\data\photos\AXQCQNTihz3VgwZp1sUy0ZJmMKaBI2e5akxPrCQTIzPEqljTwcI8-ojTZJLgz_Y3r_KYcxhJeIK9XIrRdr1nRwEJ675W2gG2V9l-.jpg
2025-06-07 19:41:28,476 - INFO - Fotoðraf indirildi: C:\Users\islim\OneDrive\Masaüstü\istanbul_trafik_analizi\backend\data\photos\AXQCQNQuQqlEIbfidaJ9_hAMIzabsPC6ev-OOl1I59LoMlKzqMMZl_TlvbI3NV5vAIv_tkjVT9YMUcGk8vdwIMNJdVLcQs8f8pPJ.jpg
2025-06-07 19:41:29,988 - INFO - Fotoðraf indirildi: C:\Users\islim\OneDrive\Masaüstü\istanbul_trafik_analizi\backend\data\photos\AXQCQNT8JO5jB3D_gkn8U_VHKzK16KFotZgvz1_uNc_f7QW55tjuu8rtubity30TyIvGNTG-12sf_10rZ8Ty__Nxq0wEO_YXyApq.jpg
2025-06-07 19:41:32,220 - INFO - Fotoðraf indirildi: C:\Users\islim\OneDrive\Masaüstü\istanbul_trafik_analizi\backend\data\photos\AXQCQNQcGxLNo0GcWsaOu0_CfkqSY-9v3KI7mrp5lR9EzVzGhQ7Qmnb_3tiVREWiqLdjypfYMhU7O6Y67d0eccprd5jHap30Jjym.jpg
2025-06-07 19:41:34,019 - INFO - Fotoðraf indirildi: C:\Users\islim\OneDrive\Masaüstü\istanbul_trafik_analizi\backend\data\photos\AXQCQNS1r4F1izahT5PqPwI95piCDQ0hRG_vFclxyNzWAYFNQIBDxh0Fsy63iJ0Ndsg7PwjZhAL-qwGY04YMmZxTyY2DNWpPOWQ9.jpg
2025-06-07 19:41:34,024 - INFO - Mekan iþlendi: Aruna Hotel Ýstanbul
2025-06-07 19:41:36,172 - INFO - Detay çekilen mekan: Kavi Seaside Hotel
2025-06-07 19:41:37,289 - INFO - Fotoðraf indirildi: C:\Users\islim\OneDrive\Masaüstü\istanbul_trafik_analizi\backend\data\photos\AXQCQNTgYM-x9z1-Ihf7DnRFlWmB0idieZ0uS6dvJgqQmgUtsxFvn6_emxfp1rIe3hd42ydTs61hvFLcYRU47fKteo-DOWAg6t6I.jpg
2025-06-07 19:41:38,400 - INFO - Fotoðraf indirildi: C:\Users\islim\OneDrive\Masaüstü\istanbul_trafik_analizi\backend\data\photos\AXQCQNQ_Ax4LGyNXDqScasKB3i_KZxqF7_LOx6ZQaxqNxoYIVHuPUNGdptb6WeU_WunEMOcmn_7dKnrTrPnlM_PJTV1ijScy_xJi.jpg
2025-06-07 19:41:39,576 - INFO - Fotoðraf indirildi: C:\Users\islim\OneDrive\Masaüstü\istanbul_trafik_analizi\backend\data\photos\AXQCQNRJ-Oki8yzVeKsQxzuvtvRMEv74CZ8cyH76yCjrE1W2KteZT2VEYYGqRXt6R4cUH4fLgThidYOlRTYVHBl6qMo5QFE3BOkT.jpg
2025-06-07 19:41:40,727 - INFO - Fotoðraf indirildi: C:\Users\islim\OneDrive\Masaüstü\istanbul_trafik_analizi\backend\data\photos\AXQCQNSmdL4hzhrGKHqhHhuYbK5ACl6eMSh6B-4IXx82BVYvgUgbUVirvlGuyOpaqQpRiPiHLi_eqC538aCdza_Q7kcZUBB-qF7-.jpg
2025-06-07 19:41:41,681 - INFO - Fotoðraf indirildi: C:\Users\islim\OneDrive\Masaüstü\istanbul_trafik_analizi\backend\data\photos\AXQCQNQOntqk2mVNjmXHYdOBzYGBSqgDJd5VA_RgCr9pRHhCCDl8h_iVwTBQxTA3mHrL6g-af5luRFXsRdb5LpL5cJTCb0Zv-eOH.jpg
2025-06-07 19:41:42,872 - INFO - Fotoðraf indirildi: C:\Users\islim\OneDrive\Masaüstü\istanbul_trafik_analizi\backend\data\photos\AXQCQNS73bzq2_iRawzVO-bcypn_ErxfRoZy8XGgm4eoyXSS1kHQidW5Q6nWJ4g8w3-o-bk_EeJvZQzoGuHT4Yv17ObWhV2QLaPy.jpg
2025-06-07 19:41:44,180 - INFO - Fotoðraf indirildi: C:\Users\islim\OneDrive\Masaüstü\istanbul_trafik_analizi\backend\data\photos\AXQCQNQ0CbvDmiwU9djTX-tquHUKK5AxjU424b27fuuZxkB_CNdQJ7geU4OkcTFGdpE6chG55Duxf0d_uGZhoRWZr6Ba8hCB1_8R.jpg
2025-06-07 19:41:45,325 - INFO - Fotoðraf indirildi: C:\Users\islim\OneDrive\Masaüstü\istanbul_trafik_analizi\backend\data\photos\AXQCQNTj3iL84OefzdgIQMXdlGnxKYO6dZwvO8j8eejTFqx363ycgYi5SjSrS5UiaNUyeTuIe4ZnLU-v4gJOgZoA8p9_OO6pQwlK.jpg
2025-06-07 19:41:46,588 - INFO - Fotoðraf indirildi: C:\Users\islim\OneDrive\Masaüstü\istanbul_trafik_analizi\backend\data\photos\AXQCQNQvRVgK6paj1Imdhk6w5rwTahE2txqmo0j1PVJ5IcuulEfynaw-S32O2BQOCMuH0XJsJHkws8fRBmwQC6FfbzDu90lDnGH-.jpg
2025-06-07 19:41:47,599 - INFO - Fotoðraf indirildi: C:\Users\islim\OneDrive\Masaüstü\istanbul_trafik_analizi\backend\data\photos\AXQCQNSbc-b_9pAt3696Ufzzh8QhuT-CX_rY2CypjlrNWR3mG-1W9yf257jMBA0fmIZHnu93hYW8bNr5yHfU0mCq5obNn7YgMUo7.jpg
2025-06-07 19:41:47,602 - INFO - Mekan iþlendi: Kavi Seaside Hotel
2025-06-07 19:41:49,781 - INFO - Detay çekilen mekan: Blu Hotel Ýstanbul
2025-06-07 19:41:50,674 - INFO - Fotoðraf indirildi: C:\Users\islim\OneDrive\Masaüstü\istanbul_trafik_analizi\backend\data\photos\AXQCQNRwFUgwfme-wAjG6TJpw-qvKiE2N19KE6t-5-YuGBur6ZGL_jkEZLwAqPFFXep9tpb_CB6422Y3HDPNr0DwAHRG_yc6ZaF4.jpg
2025-06-07 19:41:51,612 - INFO - Fotoðraf indirildi: C:\Users\islim\OneDrive\Masaüstü\istanbul_trafik_analizi\backend\data\photos\AXQCQNR34U_6iEB5aEO3KSpVOXlV4ACwtyX6G-oJKkQafD2TJN8S6uemtMkhlrSYyODkxi6InbbtVeNuprn1K_ybLlQHBYNPRItH.jpg
2025-06-07 19:41:52,787 - INFO - Fotoðraf indirildi: C:\Users\islim\OneDrive\Masaüstü\istanbul_trafik_analizi\backend\data\photos\AXQCQNRLJls7A6E7t7sWL8x8UJ1DZqx75XIuUAjaX5_9KjgFjwbqgpHHBOpJ6R5UyeqyxQJTRHnI3DhCjuZiW8bpdutFbc1vClTd.jpg
2025-06-07 19:41:53,704 - INFO - Fotoðraf indirildi: C:\Users\islim\OneDrive\Masaüstü\istanbul_trafik_analizi\backend\data\photos\AXQCQNRzbUXHW4P0-mF2OlrFW70Pvennedrc9Dk7fNoNMLPes2ascfAiu_mdyocAZ6f6IzvzG7EmTsS6JK5Zy0QLTAVWqHAc6DBf.jpg
2025-06-07 19:41:54,659 - INFO - Fotoðraf indirildi: C:\Users\islim\OneDrive\Masaüstü\istanbul_trafik_analizi\backend\data\photos\AXQCQNTYdkzz-EVYsReMn6GXX4aVOR_dFWLIgypjhGtfAYZZ3DPxDgE_yFY6e4vu2JKJyjezfcCRkCoQSst49Fk8Xhz2QXJBdBt5.jpg
2025-06-07 19:41:55,645 - INFO - Fotoðraf indirildi: C:\Users\islim\OneDrive\Masaüstü\istanbul_trafik_analizi\backend\data\photos\AXQCQNTd_0PksLLIbZoEOisfZuRz7pLW9xfr83ZYWMq6_chj_jHrBDtcR7mX3qO1B2pRZmu9i8RzH44cI70XHzcJMDppnGLUhz-e.jpg
2025-06-07 19:41:56,877 - INFO - Fotoðraf indirildi: C:\Users\islim\OneDrive\Masaüstü\istanbul_trafik_analizi\backend\data\photos\AXQCQNRh8DxCQaeXAg-rpstf_tEndxcTBfOVk5ViirIfEjz0qnP5rf0M8BVc6ge69jkzkLl3xU4OARi8PJfELV_tTREm7fadHsx5.jpg
2025-06-07 19:41:57,776 - INFO - Fotoðraf indirildi: C:\Users\islim\OneDrive\Masaüstü\istanbul_trafik_analizi\backend\data\photos\AXQCQNSeEFIFl1aXYQZ8nvB65DmGxBjpWP79ZJMjLM_GhaYVQMB8Ga9Kbo2XPPZsIdkgdArh02HF9u_ygHpIIibULqE4c4E0hcU-.jpg
2025-06-07 19:41:59,010 - INFO - Fotoðraf indirildi: C:\Users\islim\OneDrive\Masaüstü\istanbul_trafik_analizi\backend\data\photos\AXQCQNQRVVXjM2fctDLbBzffBGYdF2ej01X424KT2GzjSQsm5lQymHbSwIbZB_w0JUzVVkbHaJmdXcIe0K-12F6Y-7xhTu1ioZUh.jpg
2025-06-07 19:42:00,106 - INFO - Fotoðraf indirildi: C:\Users\islim\OneDrive\Masaüstü\istanbul_trafik_analizi\backend\data\photos\AXQCQNTJkKnIt0eQJilTHm3f3eTuzLQF4tVmZtwNHQ_V1nGYVXASbK5wRHbePhr1qG2JAKdgdc_6cPMZqcZ2-WZ7KcC1C7Q02XyA.jpg
2025-06-07 19:42:00,106 - INFO - Mekan iþlendi: Blu Hotel Ýstanbul
2025-06-07 19:42:02,287 - INFO - Detay çekilen mekan: Cihangir Palace Hotel
2025-06-07 19:42:03,457 - INFO - Fotoðraf indirildi: C:\Users\islim\OneDrive\Masaüstü\istanbul_trafik_analizi\backend\data\photos\AXQCQNTfvy1_Yvyti39xfLYMV9NPqDqlAnVXFRLEkZcsKfOWSUrI50HVvht3K8OM9Rth2WRx38fstlQPI8meimFZFy57oTj279wC.jpg
2025-06-07 19:42:04,611 - INFO - Fotoðraf indirildi: C:\Users\islim\OneDrive\Masaüstü\istanbul_trafik_analizi\backend\data\photos\AXQCQNTJQmtNdAANaK7QInYAE3nv7ie54Q5SNP9Sm9Vt8F_sMGqTgRk1taoG2qjlkRp1GPDOHkjHoLie7twvCfy0nV_UVMmLiFaS.jpg
2025-06-07 19:42:05,964 - INFO - Fotoðraf indirildi: C:\Users\islim\OneDrive\Masaüstü\istanbul_trafik_analizi\backend\data\photos\AXQCQNQMaEx6Oz2TOrqruA3bzVz2OtjY5YMM1prrTQ_PtLwNoL3SCIs7sqhYde7FCYV_L9eUrjl6RckAtI2b8yqvZcwk8rIM9B4m.jpg
2025-06-07 19:42:06,946 - INFO - Fotoðraf indirildi: C:\Users\islim\OneDrive\Masaüstü\istanbul_trafik_analizi\backend\data\photos\AXQCQNT3FRvU7HWIbMCPzDLV1qgNHG3FUBd99Mjo_S3dJ-OkToPhPvPm2G6Fa7JVk0lBPVKO7hMbpG_-lsAzzY1RWTp4qTSodwi9.jpg
2025-06-07 19:42:08,145 - INFO - Fotoðraf indirildi: C:\Users\islim\OneDrive\Masaüstü\istanbul_trafik_analizi\backend\data\photos\AXQCQNSggHIHIw2BA5j7XFjDmXLUwtdpH35JVUtcp9qelkuibD6cjGMGxo4onNHm1a31PCLyKd6oLRw-2n0gkDXDQRmwCUpGtApk.jpg
2025-06-07 19:42:09,560 - INFO - Fotoðraf indirildi: C:\Users\islim\OneDrive\Masaüstü\istanbul_trafik_analizi\backend\data\photos\AXQCQNTaxkLvxlDoJLDuQ_dtr_8DuwAaoZFKx125RL-9spbCEPTV3IlRHsZtMW7VZNZKCnGRVeYB8fJAoLy7a2fbok4JBCgwnyxE.jpg
2025-06-07 19:42:10,947 - INFO - Fotoðraf indirildi: C:\Users\islim\OneDrive\Masaüstü\istanbul_trafik_analizi\backend\data\photos\AXQCQNSvkC77XNmQKLWcMOc2Xs4yc79LT0SJqzd9WIbnGVRIxcERMZujDW8Z9eY1Y3eo_CxgqA-Z85lYBy2jTdocKHYAnBH1e6HE.jpg
2025-06-07 19:42:12,121 - INFO - Fotoðraf indirildi: C:\Users\islim\OneDrive\Masaüstü\istanbul_trafik_analizi\backend\data\photos\AXQCQNSpydHX3A9eEgYrTFLZz6o-XHR1tCU4LchSQ71P6I8i6WOAxFBe_VOw2gO-V19yFMEm40HukeVoO-cemmpQ_3WubgNLIROq.jpg
2025-06-07 19:42:13,098 - INFO - Fotoðraf indirildi: C:\Users\islim\OneDrive\Masaüstü\istanbul_trafik_analizi\backend\data\photos\AXQCQNRQhTOilj8phoopyZvIKRtAsH30vEhmv-YsMgXzrCjTMusVv_RqaS1NJCURCUGt0bHHNHdHmvfra86JmkKYoGQxy77R8snn.jpg
2025-06-07 19:42:14,234 - INFO - Fotoðraf indirildi: C:\Users\islim\OneDrive\Masaüstü\istanbul_trafik_analizi\backend\data\photos\AXQCQNRq87uMrCcUv50GNBtK9NWqdTe-BaVJrxhRnjETNQ-xTOGnhGeycYTu5h82DwNWzJQZoN41Nz-8NRAXxiy3Ho3zdchCAt2Q.jpg
2025-06-07 19:42:14,236 - INFO - Mekan iþlendi: Cihangir Palace Hotel
2025-06-07 19:42:16,366 - INFO - Detay çekilen mekan: KOCAK PENSION OTEL
2025-06-07 19:42:17,286 - INFO - Fotoðraf indirildi: C:\Users\islim\OneDrive\Masaüstü\istanbul_trafik_analizi\backend\data\photos\AXQCQNTT2VSvHZcJW2oN9BA3zfX0hSObUsjvGEFVK5qstHnmdSOOcSyuTNN_25ZN5c2pv8dGBPLxWQfgHguaZjIvT6kplCK92eUH.jpg
2025-06-07 19:42:18,450 - INFO - Fotoðraf indirildi: C:\Users\islim\OneDrive\Masaüstü\istanbul_trafik_analizi\backend\data\photos\AXQCQNRE-w0P8cu35tRCBDIMv82DPn5d0kLUTmTefrSJRUk8E9R-YttwoVSdHvHGF7iGAFRQ7ALdsakh_Ht-Zj7LzBHZRYvM2qgY.jpg
2025-06-07 19:42:19,466 - INFO - Fotoðraf indirildi: C:\Users\islim\OneDrive\Masaüstü\istanbul_trafik_analizi\backend\data\photos\AXQCQNTUVP6fpRxWUyrr4eX81DmLIANjCowVN-GCxfCa8qc8sv5xB2hjJBbIoeeBBogn1MU_tnPBJFHBjfndl9R2kIwdjOoIDFf0.jpg
2025-06-07 19:42:21,084 - INFO - Fotoðraf indirildi: C:\Users\islim\OneDrive\Masaüstü\istanbul_trafik_analizi\backend\data\photos\AXQCQNTSJcARUHldX38ls7xE9-xwQzY_IFNvZZMJrsXLz-PZ_eR-81Ad1dO_4JXXgWHFsQ6Qm94ptpgXDLbk22-6iizZOyO_GiNP.jpg
2025-06-07 19:42:22,182 - INFO - Fotoðraf indirildi: C:\Users\islim\OneDrive\Masaüstü\istanbul_trafik_analizi\backend\data\photos\AXQCQNTQna3EdVRql0sA6UjVik6MPkgloSLeVTNzkzBMuTa4pJGclZsPx9wCwCDuO2Ruw0FZCGUORy-9y6lTa7LBr7SS4hibh16K.jpg
2025-06-07 19:42:23,016 - INFO - Fotoðraf indirildi: C:\Users\islim\OneDrive\Masaüstü\istanbul_trafik_analizi\backend\data\photos\AXQCQNTaIeO8gXZHI8-CqG7_-4R8MQN67Njugq6gpSzhxtOjhB9z5DTqvF9yp4brF4EDvc4vx64jR8viaCOKSnM2jb8pZ8MEur_T.jpg
2025-06-07 19:42:24,042 - INFO - Fotoðraf indirildi: C:\Users\islim\OneDrive\Masaüstü\istanbul_trafik_analizi\backend\data\photos\AXQCQNRbrSLONSntA8W0tpGw83hTLwDyO36WHryHdd1wq6pqGqFrGQJWK1WG5lHa4g6VFhbCtFdGmPRmeBCgCD7vAn8o24WwphPG.jpg
2025-06-07 19:42:25,262 - INFO - Fotoðraf indirildi: C:\Users\islim\OneDrive\Masaüstü\istanbul_trafik_analizi\backend\data\photos\AXQCQNQDmKqCbvWavhISdcabeiRf5-pu1AwXBVivsyqM156oXxywP1z-K5ID_tZ_ilN-fNlcO1NS9JgoV1IlUANQHhk2PYrzW4g8.jpg
2025-06-07 19:42:26,189 - INFO - Fotoðraf indirildi: C:\Users\islim\OneDrive\Masaüstü\istanbul_trafik_analizi\backend\data\photos\AXQCQNQc3jGxULANneGmbbDme0_kUDmcbxmnCZZ1Yuh6m1fnrK2h5mUSzkY7-J3DEAmQzirmF92pUDRQnh_2oA-e8Edk4W7acQ92.jpg
2025-06-07 19:42:27,291 - INFO - Fotoðraf indirildi: C:\Users\islim\OneDrive\Masaüstü\istanbul_trafik_analizi\backend\data\photos\AXQCQNScytpHOSsIxHc6pyNOjAd4_ZW7nZwljSm30FxZEjDAve1rs5l-HGtDOgKCvHcbCyt99y-VazrQcrurDkdsj_d_nTdiPNRn.jpg
2025-06-07 19:42:27,291 - INFO - Mekan iþlendi: KOCAK PENSION OTEL
2025-06-07 19:42:29,456 - INFO - Detay çekilen mekan: Sultanahmet Nu Hotel
2025-06-07 19:42:30,468 - INFO - Fotoðraf indirildi: C:\Users\islim\OneDrive\Masaüstü\istanbul_trafik_analizi\backend\data\photos\AXQCQNRgv4Wh1ra_SizzG_4A62mOqwrD0icLv1W54b1DVYw3kcbHj3QRggk_K7emlq-9aykJATenEfT-CbmnC9yQtZk6gi6XjKqO.jpg
2025-06-07 19:42:31,869 - INFO - Fotoðraf indirildi: C:\Users\islim\OneDrive\Masaüstü\istanbul_trafik_analizi\backend\data\photos\AXQCQNS_KHuR1Xjp9wJFXNHULDvjcWLSrIHbHq0AdDTDkTwDdLAe_qjoVGLqfZSRqVfIlTOJvbPFyfH8cE47zkkOXKVhgOs0v2wo.jpg
2025-06-07 19:42:32,867 - INFO - Fotoðraf indirildi: C:\Users\islim\OneDrive\Masaüstü\istanbul_trafik_analizi\backend\data\photos\AXQCQNRjR0oOLJadXM1DvbYZmH44Es6N-1qMsfzUgiXKi-VuuzEjTSC6t-NOMSPBFFZvi_AhIxb1wWaNxZaFC6LV1U54ENDM7gWE.jpg
2025-06-07 19:42:34,158 - INFO - Fotoðraf indirildi: C:\Users\islim\OneDrive\Masaüstü\istanbul_trafik_analizi\backend\data\photos\AXQCQNSf-ReVp5x8Fd8_mc8akKI6a4Y72nA3T_EtPBREnkVO6UpEqqlwNiF3qBMp9DPnthd6tc_PehoSOejQTs7RjuZSNuxMvyPz.jpg
2025-06-07 19:42:35,346 - INFO - Fotoðraf indirildi: C:\Users\islim\OneDrive\Masaüstü\istanbul_trafik_analizi\backend\data\photos\AXQCQNQnValpZF4_kZjH-dYBvWUczJlP05yHFrDVVdd2Ro2OQ05MSsVDfsZM3pSFBQUNbkfWhEqf-PZbFX9U6Wlh1u7biefLhc9T.jpg
2025-06-07 19:42:36,354 - INFO - Fotoðraf indirildi: C:\Users\islim\OneDrive\Masaüstü\istanbul_trafik_analizi\backend\data\photos\AXQCQNRJ7Vz-6btORMvExkIvE7Ei9XaSlQl-JoRxifI1Y5ZxLx1kCUfdAB0ng_SKPLk5HI2UqBOPZAybbQ-d-SBA9xdvfqWp36x_.jpg
2025-06-07 19:42:37,513 - INFO - Fotoðraf indirildi: C:\Users\islim\OneDrive\Masaüstü\istanbul_trafik_analizi\backend\data\photos\AXQCQNQsASktxo70zuMZe70tJ9t26jtC3VmY1OZM-RXl4x0Bp50hZG8VOYDAGDD4cyeXwFueivaCy7ShinEsLG2HI4gvj-jEGBjp.jpg
2025-06-07 19:42:38,708 - INFO - Fotoðraf indirildi: C:\Users\islim\OneDrive\Masaüstü\istanbul_trafik_analizi\backend\data\photos\AXQCQNQr9TIacvJA7Pk2K0xwBV8y75E6b_Uz3kx-V5VXaYIMqE56fBxizvLvayYJ3JXgox-bUuJ3YLJa9LGUe7n_I-aGtzRdt-tY.jpg
2025-06-07 19:42:39,863 - INFO - Fotoðraf indirildi: C:\Users\islim\OneDrive\Masaüstü\istanbul_trafik_analizi\backend\data\photos\AXQCQNRs331Z9n1UgnNICL5QGNuak71aEH6-4llsenfHSFTaAoJCSX5NNqFTQEt_sIwzSQZ67lnhP4GxmEObsqqHYoSkZEVHm2F4.jpg
2025-06-07 19:42:40,881 - INFO - Fotoðraf indirildi: C:\Users\islim\OneDrive\Masaüstü\istanbul_trafik_analizi\backend\data\photos\AXQCQNRvciXWw6-yjCZohFuRv_EgDlv3kS-7nG-N8fdYQ0sGOQJZEXe5fxAfR1ibsA_xl04lDkMXj2jRLw8R1za7R_EGzsAF5eDW.jpg
2025-06-07 19:42:40,883 - INFO - Mekan iþlendi: Sultanahmet Nu Hotel
2025-06-07 19:42:43,049 - INFO - Detay çekilen mekan: ERCÝYES HOTEL
2025-06-07 19:42:44,182 - INFO - Fotoðraf indirildi: C:\Users\islim\OneDrive\Masaüstü\istanbul_trafik_analizi\backend\data\photos\AXQCQNTTb08b5IdDo82NQlkdwpvabPGdgTrr5uE0BhYKFNchz2YzdahHdkgt9CZLeAmMq7JlnDPtsfjMq0-2lMQh9NdhaqabMuya.jpg
2025-06-07 19:42:45,165 - INFO - Fotoðraf indirildi: C:\Users\islim\OneDrive\Masaüstü\istanbul_trafik_analizi\backend\data\photos\AXQCQNRFnsd7e9O0BBPb-D8lykJWr7LrJzxOSiG4v9lUNoSyFiSLHzDQFQHut4WUkVYaLbb6eYmTD7DO4Gy72q_rmV1rb8qRaQYx.jpg
2025-06-07 19:42:46,356 - INFO - Fotoðraf indirildi: C:\Users\islim\OneDrive\Masaüstü\istanbul_trafik_analizi\backend\data\photos\AXQCQNRzJae_NXvaL5TIOHp1PAaJYskiLqYXJg7kClUkSkxpwpfy31ZMMwDkOc9vqH4SwnqzkrxzhZrqZ3oV5nBznI3LWP97L3Ly.jpg
2025-06-07 19:42:47,401 - INFO - Fotoðraf indirildi: C:\Users\islim\OneDrive\Masaüstü\istanbul_trafik_analizi\backend\data\photos\AXQCQNTlojHIi6ZnS9jh8EqvfG_iJ0n7cBFbWor4vqtJKzRTrsKaR0Mkaz82j-GrIrwSdIqt2ZEtXrVeGeP2-0_CcKN_n_71sa2a.jpg
2025-06-07 19:42:48,584 - INFO - Fotoðraf indirildi: C:\Users\islim\OneDrive\Masaüstü\istanbul_trafik_analizi\backend\data\photos\AXQCQNS51Xwec9Frmt_qoo-x3YRSqosgvgBDLdlx0W5zK-CET1Dm5DCKpm8-DAlVlAVwKcfGb1D2t7jz6Wt7T62EeJUnJOLv1K-_.jpg
2025-06-07 19:42:49,684 - INFO - Fotoðraf indirildi: C:\Users\islim\OneDrive\Masaüstü\istanbul_trafik_analizi\backend\data\photos\AXQCQNQRAByGOD39oymmmQGEJd_D6l_olbf8LIJT8LGFLePNDVcW4wV8zEwlI-5TTlpd75GHybnRfyDQFoIU3ClNw88YNQMdnBeQ.jpg
2025-06-07 19:42:50,689 - INFO - Fotoðraf indirildi: C:\Users\islim\OneDrive\Masaüstü\istanbul_trafik_analizi\backend\data\photos\AXQCQNSZpkbSVn-QglNMYFERWSE2vE1aAPpwoFVO3VaoR0Nx4QgYWlMWJSSrZVHYmYRbvEX48PEN_2i68D2OYn7WmLpL8GiLGoZe.jpg
2025-06-07 19:42:51,757 - INFO - Fotoðraf indirildi: C:\Users\islim\OneDrive\Masaüstü\istanbul_trafik_analizi\backend\data\photos\AXQCQNQqzHaldHEyDFk0zQ-gT7UXJJ6SW69RK7iZgBXJI_0GOpU1l8Rgmsk7Gdb-wsdgRCxv1MxOZFXlOlncgEu8oYHY7vuV3ye5.jpg
2025-06-07 19:42:52,820 - INFO - Fotoðraf indirildi: C:\Users\islim\OneDrive\Masaüstü\istanbul_trafik_analizi\backend\data\photos\AXQCQNQH4XrGCf3_PT_grt1_I1OKzz1yI5PtFlsvVGZ8YLw-ZKIRAPzWfRLimBG2jRcrgJbHf790Zxlvu92Ni9lvA3yK0g4qKnM5.jpg
2025-06-07 19:42:53,953 - INFO - Fotoðraf indirildi: C:\Users\islim\OneDrive\Masaüstü\istanbul_trafik_analizi\backend\data\photos\AXQCQNSnlZWF_EUP3Yq7NzFDrtzIRmPgTlm4oxeW4UVcuTj5CR-uHg3FaMyXASg0g5ARmaIkslS3XiCh3g1p9v31vX0bR1loagqA.jpg
2025-06-07 19:42:53,959 - INFO - Mekan iþlendi: ERCÝYES HOTEL
2025-06-07 19:42:56,099 - INFO - Detay çekilen mekan: Istanbul Palace Hotel
2025-06-07 19:42:57,211 - INFO - Fotoðraf indirildi: C:\Users\islim\OneDrive\Masaüstü\istanbul_trafik_analizi\backend\data\photos\AXQCQNShU7fUv2BpzWc-clA0YKc8RSvNKs4gAWYqg3U0AHn4cIZ1sZkxJGOaeNVZGiRN00pm2U0icEE_SxG7uar_UI-pJIB_EKhS.jpg
2025-06-07 19:42:58,297 - INFO - Fotoðraf indirildi: C:\Users\islim\OneDrive\Masaüstü\istanbul_trafik_analizi\backend\data\photos\AXQCQNRIGWVqgu6LxYr7QF2UWFFdxYX2oQjvQP2bHUoVRfcy5NTUFpdY0msNm6iUj_WfoTaKv1lg72bzrf6dbPuebmKue23Wu18n.jpg
2025-06-07 19:42:59,286 - INFO - Fotoðraf indirildi: C:\Users\islim\OneDrive\Masaüstü\istanbul_trafik_analizi\backend\data\photos\AXQCQNQqP3n-KNToguj96Dq5420FmPXjsC8wQQTVmyV9aQHDa97ivVfCg098GgvTPo6Blh9cTSlt14y1oMpErwhijdc3W31ZVc6S.jpg
2025-06-07 19:43:00,186 - INFO - Fotoðraf indirildi: C:\Users\islim\OneDrive\Masaüstü\istanbul_trafik_analizi\backend\data\photos\AXQCQNTfNpO7XNDpSSKwC-9yyPUmdS-wtELZ3nql2Mv0ZWys-PqcShO5phUzVJ-_4A0nIpTM7LLA_IDdM4rwwDtUgRwrdz2UYb0q.jpg
2025-06-07 19:43:01,199 - INFO - Fotoðraf indirildi: C:\Users\islim\OneDrive\Masaüstü\istanbul_trafik_analizi\backend\data\photos\AXQCQNQPFmbJ_CcQPOSdaUwDM-UFiQALv5brLn0UMuPxareNdaxRWtKxTRuOisBmYsBbfjVQzTTDjtuqcwDX3ZARQlU2V-3rnwUB.jpg
2025-06-07 19:43:02,353 - INFO - Fotoðraf indirildi: C:\Users\islim\OneDrive\Masaüstü\istanbul_trafik_analizi\backend\data\photos\AXQCQNSGyRNSwQbooaRVoHPT-vswwOk55C_CquFdhCzx7KhyFkGZTYbfclmB_UNcnQnhYO9vxqNRJxAp-29Tefy7P0C4LrLel92_.jpg
2025-06-07 19:43:03,250 - INFO - Fotoðraf indirildi: C:\Users\islim\OneDrive\Masaüstü\istanbul_trafik_analizi\backend\data\photos\AXQCQNStLBjUlLBz_8vLaXBZyj29m1Cem6CFWCQzEe9sTnufsHUiv71TCBZT_WTUbFvJi5PVAdKvxkZS7N8YIA8Ji0oKWFPUnwNb.jpg
2025-06-07 19:43:04,611 - INFO - Fotoðraf indirildi: C:\Users\islim\OneDrive\Masaüstü\istanbul_trafik_analizi\backend\data\photos\AXQCQNRJzfklimfcEp6E91y48MJyT106rto_1mNNZNd0yqYkuUnqhBwOX-RXBygFCkpOX0ARxg_ptDhE6NYNZZDtZQsJqgargwzi.jpg
2025-06-07 19:43:05,626 - INFO - Fotoðraf indirildi: C:\Users\islim\OneDrive\Masaüstü\istanbul_trafik_analizi\backend\data\photos\AXQCQNRsvLU6ytmy7mY6d2GFont2ziByFd2s9J69Inb36EQyTSZQGSzvcWr_70Ncfak7P3TduVACnXboWc9urJj5_xMu9MW7lASq.jpg
2025-06-07 19:43:06,685 - INFO - Fotoðraf indirildi: C:\Users\islim\OneDrive\Masaüstü\istanbul_trafik_analizi\backend\data\photos\AXQCQNT3IX70QUCMRANKz4AYiNDLznJEfRwmQTkFtUurLvUSypohjv0dYAknAyBqc2RRNX2wetswwhMdDgsPXRv7mYNNAs9dHuY2.jpg
2025-06-07 19:43:06,689 - INFO - Mekan iþlendi: Istanbul Palace Hotel
2025-06-07 19:43:08,826 - INFO - Detay çekilen mekan: Diyar Hotel
2025-06-07 19:43:09,824 - INFO - Fotoðraf indirildi: C:\Users\islim\OneDrive\Masaüstü\istanbul_trafik_analizi\backend\data\photos\AXQCQNT4cqBmJ86_UB-uKUejCYTYYj5PSLH2lWMp4H0T1I1hWNUEiiStZiSCADL1CatIzW4IS1Az8QLlHBBabIfa8-OmbxPyozFA.jpg
2025-06-07 19:43:10,919 - INFO - Fotoðraf indirildi: C:\Users\islim\OneDrive\Masaüstü\istanbul_trafik_analizi\backend\data\photos\AXQCQNSiZJmRSCDM8_TgW3QKWv1kVJNCriunJ8KWanGpn_h7up38uHbm_3RSmx123qqGtsWyP6eszn5W0Q4l_bsusqSWdENhQ-Va.jpg
2025-06-07 19:43:12,043 - INFO - Fotoðraf indirildi: C:\Users\islim\OneDrive\Masaüstü\istanbul_trafik_analizi\backend\data\photos\AXQCQNSzD2LVrYTJa-X4WUl38Wtz-Q0jubzE-r-lvaOmvY8DbLYmJTlbpbrKmnq7VCbgi9uDQx4qe4YzKMvpSY7LozXLjKMam-TO.jpg
2025-06-07 19:43:13,136 - INFO - Fotoðraf indirildi: C:\Users\islim\OneDrive\Masaüstü\istanbul_trafik_analizi\backend\data\photos\AXQCQNS4lWCxEDgBG4dzIT3P7ktFRGCHSZMK_YkLAOnJE4Zc--Ryp9Q7WF5_LE8FdyqElYLxXP9ESK6mrZ2svCkZj4L_WQdI35T8.jpg
2025-06-07 19:43:14,069 - INFO - Fotoðraf indirildi: C:\Users\islim\OneDrive\Masaüstü\istanbul_trafik_analizi\backend\data\photos\AXQCQNTTvQPvRuLD1E9PVikQ9yLNSIJlwWIoOCZao5_c69_uKhYBIzlrTaSghwyW6rS2CJk0t0Nx-aASX-JJQbCRSX8AB8ZYH1sA.jpg
2025-06-07 19:43:15,047 - INFO - Fotoðraf indirildi: C:\Users\islim\OneDrive\Masaüstü\istanbul_trafik_analizi\backend\data\photos\AXQCQNQ4wR5WmQHCSgUk4OAZnQD7DYT74e_aJ06x74FDggEjk5yZnvobyUOThJPgAjvza-pSmLrV875iXhOQZ7L1_xDkxaIJSwOJ.jpg
2025-06-07 19:43:16,030 - INFO - Fotoðraf indirildi: C:\Users\islim\OneDrive\Masaüstü\istanbul_trafik_analizi\backend\data\photos\AXQCQNQGWJwB6WAZ__G8UaijDJ9jzQI4sAChdfPZhe-chsQyUgeRFlIo16SpI2Y6uzCPIUticMR5D2blMge8yScfWTlRnJu28nsw.jpg
2025-06-07 19:43:17,289 - INFO - Fotoðraf indirildi: C:\Users\islim\OneDrive\Masaüstü\istanbul_trafik_analizi\backend\data\photos\AXQCQNSRkCbtiEpwY-d62YAPXmBRFUY0x3h70X2diNfjZtQZB8tqBKzwI4va_hcXIHHBsVN--ZnDzHd5yyyVu3HUm9FMTphUiv6h.jpg
2025-06-07 19:43:18,798 - INFO - Fotoðraf indirildi: C:\Users\islim\OneDrive\Masaüstü\istanbul_trafik_analizi\backend\data\photos\AXQCQNTU7Kq-oePQuxqG5KMZK8LESYhtqLm_hq8uTbnaByFfUhfWdmUYbnKmXD6EcRe51whoYh8zbMTkrVGwLq9UXr_RgLfzIZir.jpg
2025-06-07 19:43:20,116 - INFO - Fotoðraf indirildi: C:\Users\islim\OneDrive\Masaüstü\istanbul_trafik_analizi\backend\data\photos\AXQCQNTYsDM5UC2_tS_4BXDULVFPTXgmfgDvraPmhrqYISSRoiaUps3o3WG0BN6s_4Q_zM_rldAd_a8fbK2F5KF7Nb0F6rV37hiX.jpg
2025-06-07 19:43:20,126 - INFO - Mekan iþlendi: Diyar Hotel
2025-06-07 19:43:22,269 - INFO - Detay çekilen mekan: Magnificent Hotel
2025-06-07 19:43:23,395 - INFO - Fotoðraf indirildi: C:\Users\islim\OneDrive\Masaüstü\istanbul_trafik_analizi\backend\data\photos\AXQCQNTpwcN765UXum0dBJVKvIWH1zYLhI8LKg8lukY63TPAsG6aWoEFrRvCwzrAaG2b9yFHR2CpDlJMHx5u4u1mHScf3PG-m-OS.jpg
2025-06-07 19:43:25,519 - INFO - Fotoðraf indirildi: C:\Users\islim\OneDrive\Masaüstü\istanbul_trafik_analizi\backend\data\photos\AXQCQNSa2ilp89WUUL2mLhIDPsF-azswd6ZYLuzMZenRWTUQ8aSio_NMjU21AFa63zqVW4FtDCMgj2Mn8DfGZLbf3wNbo0yVTCd8.jpg
2025-06-07 19:43:26,775 - INFO - Fotoðraf indirildi: C:\Users\islim\OneDrive\Masaüstü\istanbul_trafik_analizi\backend\data\photos\AXQCQNQieuP_IyHE3coGC3yL0z3PW8Xa2CHN0aU2YFKzAW_7zdfduznt-ZR_zZiAJ2OFkMtfC3gTF5N6F0FyQuYktTivjyWiHF9K.jpg
2025-06-07 19:43:28,067 - INFO - Fotoðraf indirildi: C:\Users\islim\OneDrive\Masaüstü\istanbul_trafik_analizi\backend\data\photos\AXQCQNRsbGlV4JcPqq5jqPtREQMwM9KG5nTnKojMxfeczGM2e67LeX6XGm4j-q5M19zC6sNxAN9Wr3-P9d7SZUdrx5IS36B8AHDE.jpg
2025-06-07 19:43:29,022 - INFO - Fotoðraf indirildi: C:\Users\islim\OneDrive\Masaüstü\istanbul_trafik_analizi\backend\data\photos\AXQCQNTiK1kY7AMyQ0vdsmtbZ1D54wk22rnLgJe7zmtJ63wu2ZstFOhKxBW60cIDfi0YI-z3hqzycGrjnGjziy3zhajEhyQb_xAG.jpg
2025-06-07 19:43:30,206 - INFO - Fotoðraf indirildi: C:\Users\islim\OneDrive\Masaüstü\istanbul_trafik_analizi\backend\data\photos\AXQCQNReLx5UVsvfS7yaHZNHA6SyvnfKqSmgqUAtwzn8HgtLZ4I_IHAn_nhRdBgdiDjbkyBb0Lzh5YNHDE-MTBbP2_kJJPZK9qyf.jpg
2025-06-07 19:43:31,454 - INFO - Fotoðraf indirildi: C:\Users\islim\OneDrive\Masaüstü\istanbul_trafik_analizi\backend\data\photos\AXQCQNR9cPjpYvoC7FhDGK9q1eB3o_JNivfWdg8IN_HShyy9ckqqXuOzGgKfzgKyULQwMPnLzNkFMF14dvKNGL4SxvzCvEMfgX7X.jpg
2025-06-07 19:43:32,547 - INFO - Fotoðraf indirildi: C:\Users\islim\OneDrive\Masaüstü\istanbul_trafik_analizi\backend\data\photos\AXQCQNTiJlKbu7sbZIUBbMNSHQM0uugEZx9p9n8dh43ugtPUxY96inXEu-dBWD-0Rr0bBbz-I65bGYaoS1plpVqflYbehZnE3krB.jpg
2025-06-07 19:43:33,498 - INFO - Fotoðraf indirildi: C:\Users\islim\OneDrive\Masaüstü\istanbul_trafik_analizi\backend\data\photos\AXQCQNRyo0y6tc6fw-5WRDkBhdI1U6O-Ydppl82DhD5Z8mM0J9g8jESG6IIntjAynb_BunPpk4_5nqeagSSuBV9YPghDi9tYZwwG.jpg
2025-06-07 19:43:34,687 - INFO - Fotoðraf indirildi: C:\Users\islim\OneDrive\Masaüstü\istanbul_trafik_analizi\backend\data\photos\AXQCQNTMRrGXCMqOTk0UiKi4JCsrkOD4fwYIbJVteRFkPU1spVHAntEjB7jsN-Hu4yGbga4nXpuR4JTpFpEEgi4feyXeg0tYTH8_.jpg
2025-06-07 19:43:34,691 - INFO - Mekan iþlendi: Magnificent Hotel
2025-06-07 19:43:36,894 - INFO - Detay çekilen mekan: THE LÝMA SUÝTES KADIKÖY
2025-06-07 19:43:37,914 - INFO - Fotoðraf indirildi: C:\Users\islim\OneDrive\Masaüstü\istanbul_trafik_analizi\backend\data\photos\AXQCQNS8InG5mr8ZPyj55d-BO04RMY0Yiyzmw393mCy-duyh7uO3HIBotU3GP5WTEgbxivyANydI1OUUWuP_aUD0DDtOLSdOBsBJ.jpg
2025-06-07 19:43:39,194 - INFO - Fotoðraf indirildi: C:\Users\islim\OneDrive\Masaüstü\istanbul_trafik_analizi\backend\data\photos\AXQCQNQjaMD5UsalEPErrJcYLsIs2WnhX_FAD5nOJyCTOt4nvAn8X0EDCGtQzUGXwHZpFHEGvtkz9mKFEa0cSfL0w9YpeaX5DZJ-.jpg
2025-06-07 19:43:40,315 - INFO - Fotoðraf indirildi: C:\Users\islim\OneDrive\Masaüstü\istanbul_trafik_analizi\backend\data\photos\AXQCQNRfCI1QzGD12pSIVcMcFzzTCPH9yIGhKManHAUPk9wKvNdo5m-BN0u-DKgtDDPr91jdpAZ5UoVkyhP6e84OBRN0stmG92yO.jpg
2025-06-07 19:43:41,254 - INFO - Fotoðraf indirildi: C:\Users\islim\OneDrive\Masaüstü\istanbul_trafik_analizi\backend\data\photos\AXQCQNRWMTNn8lqOj8FZ_MtUmEvlITTILKVwKzOHqfbHJQzUCiqgQ6evrBe01dGDYNC-xz3c8XZEn_ux_TNU-mqpO3Xj1tw-1Jmz.jpg
2025-06-07 19:43:42,501 - INFO - Fotoðraf indirildi: C:\Users\islim\OneDrive\Masaüstü\istanbul_trafik_analizi\backend\data\photos\AXQCQNQBMmPqlug3VRWFbozzEAwa-_d6qEBLva8_sTL1qY4ys2PS27PencCJhO-9RY8Kvf8BTUar9ESE-46ZlCfcqsXVlz5i5dOh.jpg
2025-06-07 19:43:43,617 - INFO - Fotoðraf indirildi: C:\Users\islim\OneDrive\Masaüstü\istanbul_trafik_analizi\backend\data\photos\AXQCQNT08uDRd-5xLIXRcA-jL6rjqgiE2IFt-duCFG0xrSS0x8l_T5jADNcfoLc3bScImxU74tW8EGNtoyo1LfDyEauI2q53fAoK.jpg
2025-06-07 19:43:44,797 - INFO - Fotoðraf indirildi: C:\Users\islim\OneDrive\Masaüstü\istanbul_trafik_analizi\backend\data\photos\AXQCQNQvDov0Ma3Bi477x7cRCzX9Bv3ID9JW2mxoK1pCoY13uA-WAstb-ifAihSRMqm438nVBjYG8T-5zsKij8E7aRJixhAH3XJ2.jpg
2025-06-07 19:43:45,728 - INFO - Fotoðraf indirildi: C:\Users\islim\OneDrive\Masaüstü\istanbul_trafik_analizi\backend\data\photos\AXQCQNQHFrAU4xNpBEtWaWvZHYGno5UcaJ-K6VPu9RLixmq-pCoyi6WTtgzHZy7zLMsAzi2kJGaSnSO0JIpbSXng5ZS_BhK4f-O8.jpg
2025-06-07 19:43:46,825 - INFO - Fotoðraf indirildi: C:\Users\islim\OneDrive\Masaüstü\istanbul_trafik_analizi\backend\data\photos\AXQCQNQFiHN27YyVXCDnLSF-KBrED3kkrXnWvgxNKmC2oBnVVuKa7xO7q1_4-xo0vT5LXyd5ovdNkvDuhdC4w09b17Wdm4Do9N5-.jpg
2025-06-07 19:43:47,786 - INFO - Fotoðraf indirildi: C:\Users\islim\OneDrive\Masaüstü\istanbul_trafik_analizi\backend\data\photos\AXQCQNRim7JmYjUTJy3WlkindT1aEVH7PMQIqdSjNgFNYYQEqCzN577n9XJuukmC71aqcOCqnr-ExoU3lafvoa3sg1JS37wE7hRq.jpg
2025-06-07 19:43:47,786 - INFO - Mekan iþlendi: THE LÝMA SUÝTES KADIKÖY
2025-06-07 19:43:49,952 - INFO - Detay çekilen mekan: Stay Inn Taksim Hostel
2025-06-07 19:43:50,828 - INFO - Fotoðraf indirildi: C:\Users\islim\OneDrive\Masaüstü\istanbul_trafik_analizi\backend\data\photos\AXQCQNTKpnbKJSgBCbVgpFFSBtkSKHIodFGA9acE9WMbxWniuRR9icdMQZM9uC6BD5i765fd7mfDMz0OSCpTk4eJCM-Otzzq9qQO.jpg
2025-06-07 19:43:52,017 - INFO - Fotoðraf indirildi: C:\Users\islim\OneDrive\Masaüstü\istanbul_trafik_analizi\backend\data\photos\AXQCQNRcsfc9kUNO9QKRGTMYuuR-i_a8lTnJAt5HBjFQs2Taj7607m--Dmvmn5c90mpFxChz1T1ZY8nG0W-sPb4zYP5X0GEAOdWg.jpg
2025-06-07 19:43:53,061 - INFO - Fotoðraf indirildi: C:\Users\islim\OneDrive\Masaüstü\istanbul_trafik_analizi\backend\data\photos\AXQCQNS5U7QtkBobrl2DoASREQufBTBo24V3mULFi_J3imo2UQSgQNMNyOjIpVeku78fJN0v0HroEXdfABA-rFh-0cpeuCrtOGd3.jpg
2025-06-07 19:43:54,336 - INFO - Fotoðraf indirildi: C:\Users\islim\OneDrive\Masaüstü\istanbul_trafik_analizi\backend\data\photos\AXQCQNQfJE7OzPykNu0NGeZqPvt_O5up4g3gYmXp7qV1jzMiaCCd1DePvFodbZx9BIuE0Kt6mXW-Eja7bMGp-9J3zzmhkdanSOXh.jpg
2025-06-07 19:43:55,954 - INFO - Fotoðraf indirildi: C:\Users\islim\OneDrive\Masaüstü\istanbul_trafik_analizi\backend\data\photos\AXQCQNQ4J8VhwbIDSS7qif8wagBjh_tK4WLXPLvPW_72enHyPSw3pz1EEBy0ANDsCA28CBg-4PUFzyYVa3pEyVseY2Bj5Ft3oxKL.jpg
2025-06-07 19:43:57,017 - INFO - Fotoðraf indirildi: C:\Users\islim\OneDrive\Masaüstü\istanbul_trafik_analizi\backend\data\photos\AXQCQNSb0yACuySRznknE9z8rdUxRzu6qgA0n7vZdA8gmtB5_ITEunI65o875NfUwbv8GYzl98t2rflkl73bDkwvDW9jYYNPbTPv.jpg
2025-06-07 19:43:58,295 - INFO - Fotoðraf indirildi: C:\Users\islim\OneDrive\Masaüstü\istanbul_trafik_analizi\backend\data\photos\AXQCQNSoZmjWa2qtN2uMud3BbTwYAzbH6tvBo-Iu7H_tVDszBh2p8mJdTWbitIMPORuzbwSdlxSEJ26eh5g_drvUqu6m7te7AlJU.jpg
2025-06-07 19:43:59,573 - INFO - Fotoðraf indirildi: C:\Users\islim\OneDrive\Masaüstü\istanbul_trafik_analizi\backend\data\photos\AXQCQNTOzpxreVARL1rmCWvrJ-y-7nCjKI3msYbCiSmfQ9JdhRRihv9PK3H53JocrrpFK4iEt2e9iece6nNlsSSVhG-RDASN3Mgt.jpg
2025-06-07 19:44:00,801 - INFO - Fotoðraf indirildi: C:\Users\islim\OneDrive\Masaüstü\istanbul_trafik_analizi\backend\data\photos\AXQCQNSItELOxXZqOWyOjNAUNkaOAVuQbmcEmoA3I1eKS4eqHDkfC6cLYAVqwh0AooAQu3xmw0mFKI7XpZhNQXOIWZ5ousNB0Piu.jpg
2025-06-07 19:44:02,031 - INFO - Fotoðraf indirildi: C:\Users\islim\OneDrive\Masaüstü\istanbul_trafik_analizi\backend\data\photos\AXQCQNQJVUluYNTz23FYMIiPGpzcpRfPs2yQeqFMX1ktHQ8fv3W8qXWHnMeLCG6qoti9jImFSzeVguO07gWLKR7WFijwLm_KjTMo.jpg
2025-06-07 19:44:02,031 - INFO - Mekan iþlendi: Stay Inn Taksim Hostel
2025-06-07 19:44:04,196 - INFO - Detay çekilen mekan: Pasaport Pier Ýstanbul
2025-06-07 19:44:05,319 - INFO - Fotoðraf indirildi: C:\Users\islim\OneDrive\Masaüstü\istanbul_trafik_analizi\backend\data\photos\AXQCQNTuKa3Li1NcktOk7AdnSAGMIEjJaVj65Qizlwt8Q6jtPlqguZJmwqBnaee1R05qBPCFhP2eQ2KN7WtTpDoY7HmFNwhWO6Na.jpg
2025-06-07 19:44:06,261 - INFO - Fotoðraf indirildi: C:\Users\islim\OneDrive\Masaüstü\istanbul_trafik_analizi\backend\data\photos\AXQCQNQi2UG1eVHrbleN9ECd6XfTbLwf_5g6VsXnzeb1jNpfNgGNISCyCOZnLFTgdzCxWL44dsc3xtqciXfQf6JnNZDx6Ip5aHjA.jpg
2025-06-07 19:44:07,338 - INFO - Fotoðraf indirildi: C:\Users\islim\OneDrive\Masaüstü\istanbul_trafik_analizi\backend\data\photos\AXQCQNT_28hnk9KWDZzMSNYcDrtly1wnSamYCh3vnJtXBnDGBRheTo_ByzOKsXojPQHQru81CgfO39ByAc_jzyMfG7SgetK4EHdX.jpg
2025-06-07 19:44:08,264 - INFO - Fotoðraf indirildi: C:\Users\islim\OneDrive\Masaüstü\istanbul_trafik_analizi\backend\data\photos\AXQCQNQz0-ymljWQoyqs1WnPfFLoWkUWB_Y47wARRrCE7z2sjNSdBgNx3EVD8-6p8K1rPJ4sBP-9TMLFIz-VP0PwQkcB0knPJFAi.jpg
2025-06-07 19:44:09,326 - INFO - Fotoðraf indirildi: C:\Users\islim\OneDrive\Masaüstü\istanbul_trafik_analizi\backend\data\photos\AXQCQNS3Zz-1869PKXdJsWJ2YskEYqOvJphHBCyAoUC2X2yeBj9ixsN5yFj9UxP-D5ApIQz7zFo855blDji7M6DR9I-_5T1_oLTZ.jpg
2025-06-07 19:44:10,259 - INFO - Fotoðraf indirildi: C:\Users\islim\OneDrive\Masaüstü\istanbul_trafik_analizi\backend\data\photos\AXQCQNRQIbgAuyOpMR32l_2gzHMOC8adG6VLZ00p9lTmrbnFR8rio6QMCbXKfNdDSJNqwrzqt6wN3s-EpMhrtNehZtR5oLaR_mVa.jpg
2025-06-07 19:44:11,406 - INFO - Fotoðraf indirildi: C:\Users\islim\OneDrive\Masaüstü\istanbul_trafik_analizi\backend\data\photos\AXQCQNQ7hQo30o790UuZibeXutMKkT5ofTjqiWxGPqNgGwMjL9rTo_Onwe7BQIe_l1l6GD0Sg1IzzoUsTEubrTCEJDGnOSYeICgu.jpg
2025-06-07 19:44:13,012 - INFO - Fotoðraf indirildi: C:\Users\islim\OneDrive\Masaüstü\istanbul_trafik_analizi\backend\data\photos\AXQCQNTjxiB1VfZuEV4AKZkCmKXWW3BEGG74nvDH49K1jjnu6jgCs-fVxvooNdC_KlOsFAxpxjdFcldWG9hTVezIWtCqb3TtNo6J.jpg
2025-06-07 19:44:14,601 - INFO - Fotoðraf indirildi: C:\Users\islim\OneDrive\Masaüstü\istanbul_trafik_analizi\backend\data\photos\AXQCQNSKmaQyz-cP4Vl5iJFHOm6EIJ6loJRsOG94XLtSP7znKwbV8KNZyD7_QXrp4cUcDofFoaoQU1vbKXxxbpdO7qmMBY1rbMQ2.jpg
2025-06-07 19:44:16,184 - INFO - Fotoðraf indirildi: C:\Users\islim\OneDrive\Masaüstü\istanbul_trafik_analizi\backend\data\photos\AXQCQNQL6GOva39pT95NTP4bj2vJEg5D8_YOd0gvgugZ5q4lmKJcdwRnX8fAhbeni1cxPKpZL55k36LgecaEnPjivgn1cgYBnAEE.jpg
2025-06-07 19:44:16,187 - INFO - Mekan iþlendi: Pasaport Pier Ýstanbul
2025-06-07 19:44:18,504 - INFO - Detay çekilen mekan: Mates Port Hotel
2025-06-07 19:44:20,025 - INFO - Fotoðraf indirildi: C:\Users\islim\OneDrive\Masaüstü\istanbul_trafik_analizi\backend\data\photos\AXQCQNSWXcPYdbB_wEfO3xp_SKK2QrKE53XQTyuqx0zQmSZbBKjBgfKChyiAfe5i_sK--hDuUIWY83MlxcA__akHARE9XIry63vQ.jpg
2025-06-07 19:44:21,083 - INFO - Fotoðraf indirildi: C:\Users\islim\OneDrive\Masaüstü\istanbul_trafik_analizi\backend\data\photos\AXQCQNRgu4waxrj_84js5iU8LBBThLbZ571g6LhUneRdao2axnjjennJXCAD04_0H3ODgqOHDu-uzjJ2TyvDkRotRiWxRRrPK_CG.jpg
2025-06-07 19:44:22,387 - INFO - Fotoðraf indirildi: C:\Users\islim\OneDrive\Masaüstü\istanbul_trafik_analizi\backend\data\photos\AXQCQNQH4OnJ7bWpJHFQGr2KQZXtNDjzObGNaIjbVYchyxyEftCwla2STud1IqRaoAKRJA9ylKLRuJrb4hkEBVSWXvY-eje-qIMO.jpg
2025-06-07 19:44:23,687 - INFO - Fotoðraf indirildi: C:\Users\islim\OneDrive\Masaüstü\istanbul_trafik_analizi\backend\data\photos\AXQCQNTLaFGP7UK-JUPvK8llMLtZDmvWPhhFnX3_faLNWGGKekfFFtxF9LTxRlEponlE5eAr0ndhtTAmCR3GHvWD4yibLUwsuEbr.jpg
2025-06-07 19:44:24,868 - INFO - Fotoðraf indirildi: C:\Users\islim\OneDrive\Masaüstü\istanbul_trafik_analizi\backend\data\photos\AXQCQNTcyqbkmYMMLwwPv_bocFN1LYP4qwivjyi3KNlRPulhHdldVFXQsUVo6wiUZKcIBf8ak7VwjvfTjvRx_veZ71_NvwZ0BEd0.jpg
2025-06-07 19:44:26,281 - INFO - Fotoðraf indirildi: C:\Users\islim\OneDrive\Masaüstü\istanbul_trafik_analizi\backend\data\photos\AXQCQNTHfqM_D18iGfp25e97lVF0jf5NtZEHqvKjYvyslci2P1iL_KQpRDTRAJZErVnyQ1S2EacTzNVuFgyqFhYNuMnyOizYcFKn.jpg
2025-06-07 19:44:27,549 - INFO - Fotoðraf indirildi: C:\Users\islim\OneDrive\Masaüstü\istanbul_trafik_analizi\backend\data\photos\AXQCQNQdlNEstqeeYKOzvf9XiTq5T-KZ7SlySUfBjwE-ZZ2MTFGtvULweJIWAzqydhkB_A1D-S_5D0D3Kbd4K47DPoicUUGd7uEr.jpg
2025-06-07 19:44:28,917 - INFO - Fotoðraf indirildi: C:\Users\islim\OneDrive\Masaüstü\istanbul_trafik_analizi\backend\data\photos\AXQCQNQ97xxqegKDqJMyXOrHjJuwXYS8DAFcFymDmRgvgm2zOmtwgQfL8g4FQW_OUdmZdeu3bG9mIFL6d8_ctRW58Pwc8aaBpAhQ.jpg
2025-06-07 19:44:30,187 - INFO - Fotoðraf indirildi: C:\Users\islim\OneDrive\Masaüstü\istanbul_trafik_analizi\backend\data\photos\AXQCQNSIzn6P8oZerkW4ggqwr5Hh6qy6bzSc7zW6-A3GDLUI2fhMu-Fy_M64ubGwmh1fv96nYVwPI_c5JN5gJ4MHWVwY-ZfJPz61.jpg
2025-06-07 19:44:31,549 - INFO - Fotoðraf indirildi: C:\Users\islim\OneDrive\Masaüstü\istanbul_trafik_analizi\backend\data\photos\AXQCQNR_V-YLXPGlITnFzwuIcZxQmx_TwR4mzKPvPAuMvQm5mBf19ccLByZ2XPUCww3v7m7Cjfe7L2SSzet5ndYxz-OVINzVrQf1.jpg
2025-06-07 19:44:31,555 - INFO - Mekan iþlendi: Mates Port Hotel
2025-06-07 19:44:33,713 - INFO - Detay çekilen mekan: Veni Vidi Dormi
2025-06-07 19:44:34,717 - INFO - Fotoðraf indirildi: C:\Users\islim\OneDrive\Masaüstü\istanbul_trafik_analizi\backend\data\photos\AXQCQNS9pIUcl1uCaOlNWNt2w9EF8Nn5bvWTUuHQl7Vbl45chI5LYP5y6ngjRKI-M2ksDTDfsIbrqwEsPF6xOXtX19bWKXpdACED.jpg
2025-06-07 19:44:35,723 - INFO - Fotoðraf indirildi: C:\Users\islim\OneDrive\Masaüstü\istanbul_trafik_analizi\backend\data\photos\AXQCQNRef5YM67ee-RS-PqNww2o4X6ewbxQE7MP0LkEXtiM5nApDiku5sV83cRmOL-k710KsY_KcNgNWrQjk0tVt7fCGtOmlDEG2.jpg
2025-06-07 19:44:36,772 - INFO - Fotoðraf indirildi: C:\Users\islim\OneDrive\Masaüstü\istanbul_trafik_analizi\backend\data\photos\AXQCQNT68LrMHTI6K_y83t3_TURK13IVjK8wc3dePMUeT54tfv6JT55bc6TL0SeFcypDH5puFDsP0ZIhRUmjWC1zg5hPJAarzkuR.jpg
2025-06-07 19:44:37,704 - INFO - Fotoðraf indirildi: C:\Users\islim\OneDrive\Masaüstü\istanbul_trafik_analizi\backend\data\photos\AXQCQNSWQpFj2nGs4rZFqpKnJftaGCbgqwUQ0VgIf6bFB726iTjLydePjvLUjofLg6K45FYB7LCKaBIxeCMFy37T5Lav7tbzGDZN.jpg
2025-06-07 19:44:38,732 - INFO - Fotoðraf indirildi: C:\Users\islim\OneDrive\Masaüstü\istanbul_trafik_analizi\backend\data\photos\AXQCQNQps8vsHgSYF1KVXDqQIpX1zfE0G9-N92VnDKJK47TSie46T_trKUhJFtU3C4De8rd1_y95T8yIw380gSsO5N46Gh1dTdfc.jpg
2025-06-07 19:44:39,895 - INFO - Fotoðraf indirildi: C:\Users\islim\OneDrive\Masaüstü\istanbul_trafik_analizi\backend\data\photos\AXQCQNTqKFY1ya0y6zPhTc2-Rqz72Jsw89OGqG7H5KEZ2KYPbR_mOXX0ola9y7_pYaMCbwQRKGeH0LAHmNggb1tylREKUxj62BMD.jpg
2025-06-07 19:44:41,085 - INFO - Fotoðraf indirildi: C:\Users\islim\OneDrive\Masaüstü\istanbul_trafik_analizi\backend\data\photos\AXQCQNR5iHKGhF2wd8AYxBRWnWgaJukrwr0NqLD3vuPSIrr3ectAS1bEy_iISzhx3Mi1keMUGeKpd9TF5MuKJyXOuopbj2Qj1NJt.jpg
2025-06-07 19:44:42,328 - INFO - Fotoðraf indirildi: C:\Users\islim\OneDrive\Masaüstü\istanbul_trafik_analizi\backend\data\photos\AXQCQNQcPhddG96jjxWZ908OPPT1qbewr8fBABUt50_UlgKrZ7Baubf0IaRDFgXWakns-l_IdQl4sYder-rGgqP1L2xp-l1AgdWI.jpg
2025-06-07 19:44:43,266 - INFO - Fotoðraf indirildi: C:\Users\islim\OneDrive\Masaüstü\istanbul_trafik_analizi\backend\data\photos\AXQCQNR_sNMKoCcRuO2Cr4gZI0-dersG0QUTWKH56rHWooShv_MF9X4BKgB4cmnF40epAMT7m78osqvvgC1fmmnb5_1Ax1mk2Wxz.jpg
2025-06-07 19:44:44,348 - INFO - Fotoðraf indirildi: C:\Users\islim\OneDrive\Masaüstü\istanbul_trafik_analizi\backend\data\photos\AXQCQNQk2pmwUyu0LM8_9ledIxQeRCSHnb71ARvMjR_fhMzSqLLBlG-bt58sX3zwbkM0DfP5KIT2e_vEKN0-Y8a5pTzt28XV-DjM.jpg
2025-06-07 19:44:44,352 - INFO - Mekan iþlendi: Veni Vidi Dormi
2025-06-07 19:44:46,492 - INFO - Detay çekilen mekan: BARBAROSSA HOTEL
2025-06-07 19:44:47,408 - INFO - Fotoðraf indirildi: C:\Users\islim\OneDrive\Masaüstü\istanbul_trafik_analizi\backend\data\photos\AXQCQNSIcMN5ATmYnFDikgUFcqIC5ZkSJ4a3xMeARGBTPWGAMADK2Mc1xsoJBemB-j9Q3WLJZwGUE4oYv-lcUDO9xBnEay41EEIV.jpg
2025-06-07 19:44:48,484 - INFO - Fotoðraf indirildi: C:\Users\islim\OneDrive\Masaüstü\istanbul_trafik_analizi\backend\data\photos\AXQCQNRk-P3NfhP7Z3q_3g-klLVxJc6GbGvM861XnQ72zI7dH4SxhZMa7s_MjLn75zG0CoRsztKTJ_jRpTT1KexNwoGx_rYVPZdY.jpg
2025-06-07 19:44:49,536 - INFO - Fotoðraf indirildi: C:\Users\islim\OneDrive\Masaüstü\istanbul_trafik_analizi\backend\data\photos\AXQCQNQ4G3kjpeBjNLgC3e-5df9HFYqtk-DrG5mO0ROQwWf4vPwlmHNGyi5AJ-4AArziOwh-ojw2FdBwubv1gi0_nUPR0JTdyGBy.jpg
2025-06-07 19:44:50,665 - INFO - Fotoðraf indirildi: C:\Users\islim\OneDrive\Masaüstü\istanbul_trafik_analizi\backend\data\photos\AXQCQNRGSADv7pau_6um2-6-H0Si1f760PAiCaiR7Bkqxo0VoKpbd_cHDqKgnHOl3xg_RSATiXIEG5JQz2vfPSmbKZ6dJqh-eNY0.jpg
2025-06-07 19:44:51,814 - INFO - Fotoðraf indirildi: C:\Users\islim\OneDrive\Masaüstü\istanbul_trafik_analizi\backend\data\photos\AXQCQNTcrephAfT1g4_KGLbI7vqiZq2F9IImEg_8EI2bv1uFb5t4T3HW6YDmjKGE8J2MQtkSLirBIlgAv6IPNFFjVR5TjfOeeLBs.jpg
2025-06-07 19:44:53,027 - INFO - Fotoðraf indirildi: C:\Users\islim\OneDrive\Masaüstü\istanbul_trafik_analizi\backend\data\photos\AXQCQNT8IzFGapeMMxFlwupFaQB2Xn7dMmdFOOkK0GqlykEcg6Uh-X3AeSwF55t4TRNjqbMcoPTft_otyQIAJjAs-flZHSZxXcRW.jpg
2025-06-07 19:44:54,319 - INFO - Fotoðraf indirildi: C:\Users\islim\OneDrive\Masaüstü\istanbul_trafik_analizi\backend\data\photos\AXQCQNS97P--Z3kuGAyvA3uq6F6XSNnvL6jeSeY4gwZZiQS2qCracqItl0uIXYC68Vo9HPAD1qkEaXQQ6gW_5KPlf66OrPEQ5esI.jpg
2025-06-07 19:44:55,396 - INFO - Fotoðraf indirildi: C:\Users\islim\OneDrive\Masaüstü\istanbul_trafik_analizi\backend\data\photos\AXQCQNSt4TDyoqydAvaK1fZJFPdXXBeDdxgD4JLy96ADdaEPOxEZmD2sa4SYQsHVI_XDXtRsqFVryA9ikEm6WOmM4X8-TcZzHEdF.jpg
2025-06-07 19:44:56,267 - INFO - Fotoðraf indirildi: C:\Users\islim\OneDrive\Masaüstü\istanbul_trafik_analizi\backend\data\photos\AXQCQNQh2Ii8MJUvYd0-TVZ2zOQpetIx66oafooLdhNvn8WWxN60h8WVkxEaeycupJ6wR5vTB5reBRv_e0y1vcnvO2kgGXBjvBoY.jpg
2025-06-07 19:44:57,449 - INFO - Fotoðraf indirildi: C:\Users\islim\OneDrive\Masaüstü\istanbul_trafik_analizi\backend\data\photos\AXQCQNQwY8d-yhG_MDb61spgIkSQK_zN-z3j6dJFo-fd9B6hHdVaSE1bcseY5trCjl4_cRhW5ONssrXEYCBG6WLokqV1itI3eJ9D.jpg
2025-06-07 19:44:57,452 - INFO - Mekan iþlendi: BARBAROSSA HOTEL
2025-06-07 19:44:59,608 - INFO - Detay çekilen mekan: ErenleR HoTeL & HosTeL
2025-06-07 19:45:00,670 - INFO - Fotoðraf indirildi: C:\Users\islim\OneDrive\Masaüstü\istanbul_trafik_analizi\backend\data\photos\AXQCQNQiihBMp4Hv1QMPqzyAFzbm2KHB8iBN6gMAvR3eUoSSnpMF21AAhtA-LL6k-a7Gjn4gTpBGeOXvWS0yk4yDnC887kr6H8Rf.jpg
2025-06-07 19:45:01,669 - INFO - Fotoðraf indirildi: C:\Users\islim\OneDrive\Masaüstü\istanbul_trafik_analizi\backend\data\photos\AXQCQNQ5oUxg0iBT-v3_YZ7HKepHUNcdvkzi3yWCs-6KktK9f0De7nj5DVPpFRdYJThByo61i0NKFlWrnbZkV5XCW58JXbw2yaT5.jpg
2025-06-07 19:45:02,799 - INFO - Fotoðraf indirildi: C:\Users\islim\OneDrive\Masaüstü\istanbul_trafik_analizi\backend\data\photos\AXQCQNQoGLKNrjqh9QATMV-e8WFVbahfrZPDJ94CN7jJ_SApwj7c71De3PSNIgXRwyuBqz0gAGUIiPFTj4xAN5iWtS-NKkGXQaip.jpg
2025-06-07 19:45:04,062 - INFO - Fotoðraf indirildi: C:\Users\islim\OneDrive\Masaüstü\istanbul_trafik_analizi\backend\data\photos\AXQCQNRJzUvpCoELxcv7QOJXqs5hsghBGfYMYdUa0C1kI6A8qsZhOfyg1HjBxZyw10A5OFCC1_Bd5tiDwoVbRlquipxd6KLzIjvL.jpg
2025-06-07 19:45:05,210 - INFO - Fotoðraf indirildi: C:\Users\islim\OneDrive\Masaüstü\istanbul_trafik_analizi\backend\data\photos\AXQCQNSY6tl1JO0YojZiPe9g3EDku1TaUFoLpzxAmmcfr1kSc6XU5vi2s73lUZ9CSIv6fprRCTxRcSVAI2gQ8ztIEYvGCBjGKPC2.jpg
2025-06-07 19:45:06,339 - INFO - Fotoðraf indirildi: C:\Users\islim\OneDrive\Masaüstü\istanbul_trafik_analizi\backend\data\photos\AXQCQNQ29gVithReuyXS4N0WAmYDu5vJj3_a5_H5IM1KIThM3l-OFjUn_V9TiDYFcO1O02fRihvlNEkUPIY5aSiq7t_lQpqG7P0B.jpg
2025-06-07 19:45:07,586 - INFO - Fotoðraf indirildi: C:\Users\islim\OneDrive\Masaüstü\istanbul_trafik_analizi\backend\data\photos\AXQCQNSEw8WBXmSSMj5qi5yyZDwEW_64Z8gf7e1r2_esap43DjIi5yxG1tMeMEGaozQ9N6bQOnDWHv7YlxPAttNWPPuRdJZ548BQ.jpg
2025-06-07 19:45:08,699 - INFO - Fotoðraf indirildi: C:\Users\islim\OneDrive\Masaüstü\istanbul_trafik_analizi\backend\data\photos\AXQCQNSMjgqSg2WbCIctIbLDk_mW-KeXBQ1jwx8G6xNoOjIJNLUh7WNLbq6CQuUe0IN4ge_LcU5ngsiDh1dkOyytFjgGE8izeuBB.jpg
2025-06-07 19:45:09,746 - INFO - Fotoðraf indirildi: C:\Users\islim\OneDrive\Masaüstü\istanbul_trafik_analizi\backend\data\photos\AXQCQNQFMwhDkpKBuqHBEQVxXHQ5ogbDdrVdZ2gEo_aQ_jKmLskiC-L8leKmsRMMG_TM--5gmfbOvA5aBaB9omKxLLQDuLMaQI_P.jpg
2025-06-07 19:45:10,748 - INFO - Fotoðraf indirildi: C:\Users\islim\OneDrive\Masaüstü\istanbul_trafik_analizi\backend\data\photos\AXQCQNQC0wZyOw2RX7gat2hwJUCiqIUKjatTrwG85cYM8_Fm8plSLhO3P9U2iUAu7prao84VtAGCrKvH5VgBAlck9uvi1v1lBZPc.jpg
2025-06-07 19:45:10,750 - INFO - Mekan iþlendi: ErenleR HoTeL & HosTeL
2025-06-07 19:45:12,910 - INFO - Detay çekilen mekan: Sultanahmet Hotel Han
2025-06-07 19:45:14,034 - INFO - Fotoðraf indirildi: C:\Users\islim\OneDrive\Masaüstü\istanbul_trafik_analizi\backend\data\photos\AXQCQNQqFc1MnGmFaSvi0cIiMhEi6UL2GkLNwQpy4k2xOQbtq4KZO-sc_ALNuK6G3iNXa0ulAPc6QD9pYiCgRfwO62outDyn3V8_.jpg
2025-06-07 19:45:15,082 - INFO - Fotoðraf indirildi: C:\Users\islim\OneDrive\Masaüstü\istanbul_trafik_analizi\backend\data\photos\AXQCQNQ9jQWPxHMtqLYpQ6E64jwq8qrDn73MxHM5b_WFY95RK-p8rGw86ayfOLHHsDdbiUvJaYTaOwb9ICTkejWGI4L6GqDVy3QJ.jpg
2025-06-07 19:45:15,977 - INFO - Fotoðraf indirildi: C:\Users\islim\OneDrive\Masaüstü\istanbul_trafik_analizi\backend\data\photos\AXQCQNS062l-VZVtAHB8iOSiQ3WseB5OaATVw_VGM5Es9RhhbX7LmMuEcKs4lUEw5AhNuD9CDCKFfz5aqBCPLaCD0T_Hi6j8KGhO.jpg
2025-06-07 19:45:17,276 - INFO - Fotoðraf indirildi: C:\Users\islim\OneDrive\Masaüstü\istanbul_trafik_analizi\backend\data\photos\AXQCQNSQ7-a8RjoIU0RcAt4g_xNAY_UzujGKR_wsGr8w724HslPKFSLdCwl9e3hlqyAdcfMn1bnr7_EdFCFkCibspuVlkefiR5-l.jpg
2025-06-07 19:45:18,407 - INFO - Fotoðraf indirildi: C:\Users\islim\OneDrive\Masaüstü\istanbul_trafik_analizi\backend\data\photos\AXQCQNSAlUfVwnbGuhA5blzziV3JH2D0bi3VZ7x8f9qtV11M8ldoO2nT-RDmsFO5IA8h11Kzx6BXRs75VfyLl1V7xTMR-rCqM5bx.jpg
2025-06-07 19:45:19,904 - INFO - Fotoðraf indirildi: C:\Users\islim\OneDrive\Masaüstü\istanbul_trafik_analizi\backend\data\photos\AXQCQNTBSF-JGv7g80jU8fGxxkynQxmT9ghS2E44nUMe_dUfgKSgtaJsbdUyH74yNtJXPw3ic4JafYbqbPiwltMiq6hseJHa2VW0.jpg
2025-06-07 19:45:21,028 - INFO - Fotoðraf indirildi: C:\Users\islim\OneDrive\Masaüstü\istanbul_trafik_analizi\backend\data\photos\AXQCQNRgFnvgxc6erByvgkU1gS9fERYyuZj6WTjl4-M8zBbsVtUADiyY7_GEQdE-KPDQwghDPUTsiVCPQEj8eJ2Jxdmo3_r3WUtq.jpg
2025-06-07 19:45:22,345 - INFO - Fotoðraf indirildi: C:\Users\islim\OneDrive\Masaüstü\istanbul_trafik_analizi\backend\data\photos\AXQCQNTbnc8JIGnqr2tItoLiRg_IDIuPWEJ7f69ynqowVv0Fir3iLIbg6dehZveNL6kNiwKANAwwDb27Qut2QnhrT4MRwhrXN5uv.jpg
2025-06-07 19:45:23,896 - INFO - Fotoðraf indirildi: C:\Users\islim\OneDrive\Masaüstü\istanbul_trafik_analizi\backend\data\photos\AXQCQNQKWK0djZ565kue1PzgyoKoH_HLqhe-P8uPGiMZrYLrW1k3-W5puqKipOTBU4V-3NQgafCnqZnmciz1jW9s4HMCSrSkYJl0.jpg
2025-06-07 19:45:25,288 - INFO - Fotoðraf indirildi: C:\Users\islim\OneDrive\Masaüstü\istanbul_trafik_analizi\backend\data\photos\AXQCQNS4I9hNIuJIrZLnm_EVtQaXnYeitVe5ucc-QpZag_F9zZUJW6NiZgM2CcYEgPDYGJMErXZrVXYJBJXWclaZZxWBnhUki0dx.jpg
2025-06-07 19:45:25,291 - INFO - Mekan iþlendi: Sultanahmet Hotel Han
2025-06-07 19:45:27,455 - INFO - Detay çekilen mekan: Han Suite Hotel
2025-06-07 19:45:28,593 - INFO - Fotoðraf indirildi: C:\Users\islim\OneDrive\Masaüstü\istanbul_trafik_analizi\backend\data\photos\AXQCQNS3BEeMqB8WHa2Jc2f9XpOxJLJtFkGmP4_zb79fhXxtx_vJm56KNVxjkdSR6enGncx3dD1K9Fy-isW8ECnvpkgPwoh062uD.jpg
2025-06-07 19:45:29,642 - INFO - Fotoðraf indirildi: C:\Users\islim\OneDrive\Masaüstü\istanbul_trafik_analizi\backend\data\photos\AXQCQNT_s9YZMaV7EfVt6M0Kuftw_zUdWszNyIXxLvmXpebLj47f5tXQ_F0oAOqUm2Nhgj-8lLUoHX3Xb1vtZ5pgc0JwkCvOF2dT.jpg
2025-06-07 19:45:31,022 - INFO - Fotoðraf indirildi: C:\Users\islim\OneDrive\Masaüstü\istanbul_trafik_analizi\backend\data\photos\AXQCQNQwPVru7eH7wgEE5l17_b-Lmvk5cayzABdbqrW9xGsXhG13YJkqVEFxYBs3acQlTsoZR68KllIt3bZ7kaJcjg71X8-htnPc.jpg
2025-06-07 19:45:32,350 - INFO - Fotoðraf indirildi: C:\Users\islim\OneDrive\Masaüstü\istanbul_trafik_analizi\backend\data\photos\AXQCQNTY0U_R15H2A3p6KrfLl8yDRbeV02_95K0FpCUUlv7XqnIl_tNDC_BsfTmhntnluTmkpUyCrruOGLpNqzx75jBVRC3tDa7m.jpg
2025-06-07 19:45:33,698 - INFO - Fotoðraf indirildi: C:\Users\islim\OneDrive\Masaüstü\istanbul_trafik_analizi\backend\data\photos\AXQCQNQW0KvAJDODJZ6NUzQ2vsmh6lhr7DyLHlmhAEHPkPUYVS0-tBtKiAbN_ixaG3fR8CbkVOgQlLuTCK0KTZT4JzVwhKa7m2GU.jpg
2025-06-07 19:45:35,227 - INFO - Fotoðraf indirildi: C:\Users\islim\OneDrive\Masaüstü\istanbul_trafik_analizi\backend\data\photos\AXQCQNQv4AoOt9mMvsSWWcUq7rZfQEqQ0gQDXpdQlqS6yhBhCCRX73DBg1mVpV71T_XTEF5UvXbk-BhZUFxLoGZSwtvKyNf5jvHg.jpg
2025-06-07 19:45:36,443 - INFO - Fotoðraf indirildi: C:\Users\islim\OneDrive\Masaüstü\istanbul_trafik_analizi\backend\data\photos\AXQCQNQ2cy190babQUUMTHt2ieJF1ggJshnMHa_WfGfXfljP8jBSf-ue6ymSfmZslYz8yGnDN36kF-iJ4o6Fk4NQ3q8k3YtbB5ig.jpg
2025-06-07 19:45:37,490 - INFO - Fotoðraf indirildi: C:\Users\islim\OneDrive\Masaüstü\istanbul_trafik_analizi\backend\data\photos\AXQCQNQNahaT9SH_6-EC1eTx5Z04D8muPFBeq73MEH4vKPCUx7YGZmdAuWiLflvA6EbPHui8G54PxRfQsuSd1opkMSPlc4D4Kul2.jpg
2025-06-07 19:45:38,899 - INFO - Fotoðraf indirildi: C:\Users\islim\OneDrive\Masaüstü\istanbul_trafik_analizi\backend\data\photos\AXQCQNS2SiXfWgjtaG5iMgRbOpn0WDsmHu0Fuern1HYmmhfSj-CkXIljEgcAIjQVRtpbDAo6jTsgSBF8Y0akj-2UJFqOADzj2dFR.jpg
2025-06-07 19:45:40,459 - INFO - Fotoðraf indirildi: C:\Users\islim\OneDrive\Masaüstü\istanbul_trafik_analizi\backend\data\photos\AXQCQNRdx6EB8JQVh1QvUhuBilAokPKZBcfmc5KDOdeA3MVLVX1qAijoojVqNydnc6Dpsw4aEKAqAKurtF0qVH2hkHJ9-JvhPdBs.jpg
2025-06-07 19:45:40,461 - INFO - Mekan iþlendi: Han Suite Hotel
2025-06-07 19:45:42,622 - INFO - Detay çekilen mekan: The Print House Hotel
2025-06-07 19:45:43,742 - INFO - Fotoðraf indirildi: C:\Users\islim\OneDrive\Masaüstü\istanbul_trafik_analizi\backend\data\photos\AXQCQNQHtQ4kMubj1e5YiBBsAjLZKnf3XFoRuY9XisTjI9U4KWCmvn88CcR9bm8pW_O-M-b7CxhaZQV4nq_MoL2LtVo8v_avyHhm.jpg
2025-06-07 19:45:45,249 - INFO - Fotoðraf indirildi: C:\Users\islim\OneDrive\Masaüstü\istanbul_trafik_analizi\backend\data\photos\AXQCQNRmBN0mhbdr17KGao6My_Q3VAiWdJeLLwcXWEdwVpL-JTiauzNapjft74cR2us8K20KaawJfGchXjfQC1Yj5ZKxleKMWGIL.jpg
2025-06-07 19:45:46,793 - INFO - Fotoðraf indirildi: C:\Users\islim\OneDrive\Masaüstü\istanbul_trafik_analizi\backend\data\photos\AXQCQNT0pSbra4cPasZzxt3h8XSuHzakzXjBqgzz0kuPmNLmee-Zdnb8ldP9KhV-UXniIVCe3jXPW6xv5XGpdYyPwd-f8BRn64b8.jpg
2025-06-07 19:45:48,034 - INFO - Fotoðraf indirildi: C:\Users\islim\OneDrive\Masaüstü\istanbul_trafik_analizi\backend\data\photos\AXQCQNSG7aDIxVVLre2AB2Ux4Jikpf7_Gb1kRldnkLD15sToaijXBZbI5rCKAown_LcClXjJXV44ZYq0f4yQDwNONJ9_gaPOPhX4.jpg
2025-06-07 19:45:49,373 - INFO - Fotoðraf indirildi: C:\Users\islim\OneDrive\Masaüstü\istanbul_trafik_analizi\backend\data\photos\AXQCQNQ9A5fuC75vkpcOUJL-Xn9UlWjgaZJBd7iBxOh54SlJlfRq2VswlZ_SFlwADrmFrP4ELts5XXnrZTHVP4IW8Fr3klmatGvr.jpg
2025-06-07 19:45:50,775 - INFO - Fotoðraf indirildi: C:\Users\islim\OneDrive\Masaüstü\istanbul_trafik_analizi\backend\data\photos\AXQCQNS5YKa9fKm1JSjfOXALI5GZZ_Ort5bWP3TeYdEsxLpmdupJnZLtk12uAby4BMaIxMfd3Oex0cnUv-r70ObQpmeXRFV7h4pF.jpg
2025-06-07 19:45:52,207 - INFO - Fotoðraf indirildi: C:\Users\islim\OneDrive\Masaüstü\istanbul_trafik_analizi\backend\data\photos\AXQCQNTG_TIP4veSdjz3k9TB9iZXsw1pR0f1UqSg8P4R05vYhyeodCytKTeAMWjphGnkcLgt-inh3A9d472jP2lJxM_RhIo5P8_f.jpg
2025-06-07 19:45:53,696 - INFO - Fotoðraf indirildi: C:\Users\islim\OneDrive\Masaüstü\istanbul_trafik_analizi\backend\data\photos\AXQCQNQmXeE8EX0Xa75O8mihWUZTkGmrmjV4qFQD506dZ-sE9ZdWyZIz1iyiXa8BwJvEKfX8i9KZYyBI8n_5kw7wlIVmrxT-IIQu.jpg
2025-06-07 19:45:54,957 - INFO - Fotoðraf indirildi: C:\Users\islim\OneDrive\Masaüstü\istanbul_trafik_analizi\backend\data\photos\AXQCQNSO9PrpXjhzqwASexR1DgJQ_DoqENHuo8NalOCWdXunmL2i-Drpbd5QdA0RR_dW7N-ZHwAAou_XW2OIwoLlzjIzmAge3ut2.jpg
2025-06-07 19:45:56,333 - INFO - Fotoðraf indirildi: C:\Users\islim\OneDrive\Masaüstü\istanbul_trafik_analizi\backend\data\photos\AXQCQNREsfztVGLYFkqGVEWNlRdP8PmjwokYhW6gpCCGnxQB6Fbe6_EDN57dPqSszr_s_M8FlOCyIz7eyzujq2UmktVpqjZSkXsM.jpg
2025-06-07 19:45:56,337 - INFO - Mekan iþlendi: The Print House Hotel
2025-06-07 19:45:58,471 - INFO - Detay çekilen mekan: Valens Boutique Hotel
2025-06-07 19:46:00,269 - INFO - Fotoðraf indirildi: C:\Users\islim\OneDrive\Masaüstü\istanbul_trafik_analizi\backend\data\photos\AXQCQNQW1tvQ4N2jA_zUd1UlZoNqoOzTAUkufMo7DoLbAPA_XmKl0dJALHeX9fwSkgZpNj9HgrenQk_N9GBwZyIhTdjLfcVLBXxz.jpg
2025-06-07 19:46:01,786 - INFO - Fotoðraf indirildi: C:\Users\islim\OneDrive\Masaüstü\istanbul_trafik_analizi\backend\data\photos\AXQCQNRos4u78szVKO_vMusnBTLjEw8Ki0z9jeJXapqKbfXtUw6X2NurdZXZ4s4A1MfRcaNaRN499Zh27tOZ2eMvFY5q4elcFPR8.jpg
2025-06-07 19:46:03,342 - INFO - Fotoðraf indirildi: C:\Users\islim\OneDrive\Masaüstü\istanbul_trafik_analizi\backend\data\photos\AXQCQNRzDQc5aIz5dStJg9-10M_G-76QIEiUuYTKj_QaeGtMAUuuUDbkn9nVECutOZqE1XVFNiiNZu8687ZL1L9NEHCjGyMOZwzs.jpg
2025-06-07 19:46:05,501 - INFO - Fotoðraf indirildi: C:\Users\islim\OneDrive\Masaüstü\istanbul_trafik_analizi\backend\data\photos\AXQCQNRsqJWBN-eehpyAJ8v541zm5GVtclhj4ZZjk9VMn0Jy2r1qaOv5iQEdEYDDhI0z5GOHyBHc1EeMKpByz6W9ZR5nGn8hx3Ew.jpg
2025-06-07 19:46:07,498 - INFO - Fotoðraf indirildi: C:\Users\islim\OneDrive\Masaüstü\istanbul_trafik_analizi\backend\data\photos\AXQCQNRMTn1abK3eyuF3Wk_e6b4pmu6Ei9kJtubrElG87bP2m9qNgEObCY69Hqd_SjOb6fQtxFGqhiCn3f6QIM7C4U6NVDM5DUQQ.jpg
2025-06-07 19:46:09,239 - INFO - Fotoðraf indirildi: C:\Users\islim\OneDrive\Masaüstü\istanbul_trafik_analizi\backend\data\photos\AXQCQNTxWmf4Q3UJc1Q6RJ2q8K6Ku4tExZnEBHl5Ytu4IIAhuoNGfHvBEvzxfPC1FMG490Zs1P0_dUpjOpca2500qt4bacTF6wsk.jpg
2025-06-07 19:46:11,039 - INFO - Fotoðraf indirildi: C:\Users\islim\OneDrive\Masaüstü\istanbul_trafik_analizi\backend\data\photos\AXQCQNTfAR_eRdsyFbCDr1Ln9ri6og0tshq9D1u3ipzRcYpuPY9rivpEkjV8Ge7S63pgS_rgeVM0Ty7TAV5NyK40pblqLgtUkkjS.jpg
2025-06-07 19:46:12,520 - INFO - Fotoðraf indirildi: C:\Users\islim\OneDrive\Masaüstü\istanbul_trafik_analizi\backend\data\photos\AXQCQNQAMWbmyUsfjTlYalo1VBFLfvJmbuNwr0gk1eeeuijXELbbud_4CUr9fc4OqFSHyQz7l3diQYhk_Xz9kYDXnADcSmQhpFH4.jpg
2025-06-07 19:46:13,705 - INFO - Fotoðraf indirildi: C:\Users\islim\OneDrive\Masaüstü\istanbul_trafik_analizi\backend\data\photos\AXQCQNQWjOrDhVeTd7LL4oQ6PAeE5NQXo_l7y8uLNYyrRlOeiXRELsuZwPKPDwJDzWs0TvACl7kNMl8U2fhTBIiSL3Ha8u__OPWT.jpg
2025-06-07 19:46:15,135 - INFO - Fotoðraf indirildi: C:\Users\islim\OneDrive\Masaüstü\istanbul_trafik_analizi\backend\data\photos\AXQCQNS74bW5Njh8jUNPDs8_ql4IBz1975wTnb0dxi921i-y5qGMkPDqWF7l9hfAI7jJPzMn5vMsih7LlWXkQOCbEwCXLTMnfOVl.jpg
2025-06-07 19:46:15,139 - INFO - Mekan iþlendi: Valens Boutique Hotel
2025-06-07 19:46:17,289 - INFO - Detay çekilen mekan: Blue Ottoman Hotel
2025-06-07 19:46:18,621 - INFO - Fotoðraf indirildi: C:\Users\islim\OneDrive\Masaüstü\istanbul_trafik_analizi\backend\data\photos\AXQCQNTSGjXbGFVBoO-fuoWL62TUDwymfgvKjrqvKputH7i67Gfd5vpec824Z82ZBi15NioBsDi68M9J4b_d_WZKRkpZsD4sIJpo.jpg
2025-06-07 19:46:19,896 - INFO - Fotoðraf indirildi: C:\Users\islim\OneDrive\Masaüstü\istanbul_trafik_analizi\backend\data\photos\AXQCQNR8VPM61vjWape1fmk__Pxoq4TaiJ5FSzR2KKZXBDIN0hg7qylkTrUzQQ92kbM124afcIHL_Qu_DDGQlH2kNoESyAMnopBH.jpg
2025-06-07 19:46:20,957 - INFO - Fotoðraf indirildi: C:\Users\islim\OneDrive\Masaüstü\istanbul_trafik_analizi\backend\data\photos\AXQCQNSMtwGeuK2Q7kB8LXtmbLNd4p26H75Xe0jHiybSKTosx9SyL9wPA7u8jVRs0AN358P63ipsrGZGQe8QtUugxpyqPf5n_wkV.jpg
2025-06-07 19:46:22,224 - INFO - Fotoðraf indirildi: C:\Users\islim\OneDrive\Masaüstü\istanbul_trafik_analizi\backend\data\photos\AXQCQNQ38T5L6QHzEX7JOU_JZl-vLs8sKpBQzezlxqmjEwpByk6zGTI78vtMYWNSZWMng1UMtxaDFSWZdtG13l1tOjGzGhwnqcOo.jpg
2025-06-07 19:46:23,438 - INFO - Fotoðraf indirildi: C:\Users\islim\OneDrive\Masaüstü\istanbul_trafik_analizi\backend\data\photos\AXQCQNTg8ctTJakgZ2xiJKK5tnTUfHAUJYM37ckEgCgLiCAQXQNT7IKJJ4tERShay2L8NFbl4c1UM1SiNKTA1BpA-PszaPL4de-E.jpg
2025-06-07 19:46:24,799 - INFO - Fotoðraf indirildi: C:\Users\islim\OneDrive\Masaüstü\istanbul_trafik_analizi\backend\data\photos\AXQCQNRFSrpRCqIqSNqZcyKMiqKQnwvFaIz1tahwRnjBXsnlrXQhmnUtScBrrGpTdfnpYN09mnAkk0TfCEQ6RMb41BZgQZLY8puM.jpg
2025-06-07 19:46:26,204 - INFO - Fotoðraf indirildi: C:\Users\islim\OneDrive\Masaüstü\istanbul_trafik_analizi\backend\data\photos\AXQCQNQvfopL2AtYEQtzpqgqCiHm0LRZpFsJAEi8za4liS2tGVqRqnN-Ey-Afqfpg1BksZ7n5H6f0ibcCairAXNtgaAN99Y62rna.jpg
2025-06-07 19:46:27,459 - INFO - Fotoðraf indirildi: C:\Users\islim\OneDrive\Masaüstü\istanbul_trafik_analizi\backend\data\photos\AXQCQNSs2dq45OB1wCGwKk_eg-4XYlZgDlzhKMKnmN4PoP08S0_UFFuqcL2b1Jlwf7I0e-YNXilvn9RjnqZWaJnBc-VXLzJaqDOZ.jpg
2025-06-07 19:46:28,869 - INFO - Fotoðraf indirildi: C:\Users\islim\OneDrive\Masaüstü\istanbul_trafik_analizi\backend\data\photos\AXQCQNR6lWpvBAiqRp6HADZqwc8MljVsZ54_mqL7qvrxvCewiEbtxJ4E65tHpF-gsq3B1SC2EkKQYospQ2G7_w_pPPC1cdluhfQy.jpg
2025-06-07 19:46:30,359 - INFO - Fotoðraf indirildi: C:\Users\islim\OneDrive\Masaüstü\istanbul_trafik_analizi\backend\data\photos\AXQCQNQS-rwA6CO9D4g9NUrW_JfhEdwOgfzvOPLbDdEYKs6lgpaHz8SxY6t3txghXCMxICUUEuIPpe2b0mBJNkzkMfQO0Vp4k9r-.jpg
2025-06-07 19:46:30,365 - INFO - Mekan iþlendi: Blue Ottoman Hotel
2025-06-07 19:46:32,511 - INFO - Detay çekilen mekan: RÝVERSÝDE HOTEL
2025-06-07 19:46:34,046 - INFO - Fotoðraf indirildi: C:\Users\islim\OneDrive\Masaüstü\istanbul_trafik_analizi\backend\data\photos\AXQCQNTaNJ4NIk_dUuMnjDBkYSETz0DY7H3fajKKhCAs60obKGD9ed4oEBQmVLpHMMcFx1Rly55R-fzF7ZXNhcaMn01lqx1e8bJD.jpg
2025-06-07 19:46:35,137 - INFO - Fotoðraf indirildi: C:\Users\islim\OneDrive\Masaüstü\istanbul_trafik_analizi\backend\data\photos\AXQCQNRDG2fe1VpSDHmNXjELNZf5r0jq42GiT5IYtEhmcn_vT5Mm3pIvLNueSeFo-bE-7P4hXmg4ngz3dbSj35qa2sZxM1iA4N9-.jpg
2025-06-07 19:46:36,479 - INFO - Fotoðraf indirildi: C:\Users\islim\OneDrive\Masaüstü\istanbul_trafik_analizi\backend\data\photos\AXQCQNRKQYcl9bHxJnNtEuzWj1mXgz0wW0LWlDRhbvmSKn1GxfNmEpFLZOlQ1CIWYL6yWsCEeFzTe3qCdxrOlZEtbicAxpm8EZoS.jpg
2025-06-07 19:46:37,635 - INFO - Fotoðraf indirildi: C:\Users\islim\OneDrive\Masaüstü\istanbul_trafik_analizi\backend\data\photos\AXQCQNQi2ezYM-UfuOahQQKFQ9cqakCyvepbQZyxr1cv-e-uTasjgQPXmqbu2EIgcQZtKSG9kcoFyc4jRxNF_pvf4NfnZb6qggG8.jpg
2025-06-07 19:46:39,058 - INFO - Fotoðraf indirildi: C:\Users\islim\OneDrive\Masaüstü\istanbul_trafik_analizi\backend\data\photos\AXQCQNQ5yl1DSpgE7ePFlO67rai8NgJj2GRqv35KmYfLqQ_ZheyUnih940gQSM7eLl4_LpSocQ4diwt5JyJ-z5Ai-TrNt0BNnqyW.jpg
2025-06-07 19:46:40,460 - INFO - Fotoðraf indirildi: C:\Users\islim\OneDrive\Masaüstü\istanbul_trafik_analizi\backend\data\photos\AXQCQNRV6FJGPdLvnUmdfuK2H93cn-LKOlLZOR4VlamvA1GazRCsgKT-65FnJW9BzICOLcXw-KznI4qV3gM6hg8g_ltEhTbuRB-8.jpg
2025-06-07 19:46:41,703 - INFO - Fotoðraf indirildi: C:\Users\islim\OneDrive\Masaüstü\istanbul_trafik_analizi\backend\data\photos\AXQCQNRT_amOWq2oyX2JydfvuMxbPSNMX0IXvB7r-b5nkYaQwRFlsnuOxOCIMs-Q0iV0GqzUz0ryh52Ra2tOd4KPEB-2uEK-lXTz.jpg
2025-06-07 19:46:43,106 - INFO - Fotoðraf indirildi: C:\Users\islim\OneDrive\Masaüstü\istanbul_trafik_analizi\backend\data\photos\AXQCQNSdQezC8th-r1wbbrh0R5rzrqq8rdsW4O3rdxW1gySAjTiOB-8yOPPsnK1C0k8--4b8S45T4TeZ4TnNawFnVOQbKU0FS4nf.jpg
2025-06-07 19:46:44,421 - INFO - Fotoðraf indirildi: C:\Users\islim\OneDrive\Masaüstü\istanbul_trafik_analizi\backend\data\photos\AXQCQNSpeugxoWWakDRk3O7Q6dNUVA2J7Q_P5a_Mef1NwBuCI0KFFjFWMex2Vgos7KsZ6UgqmQhX5HktUc-THMIy7MXYijdvMMSe.jpg
2025-06-07 19:46:45,993 - INFO - Fotoðraf indirildi: C:\Users\islim\OneDrive\Masaüstü\istanbul_trafik_analizi\backend\data\photos\AXQCQNQyLMEbUxiDIQ8MPeJ02gNKeoYjsTc2EmTfo1f7Ek1N36uir_vhl4G44LDXih2vvmOSKi2gtz7KvV6sUmpkd7Z99aTV2Oye.jpg
2025-06-07 19:46:45,995 - INFO - Mekan iþlendi: RÝVERSÝDE HOTEL
2025-06-07 19:46:48,133 - INFO - Detay çekilen mekan: Sareban Hotel Istanbul
2025-06-07 19:46:49,221 - INFO - Fotoðraf indirildi: C:\Users\islim\OneDrive\Masaüstü\istanbul_trafik_analizi\backend\data\photos\AXQCQNQ7svjW_84QX24sHBypMUk8NrtSwDBhqNVkRc9rLNHwDq_JhbT3rFrpO4ENA5BASvS6Zb-56EGA3c7FbU3RxG5_QW-F8GOv.jpg
2025-06-07 19:46:50,431 - INFO - Fotoðraf indirildi: C:\Users\islim\OneDrive\Masaüstü\istanbul_trafik_analizi\backend\data\photos\AXQCQNRHyMgI-hKzG6wpPYCJ7sHfxmEspkFyCpAPLsimPE45u245O-XYHJ4EceU2z0T8Xoseq0J4F4F9ICbMed0wqixQ0yyWLl7S.jpg
2025-06-07 19:46:51,999 - INFO - Fotoðraf indirildi: C:\Users\islim\OneDrive\Masaüstü\istanbul_trafik_analizi\backend\data\photos\AXQCQNT11esxfupv0hHXAgq4IXrc6VS1LzeH5tbLULQlD0ewshYlTYa0DYYdeBrqZxWz3G6R51yaIDmoOoYaBhCVhW5WmdANxrix.jpg
2025-06-07 19:46:53,289 - INFO - Fotoðraf indirildi: C:\Users\islim\OneDrive\Masaüstü\istanbul_trafik_analizi\backend\data\photos\AXQCQNSVNBwqTMvoDhzgNj-p2tFSviHSRc-ZFRWPYNiEslNhBnw_3o9lOo2Anla2apqPWwvid43kgeMkbki0zjMAojEQkgy2ojBn.jpg
2025-06-07 19:46:54,851 - INFO - Fotoðraf indirildi: C:\Users\islim\OneDrive\Masaüstü\istanbul_trafik_analizi\backend\data\photos\AXQCQNTdzUpqigMbk-n0fRpQqbUfGMKYREqvbDOgz1TEZ0wajvXi8tcbqkJXHBGEoKc3huDWXk4yuBOj0jIAbTfIZjjVSs9-FpPV.jpg
2025-06-07 19:46:56,244 - INFO - Fotoðraf indirildi: C:\Users\islim\OneDrive\Masaüstü\istanbul_trafik_analizi\backend\data\photos\AXQCQNRGCM_zl4Sl_qsAG0o1YIckDSDMuVKiBp46sjzB3aAIU4IpVp6ulnktfplF2KpvcRYqEzDOmYru9QKFlbAfheVB_DYNaDmZ.jpg
2025-06-07 19:46:57,301 - INFO - Fotoðraf indirildi: C:\Users\islim\OneDrive\Masaüstü\istanbul_trafik_analizi\backend\data\photos\AXQCQNRNKmQCYIv6_mVtgk9_cQi314-vnTIKwv_8huraB9izn_KyLKFHPCERqzTH-BCmJm7mnFs00kTGsptAr_sbLSDaB7N-G5Vw.jpg
2025-06-07 19:46:58,878 - INFO - Fotoðraf indirildi: C:\Users\islim\OneDrive\Masaüstü\istanbul_trafik_analizi\backend\data\photos\AXQCQNTSMoTs84n9FfXrOWw4EDW99HG2tbfL3e49YBomPH82JwSHWXQ7_DtqgoyU5YttJUVofK2k8Zepo7kDjSsxW7Lw1vTVj2Me.jpg
2025-06-07 19:47:00,240 - INFO - Fotoðraf indirildi: C:\Users\islim\OneDrive\Masaüstü\istanbul_trafik_analizi\backend\data\photos\AXQCQNSotjYNcNoWbBsW2rCG4o-mQMR6_tvVIas_bIGf_EbPmbDHL5lQHcggzHhK9APAlzP_kUiTqq-tw3ja-1stv7EAHTHObtCm.jpg
2025-06-07 19:47:01,609 - INFO - Fotoðraf indirildi: C:\Users\islim\OneDrive\Masaüstü\istanbul_trafik_analizi\backend\data\photos\AXQCQNRp80G7C8S3r7e2TkbH_ckUYa8Q6oECdRl98OYzDwVTQJKiP_X5dZr9BICFW2phQr9pp1eXUf6oYD84cvZClgwR9z1DLVQH.jpg
2025-06-07 19:47:01,614 - INFO - Mekan iþlendi: Sareban Hotel Istanbul
2025-06-07 19:47:03,615 - INFO - Veriler birleþtiriliyor ve kaydediliyor...
2025-06-07 19:47:03,655 - INFO - Ýþlem tamamlandý!
